-- phpMyAdmin SQL Dump
-- version 5.2.1
-- https://www.phpmyadmin.net/
--
-- Host: localhost
-- Generation Time: Sep 30, 2025 at 03:08 PM
-- Server version: 10.4.32-MariaDB
-- PHP Version: 8.2.12

SET SQL_MODE = "NO_AUTO_VALUE_ON_ZERO";
START TRANSACTION;
SET time_zone = "+00:00";


/*!40101 SET @OLD_CHARACTER_SET_CLIENT=@@CHARACTER_SET_CLIENT */;
/*!40101 SET @OLD_CHARACTER_SET_RESULTS=@@CHARACTER_SET_RESULTS */;
/*!40101 SET @OLD_COLLATION_CONNECTION=@@COLLATION_CONNECTION */;
/*!40101 SET NAMES utf8mb4 */;

--
-- Database: `studentdb`
--

-- --------------------------------------------------------

--
-- Table structure for table `attendances`
--

CREATE TABLE `attendances` (
  `id` bigint(20) UNSIGNED NOT NULL,
  `student_id` bigint(20) UNSIGNED NOT NULL,
  `class_id` bigint(20) UNSIGNED NOT NULL,
  `attendance_date` date NOT NULL,
  `status` varchar(255) NOT NULL DEFAULT 'Present',
  `remarks` varchar(255) DEFAULT NULL,
  `created_at` timestamp NULL DEFAULT NULL,
  `updated_at` timestamp NULL DEFAULT NULL
) ENGINE=InnoDB DEFAULT CHARSET=utf8mb4 COLLATE=utf8mb4_unicode_ci;

--
-- Dumping data for table `attendances`
--

INSERT INTO `attendances` (`id`, `student_id`, `class_id`, `attendance_date`, `status`, `remarks`, `created_at`, `updated_at`) VALUES
(1, 283, 1, '2025-09-17', 'Present', 'N/A', '2025-09-16 22:46:34', '2025-09-16 22:46:34'),
(2, 210, 1, '2025-09-17', 'Present', 'N/A', '2025-09-16 22:46:36', '2025-09-16 22:46:36'),
(3, 203, 1, '2025-09-17', 'Absent', 'N/A', '2025-09-16 22:46:38', '2025-09-16 22:46:38'),
(4, 190, 1, '2025-09-17', 'Present', 'N/A', '2025-09-16 22:46:40', '2025-09-16 22:46:40'),
(5, 1, 1, '2025-09-17', 'Present', 'N/A', '2025-09-16 22:49:09', '2025-09-16 22:49:09'),
(6, 5, 1, '2025-09-17', 'Present', 'N/A', '2025-09-16 22:49:11', '2025-09-16 22:49:11'),
(7, 11, 1, '2025-09-17', 'Present', 'N/A', '2025-09-16 22:49:12', '2025-09-16 22:49:12'),
(8, 14, 1, '2025-09-17', 'Present', 'N/A', '2025-09-16 22:49:14', '2025-09-16 22:49:14'),
(9, 19, 1, '2025-09-17', 'Present', 'N/A', '2025-09-16 22:49:16', '2025-09-16 22:49:16'),
(10, 20, 1, '2025-09-17', 'Present', 'N/A', '2025-09-16 22:49:17', '2025-09-16 22:49:17'),
(11, 48, 1, '2025-09-17', 'Present', 'N/A', '2025-09-16 22:49:19', '2025-09-16 22:49:19'),
(12, 80, 1, '2025-09-17', 'Absent', 'N/A', '2025-09-16 22:49:23', '2025-09-16 22:49:23'),
(13, 93, 1, '2025-09-17', 'Absent', 'N/A', '2025-09-16 22:49:25', '2025-09-16 22:49:25'),
(14, 104, 1, '2025-09-17', 'Present', 'N/A', '2025-09-16 22:49:27', '2025-09-16 22:49:27'),
(15, 121, 1, '2025-09-17', 'Present', 'N/A', '2025-09-16 22:49:29', '2025-09-16 22:49:29'),
(16, 147, 1, '2025-09-17', 'Present', 'N/A', '2025-09-16 22:49:30', '2025-09-16 22:49:30'),
(17, 155, 1, '2025-09-17', 'Present', 'N/A', '2025-09-16 22:49:31', '2025-09-16 22:49:31'),
(18, 169, 1, '2025-09-17', 'Absent', 'N/A', '2025-09-16 22:49:32', '2025-09-16 22:49:32'),
(19, 180, 1, '2025-09-17', 'Present', 'N/A', '2025-09-16 22:49:33', '2025-09-16 22:49:33'),
(20, 198, 1, '2025-09-17', 'Present', 'N/A', '2025-09-16 22:49:34', '2025-09-16 22:49:34'),
(21, 267, 1, '2025-09-17', 'Absent', 'N/A', '2025-09-16 22:49:36', '2025-09-16 22:49:36'),
(22, 8, 11, '2025-09-17', 'Present', 'N/A', '2025-09-17 05:20:49', '2025-09-17 05:20:49'),
(23, 23, 11, '2025-09-17', 'Absent', 'N/A', '2025-09-17 05:20:53', '2025-09-17 05:20:53'),
(24, 31, 11, '2025-09-17', 'Present', 'N/A', '2025-09-17 05:20:54', '2025-09-17 05:20:54'),
(25, 28, 11, '2025-09-17', 'Present', 'N/A', '2025-09-17 05:20:55', '2025-09-17 05:20:55'),
(26, 73, 11, '2025-09-17', 'Present', 'N/A', '2025-09-17 05:20:56', '2025-09-17 05:20:56'),
(27, 81, 11, '2025-09-17', 'Present', 'N/A', '2025-09-17 05:20:57', '2025-09-17 05:20:57'),
(28, 84, 11, '2025-09-17', 'Present', 'N/A', '2025-09-17 05:20:58', '2025-09-17 05:20:58'),
(29, 139, 11, '2025-09-17', 'Absent', 'N/A', '2025-09-17 05:20:59', '2025-09-17 05:20:59'),
(30, 154, 11, '2025-09-17', 'Present', 'N/A', '2025-09-17 05:21:02', '2025-09-17 05:21:02'),
(31, 153, 11, '2025-09-17', 'Present', 'N/A', '2025-09-17 05:21:03', '2025-09-17 05:21:03'),
(32, 174, 11, '2025-09-17', 'Present', 'N/A', '2025-09-17 05:21:05', '2025-09-17 05:21:05'),
(33, 257, 11, '2025-09-17', 'Absent', 'N/A', '2025-09-17 05:21:06', '2025-09-17 05:21:06'),
(34, 262, 11, '2025-09-17', 'Present', 'N/A', '2025-09-17 05:21:07', '2025-09-17 05:21:07'),
(35, 273, 11, '2025-09-17', 'Absent', 'N/A', '2025-09-17 05:21:08', '2025-09-17 05:21:08'),
(36, 285, 11, '2025-09-17', 'Absent', 'N/A', '2025-09-17 05:21:09', '2025-09-17 05:21:09'),
(37, 287, 11, '2025-09-17', 'Present', 'N/A', '2025-09-17 05:21:10', '2025-09-17 05:21:10'),
(38, 293, 11, '2025-09-17', 'Present', 'N/A', '2025-09-17 05:21:12', '2025-09-17 05:21:12'),
(39, 298, 10, '2025-09-17', 'Present', 'N/A', '2025-09-17 05:21:55', '2025-09-17 05:21:55'),
(40, 10, 10, '2025-09-17', 'Present', 'N/A', '2025-09-17 05:22:03', '2025-09-17 05:22:03'),
(41, 12, 10, '2025-09-17', 'Present', 'N/A', '2025-09-17 05:22:15', '2025-09-17 05:22:15'),
(42, 17, 10, '2025-09-17', 'Present', 'N/A', '2025-09-17 05:22:19', '2025-09-17 05:22:19'),
(43, 42, 10, '2025-09-17', 'Present', 'N/A', '2025-09-17 05:22:23', '2025-09-17 05:22:23'),
(44, 49, 10, '2025-09-17', 'Absent', 'N/A', '2025-09-17 05:22:32', '2025-09-17 05:22:32'),
(45, 5, 1, '2025-09-19', 'Present', 'N/A', '2025-09-18 23:56:30', '2025-09-18 23:56:30'),
(46, 11, 1, '2025-09-19', 'Present', 'N/A', '2025-09-18 23:56:32', '2025-09-18 23:56:32'),
(47, 14, 1, '2025-09-19', 'Present', 'N/A', '2025-09-18 23:56:32', '2025-09-18 23:56:32'),
(48, 19, 1, '2025-09-19', 'Present', 'N/A', '2025-09-18 23:56:33', '2025-09-18 23:56:33'),
(49, 20, 1, '2025-09-19', 'Present', 'N/A', '2025-09-18 23:56:34', '2025-09-18 23:56:34'),
(50, 48, 1, '2025-09-19', 'Present', 'N/A', '2025-09-18 23:56:35', '2025-09-18 23:56:35'),
(51, 80, 1, '2025-09-19', 'Present', 'N/A', '2025-09-18 23:56:37', '2025-09-18 23:56:37'),
(52, 93, 1, '2025-09-19', 'Present', 'N/A', '2025-09-18 23:56:37', '2025-09-18 23:56:37'),
(53, 104, 1, '2025-09-19', 'Present', 'N/A', '2025-09-18 23:56:39', '2025-09-18 23:56:39'),
(54, 121, 1, '2025-09-19', 'Present', 'N/A', '2025-09-18 23:56:39', '2025-09-18 23:56:39'),
(55, 147, 1, '2025-09-19', 'Absent', 'N/A', '2025-09-18 23:56:40', '2025-09-18 23:56:40'),
(56, 155, 1, '2025-09-19', 'Absent', 'N/A', '2025-09-18 23:56:41', '2025-09-18 23:56:41'),
(57, 169, 1, '2025-09-19', 'Present', 'N/A', '2025-09-18 23:56:42', '2025-09-18 23:56:42'),
(58, 180, 1, '2025-09-19', 'Absent', 'N/A', '2025-09-18 23:56:43', '2025-09-18 23:56:43'),
(59, 190, 1, '2025-09-19', 'Present', 'N/A', '2025-09-18 23:56:45', '2025-09-18 23:56:45'),
(60, 198, 1, '2025-09-19', 'Absent', 'N/A', '2025-09-18 23:56:45', '2025-09-18 23:56:45'),
(61, 203, 1, '2025-09-19', 'Present', 'N/A', '2025-09-18 23:56:46', '2025-09-18 23:56:46'),
(62, 210, 1, '2025-09-19', 'Present', 'N/A', '2025-09-18 23:56:48', '2025-09-18 23:56:48'),
(63, 267, 1, '2025-09-19', 'Present', 'N/A', '2025-09-18 23:56:49', '2025-09-18 23:56:49'),
(64, 283, 1, '2025-09-19', 'Absent', 'N/A', '2025-09-18 23:56:50', '2025-09-18 23:56:50'),
(65, 1, 2, '2025-09-19', 'Present', 'N/A', '2025-09-18 23:59:12', '2025-09-18 23:59:12'),
(66, 6, 2, '2025-09-19', 'Present', 'N/A', '2025-09-18 23:59:13', '2025-09-18 23:59:13'),
(67, 38, 2, '2025-09-19', 'Present', 'N/A', '2025-09-18 23:59:14', '2025-09-18 23:59:14'),
(68, 63, 2, '2025-09-19', 'Absent', 'N/A', '2025-09-18 23:59:15', '2025-09-18 23:59:15'),
(69, 69, 2, '2025-09-19', 'Present', 'N/A', '2025-09-18 23:59:16', '2025-09-18 23:59:16'),
(70, 72, 2, '2025-09-19', 'Absent', 'N/A', '2025-09-18 23:59:17', '2025-09-18 23:59:17'),
(71, 76, 2, '2025-09-19', 'Present', 'N/A', '2025-09-18 23:59:18', '2025-09-18 23:59:18'),
(72, 99, 2, '2025-09-19', 'Absent', 'N/A', '2025-09-18 23:59:19', '2025-09-18 23:59:19'),
(73, 100, 2, '2025-09-19', 'Absent', 'N/A', '2025-09-18 23:59:21', '2025-09-18 23:59:21'),
(74, 113, 2, '2025-09-19', 'Present', 'N/A', '2025-09-18 23:59:22', '2025-09-18 23:59:22'),
(75, 131, 2, '2025-09-19', 'Present', 'N/A', '2025-09-18 23:59:23', '2025-09-18 23:59:23'),
(76, 161, 2, '2025-09-19', 'Absent', 'N/A', '2025-09-18 23:59:24', '2025-09-18 23:59:24'),
(77, 222, 2, '2025-09-19', 'Present', 'N/A', '2025-09-18 23:59:25', '2025-09-18 23:59:25'),
(78, 224, 2, '2025-09-19', 'Present', 'N/A', '2025-09-18 23:59:26', '2025-09-18 23:59:26'),
(79, 227, 2, '2025-09-19', 'Present', 'N/A', '2025-09-18 23:59:27', '2025-09-18 23:59:27'),
(80, 254, 2, '2025-09-19', 'Absent', 'N/A', '2025-09-18 23:59:28', '2025-09-18 23:59:28'),
(81, 271, 2, '2025-09-19', 'Present', 'N/A', '2025-09-18 23:59:29', '2025-09-18 23:59:29'),
(82, 276, 2, '2025-09-19', 'Present', 'N/A', '2025-09-18 23:59:31', '2025-09-18 23:59:31'),
(83, 282, 2, '2025-09-19', 'Absent', 'N/A', '2025-09-18 23:59:32', '2025-09-18 23:59:32'),
(84, 292, 2, '2025-09-19', 'Present', 'N/A', '2025-09-18 23:59:33', '2025-09-18 23:59:33'),
(85, 33, 13, '2025-09-19', 'Present', 'N/A', '2025-09-19 10:48:49', '2025-09-19 10:48:49'),
(86, 45, 13, '2025-09-19', 'Present', 'N/A', '2025-09-19 10:48:50', '2025-09-19 10:48:50'),
(87, 55, 13, '2025-09-19', 'Present', 'N/A', '2025-09-19 10:48:52', '2025-09-19 10:48:52'),
(88, 5, 1, '2025-09-21', 'Present', 'N/A', '2025-09-21 11:09:46', '2025-09-21 11:09:46'),
(89, 11, 1, '2025-09-21', 'Present', 'N/A', '2025-09-21 11:09:48', '2025-09-21 11:09:48'),
(90, 19, 1, '2025-09-21', 'Present', 'N/A', '2025-09-21 11:09:49', '2025-09-21 11:09:49'),
(91, 48, 1, '2025-09-21', 'Present', 'N/A', '2025-09-21 11:09:50', '2025-09-21 11:09:50'),
(92, 93, 1, '2025-09-21', 'Present', 'N/A', '2025-09-21 11:09:50', '2025-09-21 11:09:50'),
(93, 121, 1, '2025-09-21', 'Present', 'N/A', '2025-09-21 11:09:51', '2025-09-21 11:09:51'),
(94, 6, 1, '2025-09-21', 'Absent', 'N/A', '2025-09-21 11:09:54', '2025-09-21 11:09:54'),
(95, 14, 1, '2025-09-21', 'Absent', 'N/A', '2025-09-21 11:09:57', '2025-09-21 11:09:57'),
(96, 20, 1, '2025-09-21', 'Present', 'N/A', '2025-09-21 11:09:58', '2025-09-21 11:09:58'),
(97, 80, 1, '2025-09-21', 'Absent', 'N/A', '2025-09-21 11:09:59', '2025-09-21 11:09:59'),
(98, 104, 1, '2025-09-21', 'Absent', 'N/A', '2025-09-21 11:10:00', '2025-09-21 11:10:00'),
(99, 147, 1, '2025-09-21', 'Present', 'N/A', '2025-09-21 11:10:01', '2025-09-21 11:10:01'),
(100, 155, 1, '2025-09-21', 'Present', 'N/A', '2025-09-21 11:10:02', '2025-09-21 11:10:02'),
(101, 169, 1, '2025-09-21', 'Present', 'N/A', '2025-09-21 11:10:03', '2025-09-21 11:10:03'),
(102, 180, 1, '2025-09-21', 'Present', 'N/A', '2025-09-21 11:10:04', '2025-09-21 11:10:04'),
(103, 190, 1, '2025-09-21', 'Present', 'N/A', '2025-09-21 11:10:04', '2025-09-21 11:10:04'),
(104, 198, 1, '2025-09-21', 'Present', 'N/A', '2025-09-21 11:10:06', '2025-09-21 11:10:06'),
(105, 203, 1, '2025-09-21', 'Absent', 'N/A', '2025-09-21 11:10:07', '2025-09-21 11:10:07'),
(106, 210, 1, '2025-09-21', 'Absent', 'N/A', '2025-09-21 11:10:08', '2025-09-21 11:10:08'),
(107, 267, 1, '2025-09-21', 'Present', 'N/A', '2025-09-21 11:10:09', '2025-09-21 11:10:09'),
(108, 283, 1, '2025-09-21', 'Present', 'N/A', '2025-09-21 11:10:10', '2025-09-21 11:10:10'),
(109, 5, 1, '2025-09-22', 'Present', 'N/A', '2025-09-22 06:07:49', '2025-09-22 06:07:49'),
(110, 6, 1, '2025-09-22', 'Present', 'N/A', '2025-09-22 06:07:50', '2025-09-22 06:07:50'),
(111, 11, 1, '2025-09-22', 'Present', 'N/A', '2025-09-22 06:07:51', '2025-09-22 06:07:51'),
(112, 14, 1, '2025-09-22', 'Present', 'N/A', '2025-09-22 06:07:51', '2025-09-22 06:07:51'),
(113, 19, 1, '2025-09-22', 'Present', 'N/A', '2025-09-22 06:07:52', '2025-09-22 06:07:52'),
(114, 20, 1, '2025-09-22', 'Present', 'N/A', '2025-09-22 06:07:53', '2025-09-22 06:07:53'),
(115, 48, 1, '2025-09-22', 'Absent', 'N/A', '2025-09-22 06:07:54', '2025-09-22 06:07:54'),
(116, 80, 1, '2025-09-22', 'Present', 'N/A', '2025-09-22 06:07:55', '2025-09-22 06:07:55'),
(117, 93, 1, '2025-09-22', 'Absent', 'N/A', '2025-09-22 06:07:56', '2025-09-22 06:07:56'),
(118, 104, 1, '2025-09-22', 'Present', 'N/A', '2025-09-22 06:07:57', '2025-09-22 06:07:57'),
(119, 121, 1, '2025-09-22', 'Present', 'N/A', '2025-09-22 06:07:57', '2025-09-22 06:07:57'),
(120, 147, 1, '2025-09-22', 'Present', 'N/A', '2025-09-22 06:07:58', '2025-09-22 06:07:58'),
(121, 155, 1, '2025-09-22', 'Absent', 'N/A', '2025-09-22 06:07:59', '2025-09-22 06:07:59'),
(122, 169, 1, '2025-09-22', 'Present', 'N/A', '2025-09-22 06:08:00', '2025-09-22 06:08:00'),
(123, 180, 1, '2025-09-22', 'Absent', 'N/A', '2025-09-22 06:08:01', '2025-09-22 06:08:01'),
(124, 190, 1, '2025-09-22', 'Present', 'N/A', '2025-09-22 06:08:02', '2025-09-22 06:08:02'),
(125, 198, 1, '2025-09-22', 'Present', 'N/A', '2025-09-22 06:08:03', '2025-09-22 06:08:03'),
(126, 203, 1, '2025-09-22', 'Absent', 'N/A', '2025-09-22 06:08:04', '2025-09-22 06:08:04'),
(127, 210, 1, '2025-09-22', 'Present', 'N/A', '2025-09-22 06:08:04', '2025-09-22 06:08:04'),
(128, 267, 1, '2025-09-22', 'Present', 'N/A', '2025-09-22 06:08:05', '2025-09-22 06:08:05'),
(129, 283, 1, '2025-09-22', 'Absent', 'N/A', '2025-09-22 06:08:06', '2025-09-22 06:08:06'),
(130, 1, 2, '2025-09-22', 'Present', 'N/A', '2025-09-22 06:09:25', '2025-09-22 06:09:25'),
(131, 63, 2, '2025-09-22', 'Present', 'N/A', '2025-09-22 06:09:26', '2025-09-22 06:09:26'),
(132, 38, 2, '2025-09-22', 'Present', 'N/A', '2025-09-22 06:09:27', '2025-09-22 06:09:27'),
(133, 69, 2, '2025-09-22', 'Absent', 'N/A', '2025-09-22 06:09:29', '2025-09-22 06:09:29'),
(134, 72, 2, '2025-09-22', 'Present', 'N/A', '2025-09-22 06:09:30', '2025-09-22 06:09:30'),
(135, 76, 2, '2025-09-22', 'Present', 'N/A', '2025-09-22 06:09:30', '2025-09-22 06:09:30'),
(136, 99, 2, '2025-09-22', 'Present', 'N/A', '2025-09-22 06:09:31', '2025-09-22 06:09:31'),
(137, 100, 2, '2025-09-22', 'Present', 'N/A', '2025-09-22 06:09:32', '2025-09-22 06:09:32'),
(138, 113, 2, '2025-09-22', 'Absent', 'N/A', '2025-09-22 06:09:33', '2025-09-22 06:09:33'),
(139, 131, 2, '2025-09-22', 'Present', 'N/A', '2025-09-22 06:09:34', '2025-09-22 06:09:34'),
(140, 161, 2, '2025-09-22', 'Present', 'N/A', '2025-09-22 06:09:35', '2025-09-22 06:09:35'),
(141, 222, 2, '2025-09-22', 'Absent', 'N/A', '2025-09-22 06:09:36', '2025-09-22 06:09:36'),
(142, 224, 2, '2025-09-22', 'Present', 'N/A', '2025-09-22 06:09:36', '2025-09-22 06:09:36'),
(143, 227, 2, '2025-09-22', 'Present', 'N/A', '2025-09-22 06:09:37', '2025-09-22 06:09:37'),
(144, 254, 2, '2025-09-22', 'Present', 'N/A', '2025-09-22 06:09:38', '2025-09-22 06:09:38'),
(145, 271, 2, '2025-09-22', 'Present', 'N/A', '2025-09-22 06:09:39', '2025-09-22 06:09:39'),
(146, 276, 2, '2025-09-22', 'Present', 'N/A', '2025-09-22 06:09:40', '2025-09-22 06:09:40'),
(147, 282, 2, '2025-09-22', 'Absent', 'N/A', '2025-09-22 06:09:41', '2025-09-22 06:09:41'),
(148, 292, 2, '2025-09-22', 'Present', 'N/A', '2025-09-22 06:09:42', '2025-09-22 06:09:42'),
(149, 61, 3, '2025-09-22', 'Present', 'N/A', '2025-09-22 06:13:50', '2025-09-22 06:13:50'),
(150, 90, 3, '2025-09-22', 'Present', 'N/A', '2025-09-22 06:13:51', '2025-09-22 06:13:51'),
(151, 101, 3, '2025-09-22', 'Present', 'N/A', '2025-09-22 06:13:52', '2025-09-22 06:13:52'),
(152, 109, 3, '2025-09-22', 'Present', 'N/A', '2025-09-22 06:13:53', '2025-09-22 06:13:53'),
(153, 114, 3, '2025-09-22', 'Present', 'N/A', '2025-09-22 06:13:53', '2025-09-22 06:13:53'),
(154, 115, 3, '2025-09-22', 'Present', 'N/A', '2025-09-22 06:13:54', '2025-09-22 06:13:54'),
(155, 117, 3, '2025-09-22', 'Present', 'N/A', '2025-09-22 06:13:55', '2025-09-22 06:13:55'),
(156, 122, 3, '2025-09-22', 'Present', 'N/A', '2025-09-22 06:13:56', '2025-09-22 06:13:56'),
(157, 133, 3, '2025-09-22', 'Present', 'N/A', '2025-09-22 06:13:57', '2025-09-22 06:13:57'),
(158, 148, 3, '2025-09-22', 'Present', 'N/A', '2025-09-22 06:13:58', '2025-09-22 06:13:58'),
(159, 149, 3, '2025-09-22', 'Present', 'N/A', '2025-09-22 06:13:58', '2025-09-22 06:13:58'),
(160, 163, 3, '2025-09-22', 'Present', 'N/A', '2025-09-22 06:13:59', '2025-09-22 06:13:59'),
(161, 164, 3, '2025-09-22', 'Present', 'N/A', '2025-09-22 06:14:00', '2025-09-22 06:14:00'),
(162, 167, 3, '2025-09-22', 'Present', 'N/A', '2025-09-22 06:14:01', '2025-09-22 06:14:01'),
(163, 188, 3, '2025-09-22', 'Absent', 'N/A', '2025-09-22 06:14:01', '2025-09-22 06:14:01'),
(164, 194, 3, '2025-09-22', 'Absent', 'N/A', '2025-09-22 06:14:02', '2025-09-22 06:14:02'),
(165, 218, 3, '2025-09-22', 'Present', 'N/A', '2025-09-22 06:14:03', '2025-09-22 06:14:03'),
(166, 220, 3, '2025-09-22', 'Present', 'N/A', '2025-09-22 06:14:04', '2025-09-22 06:14:04'),
(167, 221, 3, '2025-09-22', 'Absent', 'N/A', '2025-09-22 06:14:05', '2025-09-22 06:14:05'),
(168, 231, 3, '2025-09-22', 'Present', 'N/A', '2025-09-22 06:14:06', '2025-09-22 06:14:06'),
(169, 241, 3, '2025-09-22', 'Present', 'N/A', '2025-09-22 06:14:07', '2025-09-22 06:14:07'),
(170, 245, 3, '2025-09-22', 'Absent', 'N/A', '2025-09-22 06:14:08', '2025-09-22 06:14:08'),
(171, 247, 3, '2025-09-22', 'Present', 'N/A', '2025-09-22 06:14:08', '2025-09-22 06:14:08'),
(172, 264, 3, '2025-09-22', 'Absent', 'N/A', '2025-09-22 06:14:09', '2025-09-22 06:14:09'),
(173, 294, 3, '2025-09-22', 'Present', 'N/A', '2025-09-22 06:14:10', '2025-09-22 06:14:10'),
(174, 3, 4, '2025-09-22', 'Present', 'N/A', '2025-09-22 06:14:32', '2025-09-22 06:14:32'),
(175, 21, 4, '2025-09-22', 'Present', 'N/A', '2025-09-22 06:14:32', '2025-09-22 06:14:32'),
(176, 24, 4, '2025-09-22', 'Present', 'N/A', '2025-09-22 06:14:33', '2025-09-22 06:14:33'),
(177, 26, 4, '2025-09-22', 'Present', 'N/A', '2025-09-22 06:14:34', '2025-09-22 06:14:34'),
(178, 27, 4, '2025-09-22', 'Present', 'N/A', '2025-09-22 06:14:35', '2025-09-22 06:14:35'),
(179, 30, 4, '2025-09-22', 'Present', 'N/A', '2025-09-22 06:14:36', '2025-09-22 06:14:36'),
(180, 41, 4, '2025-09-22', 'Present', 'N/A', '2025-09-22 06:14:36', '2025-09-22 06:14:36'),
(181, 44, 4, '2025-09-22', 'Present', 'N/A', '2025-09-22 06:14:37', '2025-09-22 06:14:37'),
(182, 47, 4, '2025-09-22', 'Present', 'N/A', '2025-09-22 06:14:38', '2025-09-22 06:14:38'),
(183, 52, 4, '2025-09-22', 'Present', 'N/A', '2025-09-22 06:14:39', '2025-09-22 06:14:39'),
(184, 56, 4, '2025-09-22', 'Present', 'N/A', '2025-09-22 06:14:39', '2025-09-22 06:14:39'),
(185, 68, 4, '2025-09-22', 'Present', 'N/A', '2025-09-22 06:14:40', '2025-09-22 06:14:40'),
(186, 79, 4, '2025-09-22', 'Present', 'N/A', '2025-09-22 06:14:41', '2025-09-22 06:14:41'),
(187, 83, 4, '2025-09-22', 'Present', 'N/A', '2025-09-22 06:14:42', '2025-09-22 06:14:42'),
(188, 105, 4, '2025-09-22', 'Present', 'N/A', '2025-09-22 06:14:43', '2025-09-22 06:14:43'),
(189, 106, 4, '2025-09-22', 'Present', 'N/A', '2025-09-22 06:14:44', '2025-09-22 06:14:44'),
(190, 116, 4, '2025-09-22', 'Present', 'N/A', '2025-09-22 06:14:44', '2025-09-22 06:14:44'),
(191, 118, 4, '2025-09-22', 'Present', 'N/A', '2025-09-22 06:14:45', '2025-09-22 06:14:45'),
(192, 127, 4, '2025-09-22', 'Present', 'N/A', '2025-09-22 06:14:46', '2025-09-22 06:14:46'),
(193, 136, 4, '2025-09-22', 'Present', 'N/A', '2025-09-22 06:14:47', '2025-09-22 06:14:47'),
(194, 142, 4, '2025-09-22', 'Present', 'N/A', '2025-09-22 06:14:48', '2025-09-22 06:14:48'),
(195, 152, 4, '2025-09-22', 'Present', 'N/A', '2025-09-22 06:14:49', '2025-09-22 06:14:49'),
(196, 156, 4, '2025-09-22', 'Present', 'N/A', '2025-09-22 06:14:50', '2025-09-22 06:14:50'),
(197, 162, 4, '2025-09-22', 'Present', 'N/A', '2025-09-22 06:14:51', '2025-09-22 06:14:51'),
(198, 165, 4, '2025-09-22', 'Present', 'N/A', '2025-09-22 06:14:52', '2025-09-22 06:14:52'),
(199, 166, 4, '2025-09-22', 'Present', 'N/A', '2025-09-22 06:14:53', '2025-09-22 06:14:53'),
(200, 234, 4, '2025-09-22', 'Present', 'N/A', '2025-09-22 06:14:54', '2025-09-22 06:14:54'),
(201, 238, 4, '2025-09-22', 'Present', 'N/A', '2025-09-22 06:14:55', '2025-09-22 06:14:55'),
(202, 239, 4, '2025-09-22', 'Present', 'N/A', '2025-09-22 06:14:55', '2025-09-22 06:14:55'),
(203, 252, 4, '2025-09-22', 'Present', 'N/A', '2025-09-22 06:14:56', '2025-09-22 06:14:56'),
(204, 255, 4, '2025-09-22', 'Present', 'N/A', '2025-09-22 06:14:57', '2025-09-22 06:14:57'),
(205, 270, 4, '2025-09-22', 'Present', 'N/A', '2025-09-22 06:14:58', '2025-09-22 06:14:58'),
(206, 275, 4, '2025-09-22', 'Present', 'N/A', '2025-09-22 06:14:59', '2025-09-22 06:14:59'),
(207, 288, 4, '2025-09-22', 'Present', 'N/A', '2025-09-22 06:15:00', '2025-09-22 06:15:00'),
(208, 296, 4, '2025-09-22', 'Present', 'N/A', '2025-09-22 06:15:01', '2025-09-22 06:15:01'),
(209, 10, 10, '2025-09-22', 'Present', 'N/A', '2025-09-22 12:14:17', '2025-09-22 12:14:17'),
(210, 12, 10, '2025-09-22', 'Present', 'N/A', '2025-09-22 12:14:18', '2025-09-22 12:14:18'),
(211, 17, 10, '2025-09-22', 'Present', 'N/A', '2025-09-22 12:14:19', '2025-09-22 12:14:19'),
(212, 42, 10, '2025-09-22', 'Present', 'N/A', '2025-09-22 12:14:20', '2025-09-22 12:14:20'),
(213, 49, 10, '2025-09-22', 'Present', 'N/A', '2025-09-22 12:14:21', '2025-09-22 12:14:21'),
(214, 53, 10, '2025-09-22', 'Present', 'N/A', '2025-09-22 12:14:22', '2025-09-22 12:14:22'),
(215, 60, 10, '2025-09-22', 'Present', 'N/A', '2025-09-22 12:14:23', '2025-09-22 12:14:23'),
(216, 75, 10, '2025-09-22', 'Present', 'N/A', '2025-09-22 12:14:24', '2025-09-22 12:14:24'),
(217, 87, 10, '2025-09-22', 'Present', 'N/A', '2025-09-22 12:14:25', '2025-09-22 12:14:25'),
(218, 120, 10, '2025-09-22', 'Present', 'N/A', '2025-09-22 12:14:25', '2025-09-22 12:14:25'),
(219, 171, 10, '2025-09-22', 'Present', 'N/A', '2025-09-22 12:14:27', '2025-09-22 12:14:27'),
(220, 173, 10, '2025-09-22', 'Present', 'N/A', '2025-09-22 12:14:28', '2025-09-22 12:14:28'),
(221, 175, 10, '2025-09-22', 'Present', 'N/A', '2025-09-22 12:14:29', '2025-09-22 12:14:29'),
(222, 178, 10, '2025-09-22', 'Present', 'N/A', '2025-09-22 12:14:30', '2025-09-22 12:14:30'),
(223, 199, 10, '2025-09-22', 'Present', 'N/A', '2025-09-22 12:14:31', '2025-09-22 12:14:31'),
(224, 204, 10, '2025-09-22', 'Present', 'N/A', '2025-09-22 12:14:32', '2025-09-22 12:14:32'),
(225, 206, 10, '2025-09-22', 'Present', 'N/A', '2025-09-22 12:14:33', '2025-09-22 12:14:33'),
(226, 209, 10, '2025-09-22', 'Present', 'N/A', '2025-09-22 12:14:33', '2025-09-22 12:14:33'),
(227, 212, 10, '2025-09-22', 'Present', 'N/A', '2025-09-22 12:14:34', '2025-09-22 12:14:34'),
(228, 214, 10, '2025-09-22', 'Present', 'N/A', '2025-09-22 12:14:36', '2025-09-22 12:14:36'),
(229, 215, 10, '2025-09-22', 'Absent', 'N/A', '2025-09-22 12:14:37', '2025-09-22 12:14:37'),
(230, 228, 10, '2025-09-22', 'Absent', 'N/A', '2025-09-22 12:14:38', '2025-09-22 12:14:38'),
(231, 236, 10, '2025-09-22', 'Present', 'N/A', '2025-09-22 12:14:39', '2025-09-22 12:14:39'),
(232, 244, 10, '2025-09-22', 'Absent', 'N/A', '2025-09-22 12:14:39', '2025-09-22 12:14:39'),
(233, 246, 10, '2025-09-22', 'Present', 'N/A', '2025-09-22 12:14:41', '2025-09-22 12:14:41'),
(234, 250, 10, '2025-09-22', 'Present', 'N/A', '2025-09-22 12:14:42', '2025-09-22 12:14:42'),
(235, 268, 10, '2025-09-22', 'Absent', 'N/A', '2025-09-22 12:14:43', '2025-09-22 12:14:43'),
(236, 284, 10, '2025-09-22', 'Present', 'N/A', '2025-09-22 12:14:44', '2025-09-22 12:14:44'),
(237, 291, 10, '2025-09-22', 'Absent', 'N/A', '2025-09-22 12:14:45', '2025-09-22 12:14:45'),
(238, 297, 10, '2025-09-22', 'Absent', 'N/A', '2025-09-22 12:14:46', '2025-09-22 12:14:46'),
(239, 298, 10, '2025-09-22', 'Present', 'N/A', '2025-09-22 12:14:47', '2025-09-22 12:14:47'),
(240, 5, 1, '2025-09-28', 'Present', 'N/A', '2025-09-28 04:24:06', '2025-09-28 04:24:06'),
(241, 6, 1, '2025-09-28', 'Present', 'N/A', '2025-09-28 04:24:07', '2025-09-28 04:24:07'),
(242, 11, 1, '2025-09-28', 'Present', 'N/A', '2025-09-28 04:24:08', '2025-09-28 04:24:08'),
(243, 14, 1, '2025-09-28', 'Present', 'N/A', '2025-09-28 04:24:09', '2025-09-28 04:24:09'),
(244, 19, 1, '2025-09-28', 'Absent', 'N/A', '2025-09-28 04:24:10', '2025-09-28 04:24:10'),
(245, 20, 1, '2025-09-28', 'Present', 'N/A', '2025-09-28 04:24:11', '2025-09-28 04:24:11'),
(246, 48, 1, '2025-09-28', 'Present', 'N/A', '2025-09-28 04:24:12', '2025-09-28 04:24:12'),
(247, 80, 1, '2025-09-28', 'Absent', 'N/A', '2025-09-28 04:24:13', '2025-09-28 04:24:13'),
(248, 93, 1, '2025-09-28', 'Present', 'N/A', '2025-09-28 04:24:14', '2025-09-28 04:24:14'),
(249, 104, 1, '2025-09-28', 'Present', 'N/A', '2025-09-28 04:24:15', '2025-09-28 04:24:15'),
(250, 121, 1, '2025-09-28', 'Present', 'N/A', '2025-09-28 04:24:17', '2025-09-28 04:24:17'),
(251, 147, 1, '2025-09-28', 'Absent', 'N/A', '2025-09-28 04:24:18', '2025-09-28 04:24:18'),
(252, 155, 1, '2025-09-28', 'Present', 'N/A', '2025-09-28 04:24:19', '2025-09-28 04:24:19'),
(253, 169, 1, '2025-09-28', 'Present', 'N/A', '2025-09-28 04:24:20', '2025-09-28 04:24:20'),
(254, 180, 1, '2025-09-28', 'Present', 'N/A', '2025-09-28 04:24:21', '2025-09-28 04:24:21'),
(255, 190, 1, '2025-09-28', 'Present', 'N/A', '2025-09-28 04:24:22', '2025-09-28 04:24:22'),
(256, 198, 1, '2025-09-28', 'Present', 'N/A', '2025-09-28 04:24:23', '2025-09-28 04:24:23'),
(257, 203, 1, '2025-09-28', 'Present', 'N/A', '2025-09-28 04:24:24', '2025-09-28 04:24:24'),
(258, 210, 1, '2025-09-28', 'Absent', 'N/A', '2025-09-28 04:24:25', '2025-09-28 04:24:25'),
(259, 267, 1, '2025-09-28', 'Absent', 'N/A', '2025-09-28 04:24:26', '2025-09-28 04:24:26'),
(260, 283, 1, '2025-09-28', 'Present', 'N/A', '2025-09-28 04:24:27', '2025-09-28 04:24:27'),
(261, 1, 2, '2025-09-28', 'Present', 'N/A', '2025-09-28 04:24:36', '2025-09-28 04:24:36'),
(262, 38, 2, '2025-09-28', 'Present', 'N/A', '2025-09-28 04:24:39', '2025-09-28 04:24:39'),
(263, 63, 2, '2025-09-28', 'Present', 'N/A', '2025-09-28 04:24:40', '2025-09-28 04:24:40'),
(264, 69, 2, '2025-09-28', 'Present', 'N/A', '2025-09-28 04:24:41', '2025-09-28 04:24:41'),
(265, 72, 2, '2025-09-28', 'Present', 'N/A', '2025-09-28 04:24:42', '2025-09-28 04:24:42'),
(266, 76, 2, '2025-09-28', 'Present', 'N/A', '2025-09-28 04:24:44', '2025-09-28 04:24:44'),
(267, 99, 2, '2025-09-28', 'Present', 'N/A', '2025-09-28 04:24:45', '2025-09-28 04:24:45'),
(268, 100, 2, '2025-09-28', 'Present', 'N/A', '2025-09-28 04:24:46', '2025-09-28 04:24:46'),
(269, 113, 2, '2025-09-28', 'Present', 'N/A', '2025-09-28 04:24:48', '2025-09-28 04:24:48'),
(270, 131, 2, '2025-09-28', 'Present', 'N/A', '2025-09-28 04:24:49', '2025-09-28 04:24:49'),
(271, 161, 2, '2025-09-28', 'Present', 'N/A', '2025-09-28 04:24:50', '2025-09-28 04:24:50'),
(272, 222, 2, '2025-09-28', 'Present', 'N/A', '2025-09-28 04:24:51', '2025-09-28 04:24:51'),
(273, 224, 2, '2025-09-28', 'Present', 'N/A', '2025-09-28 04:24:53', '2025-09-28 04:24:53'),
(274, 227, 2, '2025-09-28', 'Present', 'N/A', '2025-09-28 04:24:55', '2025-09-28 04:24:55'),
(275, 254, 2, '2025-09-28', 'Present', 'N/A', '2025-09-28 04:24:56', '2025-09-28 04:24:56'),
(276, 271, 2, '2025-09-28', 'Present', 'N/A', '2025-09-28 04:24:58', '2025-09-28 04:24:58'),
(277, 276, 2, '2025-09-28', 'Present', 'N/A', '2025-09-28 04:24:59', '2025-09-28 04:24:59'),
(278, 282, 2, '2025-09-28', 'Absent', 'N/A', '2025-09-28 04:25:00', '2025-09-28 04:25:00'),
(279, 292, 2, '2025-09-28', 'Absent', 'N/A', '2025-09-28 04:25:01', '2025-09-28 04:25:01'),
(280, 61, 3, '2025-09-28', 'Present', 'N/A', '2025-09-28 04:25:10', '2025-09-28 04:25:10'),
(281, 90, 3, '2025-09-28', 'Present', 'N/A', '2025-09-28 04:25:11', '2025-09-28 04:25:11'),
(282, 101, 3, '2025-09-28', 'Present', 'N/A', '2025-09-28 04:25:13', '2025-09-28 04:25:13'),
(283, 109, 3, '2025-09-28', 'Absent', 'N/A', '2025-09-28 04:25:14', '2025-09-28 04:25:14'),
(284, 114, 3, '2025-09-28', 'Present', 'N/A', '2025-09-28 04:25:15', '2025-09-28 04:25:15'),
(285, 115, 3, '2025-09-28', 'Present', 'N/A', '2025-09-28 04:25:16', '2025-09-28 04:25:16'),
(286, 117, 3, '2025-09-28', 'Present', 'N/A', '2025-09-28 04:25:17', '2025-09-28 04:25:17'),
(287, 122, 3, '2025-09-28', 'Present', 'N/A', '2025-09-28 04:25:18', '2025-09-28 04:25:18'),
(288, 133, 3, '2025-09-28', 'Absent', 'N/A', '2025-09-28 04:25:20', '2025-09-28 04:25:20'),
(289, 148, 3, '2025-09-28', 'Present', 'N/A', '2025-09-28 04:25:21', '2025-09-28 04:25:21'),
(290, 149, 3, '2025-09-28', 'Present', 'N/A', '2025-09-28 04:25:22', '2025-09-28 04:25:22'),
(291, 163, 3, '2025-09-28', 'Present', 'N/A', '2025-09-28 04:25:23', '2025-09-28 04:25:23'),
(292, 164, 3, '2025-09-28', 'Present', 'N/A', '2025-09-28 04:25:24', '2025-09-28 04:25:24'),
(293, 167, 3, '2025-09-28', 'Present', 'N/A', '2025-09-28 04:25:25', '2025-09-28 04:25:25'),
(294, 188, 3, '2025-09-28', 'Present', 'N/A', '2025-09-28 04:25:27', '2025-09-28 04:25:27'),
(295, 194, 3, '2025-09-28', 'Present', 'N/A', '2025-09-28 04:25:28', '2025-09-28 04:25:28'),
(296, 218, 3, '2025-09-28', 'Present', 'N/A', '2025-09-28 04:25:32', '2025-09-28 04:25:32'),
(297, 220, 3, '2025-09-28', 'Present', 'N/A', '2025-09-28 04:25:33', '2025-09-28 04:25:33'),
(298, 221, 3, '2025-09-28', 'Present', 'N/A', '2025-09-28 04:25:36', '2025-09-28 04:25:36'),
(299, 231, 3, '2025-09-28', 'Present', 'N/A', '2025-09-28 04:25:37', '2025-09-28 04:25:37'),
(300, 241, 3, '2025-09-28', 'Present', 'N/A', '2025-09-28 04:25:38', '2025-09-28 04:25:38'),
(301, 245, 3, '2025-09-28', 'Present', 'N/A', '2025-09-28 04:25:40', '2025-09-28 04:25:40'),
(302, 247, 3, '2025-09-28', 'Present', 'N/A', '2025-09-28 04:25:42', '2025-09-28 04:25:42'),
(303, 264, 3, '2025-09-28', 'Present', 'N/A', '2025-09-28 04:25:43', '2025-09-28 04:25:43'),
(304, 294, 3, '2025-09-28', 'Present', 'N/A', '2025-09-28 04:25:44', '2025-09-28 04:25:44'),
(305, 3, 4, '2025-09-28', 'Present', 'N/A', '2025-09-28 04:25:55', '2025-09-28 04:25:55'),
(306, 21, 4, '2025-09-28', 'Present', 'N/A', '2025-09-28 04:25:56', '2025-09-28 04:25:56'),
(307, 24, 4, '2025-09-28', 'Present', 'N/A', '2025-09-28 04:25:57', '2025-09-28 04:25:57'),
(308, 26, 4, '2025-09-28', 'Present', 'N/A', '2025-09-28 04:25:59', '2025-09-28 04:25:59'),
(309, 27, 4, '2025-09-28', 'Present', 'N/A', '2025-09-28 04:26:00', '2025-09-28 04:26:00'),
(310, 30, 4, '2025-09-28', 'Present', 'N/A', '2025-09-28 04:26:02', '2025-09-28 04:26:02'),
(311, 41, 4, '2025-09-28', 'Present', 'N/A', '2025-09-28 04:26:03', '2025-09-28 04:26:03'),
(312, 44, 4, '2025-09-28', 'Present', 'N/A', '2025-09-28 04:26:05', '2025-09-28 04:26:05'),
(313, 47, 4, '2025-09-28', 'Present', 'N/A', '2025-09-28 04:26:07', '2025-09-28 04:26:07'),
(314, 52, 4, '2025-09-28', 'Present', 'N/A', '2025-09-28 04:26:08', '2025-09-28 04:26:08'),
(315, 56, 4, '2025-09-28', 'Present', 'N/A', '2025-09-28 04:26:09', '2025-09-28 04:26:09'),
(316, 68, 4, '2025-09-28', 'Present', 'N/A', '2025-09-28 04:26:11', '2025-09-28 04:26:11'),
(317, 79, 4, '2025-09-28', 'Present', 'N/A', '2025-09-28 04:26:12', '2025-09-28 04:26:12'),
(318, 83, 4, '2025-09-28', 'Present', 'N/A', '2025-09-28 04:26:13', '2025-09-28 04:26:13'),
(319, 105, 4, '2025-09-28', 'Present', 'N/A', '2025-09-28 04:26:14', '2025-09-28 04:26:14'),
(320, 106, 4, '2025-09-28', 'Present', 'N/A', '2025-09-28 04:26:16', '2025-09-28 04:26:16'),
(321, 116, 4, '2025-09-28', 'Present', 'N/A', '2025-09-28 04:26:17', '2025-09-28 04:26:17'),
(322, 118, 4, '2025-09-28', 'Present', 'N/A', '2025-09-28 04:26:18', '2025-09-28 04:26:18'),
(323, 127, 4, '2025-09-28', 'Absent', 'N/A', '2025-09-28 04:26:19', '2025-09-28 04:26:19'),
(324, 136, 4, '2025-09-28', 'Absent', 'N/A', '2025-09-28 04:26:20', '2025-09-28 04:26:20'),
(325, 142, 4, '2025-09-28', 'Absent', 'N/A', '2025-09-28 04:26:21', '2025-09-28 04:26:21'),
(326, 152, 4, '2025-09-28', 'Present', 'N/A', '2025-09-28 04:26:22', '2025-09-28 04:26:22'),
(327, 156, 4, '2025-09-28', 'Absent', 'N/A', '2025-09-28 04:26:23', '2025-09-28 04:26:23'),
(328, 162, 4, '2025-09-28', 'Present', 'N/A', '2025-09-28 04:26:24', '2025-09-28 04:26:24'),
(329, 165, 4, '2025-09-28', 'Absent', 'N/A', '2025-09-28 04:26:25', '2025-09-28 04:26:25'),
(330, 166, 4, '2025-09-28', 'Present', 'N/A', '2025-09-28 04:26:25', '2025-09-28 04:26:25'),
(331, 234, 4, '2025-09-28', 'Present', 'N/A', '2025-09-28 04:26:27', '2025-09-28 04:26:27'),
(332, 238, 4, '2025-09-28', 'Present', 'N/A', '2025-09-28 04:26:27', '2025-09-28 04:26:27'),
(333, 239, 4, '2025-09-28', 'Present', 'N/A', '2025-09-28 04:26:28', '2025-09-28 04:26:28'),
(334, 252, 4, '2025-09-28', 'Present', 'N/A', '2025-09-28 04:26:29', '2025-09-28 04:26:29'),
(335, 255, 4, '2025-09-28', 'Present', 'N/A', '2025-09-28 04:26:30', '2025-09-28 04:26:30'),
(336, 270, 4, '2025-09-28', 'Absent', 'N/A', '2025-09-28 04:26:32', '2025-09-28 04:26:32'),
(337, 275, 4, '2025-09-28', 'Absent', 'N/A', '2025-09-28 04:26:33', '2025-09-28 04:26:33'),
(338, 288, 4, '2025-09-28', 'Present', 'N/A', '2025-09-28 04:26:34', '2025-09-28 04:26:34'),
(339, 296, 4, '2025-09-28', 'Present', 'N/A', '2025-09-28 04:26:35', '2025-09-28 04:26:35'),
(340, 4, 7, '2025-09-28', 'Present', 'N/A', '2025-09-28 05:04:12', '2025-09-28 05:04:12'),
(341, 15, 7, '2025-09-28', 'Present', 'N/A', '2025-09-28 05:04:13', '2025-09-28 05:04:13'),
(342, 34, 7, '2025-09-28', 'Present', 'N/A', '2025-09-28 05:04:14', '2025-09-28 05:04:14'),
(343, 46, 7, '2025-09-28', 'Present', 'N/A', '2025-09-28 05:04:15', '2025-09-28 05:04:15'),
(344, 64, 7, '2025-09-28', 'Present', 'N/A', '2025-09-28 05:04:16', '2025-09-28 05:04:16'),
(345, 66, 7, '2025-09-28', 'Present', 'N/A', '2025-09-28 05:04:17', '2025-09-28 05:04:17'),
(346, 70, 7, '2025-09-28', 'Present', 'N/A', '2025-09-28 05:04:18', '2025-09-28 05:04:18'),
(347, 77, 7, '2025-09-28', 'Present', 'N/A', '2025-09-28 05:04:19', '2025-09-28 05:04:19'),
(348, 92, 7, '2025-09-28', 'Present', 'N/A', '2025-09-28 05:04:20', '2025-09-28 05:04:20'),
(349, 98, 7, '2025-09-28', 'Present', 'N/A', '2025-09-28 05:04:21', '2025-09-28 05:04:21'),
(350, 126, 7, '2025-09-28', 'Present', 'N/A', '2025-09-28 05:04:22', '2025-09-28 05:04:22'),
(351, 134, 7, '2025-09-28', 'Present', 'N/A', '2025-09-28 05:04:23', '2025-09-28 05:04:23'),
(352, 143, 7, '2025-09-28', 'Present', 'N/A', '2025-09-28 05:04:24', '2025-09-28 05:04:24'),
(353, 172, 7, '2025-09-28', 'Present', 'N/A', '2025-09-28 05:04:24', '2025-09-28 05:04:24'),
(354, 176, 7, '2025-09-28', 'Present', 'N/A', '2025-09-28 05:04:25', '2025-09-28 05:04:25'),
(355, 225, 7, '2025-09-28', 'Present', 'N/A', '2025-09-28 05:04:26', '2025-09-28 05:04:26'),
(356, 226, 7, '2025-09-28', 'Absent', 'N/A', '2025-09-28 05:04:27', '2025-09-28 05:04:27'),
(357, 232, 7, '2025-09-28', 'Absent', 'N/A', '2025-09-28 05:04:28', '2025-09-28 05:04:28'),
(358, 243, 7, '2025-09-28', 'Absent', 'N/A', '2025-09-28 05:04:29', '2025-09-28 05:04:29'),
(359, 253, 7, '2025-09-28', 'Present', 'N/A', '2025-09-28 05:04:30', '2025-09-28 05:04:30'),
(360, 258, 7, '2025-09-28', 'Present', 'N/A', '2025-09-28 05:04:31', '2025-09-28 05:04:31'),
(361, 260, 7, '2025-09-28', 'Present', 'N/A', '2025-09-28 05:04:32', '2025-09-28 05:04:32'),
(362, 274, 7, '2025-09-28', 'Present', 'N/A', '2025-09-28 05:04:33', '2025-09-28 05:04:33'),
(363, 279, 7, '2025-09-28', 'Present', 'N/A', '2025-09-28 05:04:33', '2025-09-28 05:04:33'),
(364, 280, 7, '2025-09-28', 'Absent', 'N/A', '2025-09-28 05:04:34', '2025-09-28 05:04:34'),
(365, 289, 7, '2025-09-28', 'Absent', 'N/A', '2025-09-28 05:04:36', '2025-09-28 05:04:36'),
(366, 290, 7, '2025-09-28', 'Present', 'N/A', '2025-09-28 05:04:37', '2025-09-28 05:04:37'),
(367, 25, 8, '2025-09-28', 'Present', 'N/A', '2025-09-28 05:06:06', '2025-09-28 05:06:06'),
(368, 39, 8, '2025-09-28', 'Present', 'N/A', '2025-09-28 05:06:06', '2025-09-28 05:06:06'),
(369, 57, 8, '2025-09-28', 'Present', 'N/A', '2025-09-28 05:06:07', '2025-09-28 05:06:07'),
(370, 67, 8, '2025-09-28', 'Present', 'N/A', '2025-09-28 05:06:08', '2025-09-28 05:06:08'),
(371, 74, 8, '2025-09-28', 'Present', 'N/A', '2025-09-28 05:06:09', '2025-09-28 05:06:09'),
(372, 94, 8, '2025-09-28', 'Present', 'N/A', '2025-09-28 05:06:10', '2025-09-28 05:06:10'),
(373, 95, 8, '2025-09-28', 'Present', 'N/A', '2025-09-28 05:06:10', '2025-09-28 05:06:10'),
(374, 108, 8, '2025-09-28', 'Present', 'N/A', '2025-09-28 05:06:11', '2025-09-28 05:06:11'),
(375, 112, 8, '2025-09-28', 'Present', 'N/A', '2025-09-28 05:06:12', '2025-09-28 05:06:12'),
(376, 124, 8, '2025-09-28', 'Present', 'N/A', '2025-09-28 05:06:13', '2025-09-28 05:06:13'),
(377, 138, 8, '2025-09-28', 'Present', 'N/A', '2025-09-28 05:06:13', '2025-09-28 05:06:13'),
(378, 140, 8, '2025-09-28', 'Present', 'N/A', '2025-09-28 05:06:23', '2025-09-28 05:06:23'),
(379, 177, 8, '2025-09-28', 'Present', 'N/A', '2025-09-28 05:06:24', '2025-09-28 05:06:24'),
(380, 181, 8, '2025-09-28', 'Present', 'N/A', '2025-09-28 05:06:25', '2025-09-28 05:06:25'),
(381, 182, 8, '2025-09-28', 'Present', 'N/A', '2025-09-28 05:06:26', '2025-09-28 05:06:26'),
(382, 183, 8, '2025-09-28', 'Absent', 'N/A', '2025-09-28 05:06:27', '2025-09-28 05:06:27'),
(383, 192, 8, '2025-09-28', 'Absent', 'N/A', '2025-09-28 05:06:28', '2025-09-28 05:06:28'),
(384, 195, 8, '2025-09-28', 'Present', 'N/A', '2025-09-28 05:06:28', '2025-09-28 05:06:28'),
(385, 200, 8, '2025-09-28', 'Present', 'N/A', '2025-09-28 05:06:29', '2025-09-28 05:06:29'),
(386, 202, 8, '2025-09-28', 'Absent', 'N/A', '2025-09-28 05:06:30', '2025-09-28 05:06:30'),
(387, 216, 8, '2025-09-28', 'Present', 'N/A', '2025-09-28 05:06:31', '2025-09-28 05:06:31'),
(388, 223, 8, '2025-09-28', 'Present', 'N/A', '2025-09-28 05:06:32', '2025-09-28 05:06:32'),
(389, 230, 8, '2025-09-28', 'Present', 'N/A', '2025-09-28 05:06:33', '2025-09-28 05:06:33'),
(390, 256, 8, '2025-09-28', 'Present', 'N/A', '2025-09-28 05:06:34', '2025-09-28 05:06:34'),
(391, 263, 8, '2025-09-28', 'Present', 'N/A', '2025-09-28 05:06:38', '2025-09-28 05:06:38'),
(392, 277, 8, '2025-09-28', 'Present', 'N/A', '2025-09-28 05:06:52', '2025-09-28 05:06:52'),
(393, 5, 1, '2025-09-29', 'Present', 'N/A', '2025-09-29 04:25:03', '2025-09-29 04:25:03'),
(394, 6, 1, '2025-09-29', 'Present', 'N/A', '2025-09-29 04:25:04', '2025-09-29 04:25:04'),
(395, 11, 1, '2025-09-29', 'Present', 'N/A', '2025-09-29 04:25:04', '2025-09-29 04:25:04'),
(396, 14, 1, '2025-09-29', 'Present', 'N/A', '2025-09-29 04:25:05', '2025-09-29 04:25:05'),
(397, 19, 1, '2025-09-29', 'Present', 'N/A', '2025-09-29 04:25:06', '2025-09-29 04:25:06'),
(398, 20, 1, '2025-09-29', 'Present', 'N/A', '2025-09-29 04:25:07', '2025-09-29 04:25:07'),
(399, 48, 1, '2025-09-29', 'Present', 'N/A', '2025-09-29 04:25:08', '2025-09-29 04:25:08'),
(400, 80, 1, '2025-09-29', 'Present', 'N/A', '2025-09-29 04:25:09', '2025-09-29 04:25:09'),
(401, 93, 1, '2025-09-29', 'Present', 'N/A', '2025-09-29 04:25:10', '2025-09-29 04:25:10'),
(402, 104, 1, '2025-09-29', 'Present', 'N/A', '2025-09-29 04:25:11', '2025-09-29 04:25:11'),
(403, 121, 1, '2025-09-29', 'Present', 'N/A', '2025-09-29 04:25:12', '2025-09-29 04:25:12'),
(404, 147, 1, '2025-09-29', 'Present', 'N/A', '2025-09-29 04:25:13', '2025-09-29 04:25:13'),
(405, 155, 1, '2025-09-29', 'Present', 'N/A', '2025-09-29 04:25:14', '2025-09-29 04:25:14'),
(406, 169, 1, '2025-09-29', 'Present', 'N/A', '2025-09-29 04:25:15', '2025-09-29 04:25:15'),
(407, 180, 1, '2025-09-29', 'Present', 'N/A', '2025-09-29 04:25:17', '2025-09-29 04:25:17'),
(408, 190, 1, '2025-09-29', 'Present', 'N/A', '2025-09-29 04:25:17', '2025-09-29 04:25:17'),
(409, 198, 1, '2025-09-29', 'Present', 'N/A', '2025-09-29 04:25:19', '2025-09-29 04:25:19'),
(410, 203, 1, '2025-09-29', 'Present', 'N/A', '2025-09-29 04:25:20', '2025-09-29 04:25:20'),
(411, 210, 1, '2025-09-29', 'Present', 'N/A', '2025-09-29 04:25:21', '2025-09-29 04:25:21'),
(412, 267, 1, '2025-09-29', 'Present', 'N/A', '2025-09-29 04:25:22', '2025-09-29 04:25:22'),
(413, 283, 1, '2025-09-29', 'Present', 'N/A', '2025-09-29 04:25:23', '2025-09-29 04:25:23'),
(414, 1, 2, '2025-09-29', 'Present', 'N/A', '2025-09-29 04:25:29', '2025-09-29 04:25:29'),
(415, 38, 2, '2025-09-29', 'Present', 'N/A', '2025-09-29 04:25:30', '2025-09-29 04:25:30'),
(416, 63, 2, '2025-09-29', 'Present', 'N/A', '2025-09-29 04:25:31', '2025-09-29 04:25:31'),
(417, 69, 2, '2025-09-29', 'Present', 'N/A', '2025-09-29 04:25:32', '2025-09-29 04:25:32'),
(418, 72, 2, '2025-09-29', 'Present', 'N/A', '2025-09-29 04:25:33', '2025-09-29 04:25:33'),
(419, 76, 2, '2025-09-29', 'Present', 'N/A', '2025-09-29 04:25:34', '2025-09-29 04:25:34'),
(420, 99, 2, '2025-09-29', 'Present', 'N/A', '2025-09-29 04:25:35', '2025-09-29 04:25:35'),
(421, 100, 2, '2025-09-29', 'Present', 'N/A', '2025-09-29 04:25:36', '2025-09-29 04:25:36'),
(422, 113, 2, '2025-09-29', 'Present', 'N/A', '2025-09-29 04:25:37', '2025-09-29 04:25:37'),
(423, 131, 2, '2025-09-29', 'Present', 'N/A', '2025-09-29 04:25:38', '2025-09-29 04:25:38'),
(424, 161, 2, '2025-09-29', 'Present', 'N/A', '2025-09-29 04:25:39', '2025-09-29 04:25:39'),
(425, 222, 2, '2025-09-29', 'Present', 'N/A', '2025-09-29 04:25:40', '2025-09-29 04:25:40'),
(426, 224, 2, '2025-09-29', 'Present', 'N/A', '2025-09-29 04:25:41', '2025-09-29 04:25:41'),
(427, 227, 2, '2025-09-29', 'Present', 'N/A', '2025-09-29 04:25:42', '2025-09-29 04:25:42'),
(428, 254, 2, '2025-09-29', 'Present', 'N/A', '2025-09-29 04:25:43', '2025-09-29 04:25:43'),
(429, 271, 2, '2025-09-29', 'Present', 'N/A', '2025-09-29 04:25:44', '2025-09-29 04:25:44'),
(430, 276, 2, '2025-09-29', 'Present', 'N/A', '2025-09-29 04:25:45', '2025-09-29 04:25:45'),
(431, 282, 2, '2025-09-29', 'Present', 'N/A', '2025-09-29 04:25:46', '2025-09-29 04:25:46'),
(432, 292, 2, '2025-09-29', 'Present', 'N/A', '2025-09-29 04:25:47', '2025-09-29 04:25:47'),
(433, 61, 3, '2025-09-29', 'Present', 'N/A', '2025-09-29 04:28:08', '2025-09-29 04:28:08'),
(434, 90, 3, '2025-09-29', 'Absent', 'N/A', '2025-09-29 04:28:09', '2025-09-29 04:28:09'),
(435, 101, 3, '2025-09-29', 'Absent', 'N/A', '2025-09-29 04:28:10', '2025-09-29 04:28:10'),
(436, 109, 3, '2025-09-29', 'Absent', 'N/A', '2025-09-29 04:28:11', '2025-09-29 04:28:11'),
(437, 114, 3, '2025-09-29', 'Present', 'N/A', '2025-09-29 04:28:12', '2025-09-29 04:28:12'),
(438, 115, 3, '2025-09-29', 'Present', 'N/A', '2025-09-29 04:28:13', '2025-09-29 04:28:13'),
(439, 117, 3, '2025-09-29', 'Present', 'N/A', '2025-09-29 04:28:13', '2025-09-29 04:28:13'),
(440, 122, 3, '2025-09-29', 'Present', 'N/A', '2025-09-29 04:28:14', '2025-09-29 04:28:14'),
(441, 133, 3, '2025-09-29', 'Present', 'N/A', '2025-09-29 04:28:16', '2025-09-29 04:28:16'),
(442, 148, 3, '2025-09-29', 'Present', 'N/A', '2025-09-29 04:28:17', '2025-09-29 04:28:17'),
(443, 149, 3, '2025-09-29', 'Present', 'N/A', '2025-09-29 04:28:18', '2025-09-29 04:28:18'),
(444, 163, 3, '2025-09-29', 'Present', 'N/A', '2025-09-29 04:28:19', '2025-09-29 04:28:19'),
(445, 164, 3, '2025-09-29', 'Present', 'N/A', '2025-09-29 04:28:20', '2025-09-29 04:28:20'),
(446, 167, 3, '2025-09-29', 'Present', 'N/A', '2025-09-29 04:28:20', '2025-09-29 04:28:20'),
(447, 188, 3, '2025-09-29', 'Absent', 'N/A', '2025-09-29 04:28:21', '2025-09-29 04:28:21'),
(448, 194, 3, '2025-09-29', 'Present', 'N/A', '2025-09-29 04:28:23', '2025-09-29 04:28:23'),
(449, 218, 3, '2025-09-29', 'Present', 'N/A', '2025-09-29 04:28:23', '2025-09-29 04:28:23'),
(450, 220, 3, '2025-09-29', 'Present', 'N/A', '2025-09-29 04:28:25', '2025-09-29 04:28:25'),
(451, 221, 3, '2025-09-29', 'Present', 'N/A', '2025-09-29 04:28:26', '2025-09-29 04:28:26'),
(452, 231, 3, '2025-09-29', 'Present', 'N/A', '2025-09-29 04:28:27', '2025-09-29 04:28:27'),
(453, 241, 3, '2025-09-29', 'Present', 'N/A', '2025-09-29 04:28:28', '2025-09-29 04:28:28'),
(454, 245, 3, '2025-09-29', 'Present', 'N/A', '2025-09-29 04:28:29', '2025-09-29 04:28:29'),
(455, 247, 3, '2025-09-29', 'Present', 'N/A', '2025-09-29 04:28:30', '2025-09-29 04:28:30'),
(456, 264, 3, '2025-09-29', 'Absent', 'N/A', '2025-09-29 04:28:31', '2025-09-29 04:28:31'),
(457, 294, 3, '2025-09-29', 'Present', 'N/A', '2025-09-29 04:28:32', '2025-09-29 04:28:32'),
(458, 3, 4, '2025-09-29', 'Present', 'N/A', '2025-09-29 04:31:17', '2025-09-29 04:31:17'),
(459, 21, 4, '2025-09-29', 'Present', 'N/A', '2025-09-29 04:31:18', '2025-09-29 04:31:18'),
(460, 24, 4, '2025-09-29', 'Present', 'N/A', '2025-09-29 04:31:19', '2025-09-29 04:31:19'),
(461, 26, 4, '2025-09-29', 'Present', 'N/A', '2025-09-29 04:31:20', '2025-09-29 04:31:20'),
(462, 27, 4, '2025-09-29', 'Present', 'N/A', '2025-09-29 04:31:21', '2025-09-29 04:31:21'),
(463, 30, 4, '2025-09-29', 'Present', 'N/A', '2025-09-29 04:31:22', '2025-09-29 04:31:22'),
(464, 41, 4, '2025-09-29', 'Present', 'N/A', '2025-09-29 04:31:22', '2025-09-29 04:31:22'),
(465, 44, 4, '2025-09-29', 'Present', 'N/A', '2025-09-29 04:31:23', '2025-09-29 04:31:23'),
(466, 47, 4, '2025-09-29', 'Present', 'N/A', '2025-09-29 04:31:24', '2025-09-29 04:31:24'),
(467, 52, 4, '2025-09-29', 'Present', 'N/A', '2025-09-29 04:31:25', '2025-09-29 04:31:25'),
(468, 56, 4, '2025-09-29', 'Present', 'N/A', '2025-09-29 04:31:26', '2025-09-29 04:31:26'),
(469, 68, 4, '2025-09-29', 'Present', 'N/A', '2025-09-29 04:31:26', '2025-09-29 04:31:26'),
(470, 79, 4, '2025-09-29', 'Present', 'N/A', '2025-09-29 04:31:27', '2025-09-29 04:31:27'),
(471, 83, 4, '2025-09-29', 'Present', 'N/A', '2025-09-29 04:31:28', '2025-09-29 04:31:28'),
(472, 105, 4, '2025-09-29', 'Present', 'N/A', '2025-09-29 04:31:29', '2025-09-29 04:31:29'),
(473, 106, 4, '2025-09-29', 'Present', 'N/A', '2025-09-29 04:31:30', '2025-09-29 04:31:30'),
(474, 116, 4, '2025-09-29', 'Present', 'N/A', '2025-09-29 04:31:30', '2025-09-29 04:31:30'),
(475, 118, 4, '2025-09-29', 'Present', 'N/A', '2025-09-29 04:31:31', '2025-09-29 04:31:31'),
(476, 127, 4, '2025-09-29', 'Present', 'N/A', '2025-09-29 04:31:32', '2025-09-29 04:31:32'),
(477, 136, 4, '2025-09-29', 'Present', 'N/A', '2025-09-29 04:31:33', '2025-09-29 04:31:33'),
(478, 142, 4, '2025-09-29', 'Present', 'N/A', '2025-09-29 04:31:34', '2025-09-29 04:31:34'),
(479, 152, 4, '2025-09-29', 'Present', 'N/A', '2025-09-29 04:31:34', '2025-09-29 04:31:34'),
(480, 156, 4, '2025-09-29', 'Present', 'N/A', '2025-09-29 04:31:35', '2025-09-29 04:31:35'),
(481, 162, 4, '2025-09-29', 'Present', 'N/A', '2025-09-29 04:31:36', '2025-09-29 04:31:36'),
(482, 165, 4, '2025-09-29', 'Absent', 'N/A', '2025-09-29 04:31:37', '2025-09-29 04:31:37'),
(483, 166, 4, '2025-09-29', 'Absent', 'N/A', '2025-09-29 04:31:38', '2025-09-29 04:31:38'),
(484, 234, 4, '2025-09-29', 'Present', 'N/A', '2025-09-29 04:31:39', '2025-09-29 04:31:39'),
(485, 238, 4, '2025-09-29', 'Present', 'N/A', '2025-09-29 04:31:40', '2025-09-29 04:31:40'),
(486, 239, 4, '2025-09-29', 'Present', 'N/A', '2025-09-29 04:31:41', '2025-09-29 04:31:41'),
(487, 252, 4, '2025-09-29', 'Present', 'N/A', '2025-09-29 04:31:41', '2025-09-29 04:31:41'),
(488, 255, 4, '2025-09-29', 'Present', 'N/A', '2025-09-29 04:31:42', '2025-09-29 04:31:42'),
(489, 270, 4, '2025-09-29', 'Present', 'N/A', '2025-09-29 04:31:44', '2025-09-29 04:31:44'),
(490, 275, 4, '2025-09-29', 'Absent', 'N/A', '2025-09-29 04:31:45', '2025-09-29 04:31:45'),
(491, 288, 4, '2025-09-29', 'Present', 'N/A', '2025-09-29 04:31:45', '2025-09-29 04:31:45'),
(492, 296, 4, '2025-09-29', 'Present', 'N/A', '2025-09-29 04:31:47', '2025-09-29 04:31:47'),
(493, 25, 8, '2025-09-29', 'Absent', 'N/A', '2025-09-29 04:39:11', '2025-09-29 04:39:11'),
(494, 39, 8, '2025-09-29', 'Present', 'N/A', '2025-09-29 04:39:12', '2025-09-29 04:39:12'),
(495, 57, 8, '2025-09-29', 'Present', 'N/A', '2025-09-29 04:39:13', '2025-09-29 04:39:13'),
(496, 67, 8, '2025-09-29', 'Present', 'N/A', '2025-09-29 04:39:13', '2025-09-29 04:39:13'),
(497, 74, 8, '2025-09-29', 'Present', 'N/A', '2025-09-29 04:39:14', '2025-09-29 04:39:14'),
(498, 94, 8, '2025-09-29', 'Absent', 'N/A', '2025-09-29 04:39:16', '2025-09-29 04:39:16'),
(499, 95, 8, '2025-09-29', 'Present', 'N/A', '2025-09-29 04:39:17', '2025-09-29 04:39:17'),
(500, 108, 8, '2025-09-29', 'Present', 'N/A', '2025-09-29 04:39:18', '2025-09-29 04:39:18'),
(501, 112, 8, '2025-09-29', 'Absent', 'N/A', '2025-09-29 04:39:19', '2025-09-29 04:39:19'),
(502, 124, 8, '2025-09-29', 'Present', 'N/A', '2025-09-29 04:39:20', '2025-09-29 04:39:20'),
(503, 138, 8, '2025-09-29', 'Present', 'N/A', '2025-09-29 04:39:21', '2025-09-29 04:39:21'),
(504, 140, 8, '2025-09-29', 'Present', 'N/A', '2025-09-29 04:39:22', '2025-09-29 04:39:22'),
(505, 177, 8, '2025-09-29', 'Present', 'N/A', '2025-09-29 04:39:23', '2025-09-29 04:39:23'),
(506, 181, 8, '2025-09-29', 'Absent', 'N/A', '2025-09-29 04:39:24', '2025-09-29 04:39:24'),
(507, 182, 8, '2025-09-29', 'Present', 'N/A', '2025-09-29 04:39:26', '2025-09-29 04:39:26'),
(508, 183, 8, '2025-09-29', 'Absent', 'N/A', '2025-09-29 04:39:26', '2025-09-29 04:39:26'),
(509, 192, 8, '2025-09-29', 'Present', 'N/A', '2025-09-29 04:39:28', '2025-09-29 04:39:28'),
(510, 195, 8, '2025-09-29', 'Present', 'N/A', '2025-09-29 04:39:29', '2025-09-29 04:39:29'),
(511, 200, 8, '2025-09-29', 'Present', 'N/A', '2025-09-29 04:39:30', '2025-09-29 04:39:30'),
(512, 202, 8, '2025-09-29', 'Present', 'N/A', '2025-09-29 04:39:31', '2025-09-29 04:39:31'),
(513, 216, 8, '2025-09-29', 'Present', 'N/A', '2025-09-29 04:39:32', '2025-09-29 04:39:32'),
(514, 223, 8, '2025-09-29', 'Present', 'N/A', '2025-09-29 04:39:33', '2025-09-29 04:39:33'),
(515, 230, 8, '2025-09-29', 'Present', 'N/A', '2025-09-29 04:39:33', '2025-09-29 04:39:33'),
(516, 256, 8, '2025-09-29', 'Present', 'N/A', '2025-09-29 04:39:35', '2025-09-29 04:39:35'),
(517, 263, 8, '2025-09-29', 'Present', 'N/A', '2025-09-29 04:39:36', '2025-09-29 04:39:36'),
(518, 277, 8, '2025-09-29', 'Present', 'N/A', '2025-09-29 04:39:37', '2025-09-29 04:39:37'),
(519, 71, 12, '2025-09-29', 'Present', 'N/A', '2025-09-29 04:47:01', '2025-09-29 04:47:01'),
(520, 78, 12, '2025-09-29', 'Present', 'N/A', '2025-09-29 04:47:07', '2025-09-29 04:47:07'),
(521, 125, 12, '2025-09-29', 'Present', 'N/A', '2025-09-29 04:47:08', '2025-09-29 04:47:08'),
(522, 145, 12, '2025-09-29', 'Present', 'N/A', '2025-09-29 04:47:09', '2025-09-29 04:47:09'),
(523, 146, 12, '2025-09-29', 'Present', 'N/A', '2025-09-29 04:47:10', '2025-09-29 04:47:10'),
(524, 151, 12, '2025-09-29', 'Present', 'N/A', '2025-09-29 04:47:12', '2025-09-29 04:47:12'),
(525, 186, 12, '2025-09-29', 'Present', 'N/A', '2025-09-29 04:47:12', '2025-09-29 04:47:12'),
(526, 191, 12, '2025-09-29', 'Absent', 'N/A', '2025-09-29 04:47:13', '2025-09-29 04:47:13'),
(527, 208, 12, '2025-09-29', 'Present', 'N/A', '2025-09-29 04:47:14', '2025-09-29 04:47:14'),
(528, 211, 12, '2025-09-29', 'Present', 'N/A', '2025-09-29 04:47:15', '2025-09-29 04:47:15'),
(529, 213, 12, '2025-09-29', 'Present', 'N/A', '2025-09-29 04:47:16', '2025-09-29 04:47:16'),
(530, 219, 12, '2025-09-29', 'Present', 'N/A', '2025-09-29 04:47:17', '2025-09-29 04:47:17'),
(531, 233, 12, '2025-09-29', 'Present', 'N/A', '2025-09-29 04:47:18', '2025-09-29 04:47:18'),
(532, 240, 12, '2025-09-29', 'Present', 'N/A', '2025-09-29 04:47:19', '2025-09-29 04:47:19'),
(533, 242, 12, '2025-09-29', 'Absent', 'N/A', '2025-09-29 04:47:20', '2025-09-29 04:47:20'),
(534, 259, 12, '2025-09-29', 'Present', 'N/A', '2025-09-29 04:47:21', '2025-09-29 04:47:21'),
(535, 278, 12, '2025-09-29', 'Present', 'N/A', '2025-09-29 04:47:22', '2025-09-29 04:47:22'),
(536, 299, 12, '2025-09-29', 'Present', 'N/A', '2025-09-29 04:47:23', '2025-09-29 04:47:23'),
(537, 10, 10, '2025-09-29', 'Present', 'N/A', '2025-09-29 04:48:20', '2025-09-29 04:48:20'),
(538, 12, 10, '2025-09-29', 'Present', 'N/A', '2025-09-29 04:48:21', '2025-09-29 04:48:21'),
(539, 17, 10, '2025-09-29', 'Present', 'N/A', '2025-09-29 04:48:22', '2025-09-29 04:48:22'),
(540, 42, 10, '2025-09-29', 'Absent', 'N/A', '2025-09-29 04:48:23', '2025-09-29 04:48:23'),
(541, 49, 10, '2025-09-29', 'Present', 'N/A', '2025-09-29 04:48:23', '2025-09-29 04:48:23'),
(542, 53, 10, '2025-09-29', 'Present', 'N/A', '2025-09-29 04:48:24', '2025-09-29 04:48:24'),
(543, 60, 10, '2025-09-29', 'Present', 'N/A', '2025-09-29 04:48:26', '2025-09-29 04:48:26'),
(544, 75, 10, '2025-09-29', 'Present', 'N/A', '2025-09-29 04:48:26', '2025-09-29 04:48:26'),
(545, 87, 10, '2025-09-29', 'Present', 'N/A', '2025-09-29 04:48:27', '2025-09-29 04:48:27'),
(546, 120, 10, '2025-09-29', 'Present', 'N/A', '2025-09-29 04:48:28', '2025-09-29 04:48:28'),
(547, 171, 10, '2025-09-29', 'Present', 'N/A', '2025-09-29 04:48:29', '2025-09-29 04:48:29'),
(548, 173, 10, '2025-09-29', 'Present', 'N/A', '2025-09-29 04:48:30', '2025-09-29 04:48:30'),
(549, 175, 10, '2025-09-29', 'Present', 'N/A', '2025-09-29 04:48:32', '2025-09-29 04:48:32'),
(550, 178, 10, '2025-09-29', 'Present', 'N/A', '2025-09-29 04:48:33', '2025-09-29 04:48:33'),
(551, 199, 10, '2025-09-29', 'Absent', 'N/A', '2025-09-29 04:48:34', '2025-09-29 04:48:34');
INSERT INTO `attendances` (`id`, `student_id`, `class_id`, `attendance_date`, `status`, `remarks`, `created_at`, `updated_at`) VALUES
(552, 204, 10, '2025-09-29', 'Present', 'N/A', '2025-09-29 04:48:35', '2025-09-29 04:48:35'),
(553, 206, 10, '2025-09-29', 'Present', 'N/A', '2025-09-29 04:48:36', '2025-09-29 04:48:36'),
(554, 209, 10, '2025-09-29', 'Present', 'N/A', '2025-09-29 04:48:37', '2025-09-29 04:48:37'),
(555, 212, 10, '2025-09-29', 'Present', 'N/A', '2025-09-29 04:48:38', '2025-09-29 04:48:38'),
(556, 214, 10, '2025-09-29', 'Present', 'N/A', '2025-09-29 04:48:39', '2025-09-29 04:48:39'),
(557, 215, 10, '2025-09-29', 'Absent', 'N/A', '2025-09-29 04:48:40', '2025-09-29 04:48:40'),
(558, 228, 10, '2025-09-29', 'Present', 'N/A', '2025-09-29 04:48:41', '2025-09-29 04:48:41'),
(559, 236, 10, '2025-09-29', 'Present', 'N/A', '2025-09-29 04:48:44', '2025-09-29 04:48:44'),
(560, 244, 10, '2025-09-29', 'Absent', 'N/A', '2025-09-29 04:48:46', '2025-09-29 04:48:46'),
(561, 246, 10, '2025-09-29', 'Present', 'N/A', '2025-09-29 04:48:47', '2025-09-29 04:48:47'),
(562, 250, 10, '2025-09-29', 'Present', 'N/A', '2025-09-29 04:48:48', '2025-09-29 04:48:48'),
(563, 268, 10, '2025-09-29', 'Present', 'N/A', '2025-09-29 04:48:49', '2025-09-29 04:48:49'),
(564, 284, 10, '2025-09-29', 'Present', 'N/A', '2025-09-29 04:48:50', '2025-09-29 04:48:50'),
(565, 291, 10, '2025-09-29', 'Present', 'N/A', '2025-09-29 04:48:51', '2025-09-29 04:48:51'),
(566, 297, 10, '2025-09-29', 'Present', 'N/A', '2025-09-29 04:48:52', '2025-09-29 04:48:52'),
(567, 298, 10, '2025-09-29', 'Present', 'N/A', '2025-09-29 04:48:53', '2025-09-29 04:48:53'),
(568, 1, 2, '2025-09-30', 'Present', 'N/A', '2025-09-30 08:41:39', '2025-09-30 08:41:39'),
(569, 5, 2, '2025-09-30', 'Present', 'N/A', '2025-09-30 08:41:40', '2025-09-30 08:41:40'),
(570, 6, 2, '2025-09-30', 'Present', 'N/A', '2025-09-30 08:41:41', '2025-09-30 08:41:41'),
(571, 11, 2, '2025-09-30', 'Present', 'N/A', '2025-09-30 08:41:42', '2025-09-30 08:41:42'),
(572, 14, 2, '2025-09-30', 'Present', 'N/A', '2025-09-30 08:41:43', '2025-09-30 08:41:43'),
(573, 19, 2, '2025-09-30', 'Present', 'N/A', '2025-09-30 08:41:44', '2025-09-30 08:41:44'),
(574, 20, 2, '2025-09-30', 'Present', 'N/A', '2025-09-30 08:41:45', '2025-09-30 08:41:45'),
(575, 38, 2, '2025-09-30', 'Present', 'N/A', '2025-09-30 08:41:46', '2025-09-30 08:41:46'),
(576, 48, 2, '2025-09-30', 'Present', 'N/A', '2025-09-30 08:41:47', '2025-09-30 08:41:47'),
(577, 63, 2, '2025-09-30', 'Present', 'N/A', '2025-09-30 08:41:48', '2025-09-30 08:41:48'),
(578, 69, 2, '2025-09-30', 'Present', 'N/A', '2025-09-30 08:41:48', '2025-09-30 08:41:48'),
(579, 72, 2, '2025-09-30', 'Present', 'N/A', '2025-09-30 08:41:49', '2025-09-30 08:41:49'),
(580, 76, 2, '2025-09-30', 'Present', 'N/A', '2025-09-30 08:41:50', '2025-09-30 08:41:50'),
(581, 80, 2, '2025-09-30', 'Present', 'N/A', '2025-09-30 08:41:51', '2025-09-30 08:41:51'),
(582, 93, 2, '2025-09-30', 'Present', 'N/A', '2025-09-30 08:41:52', '2025-09-30 08:41:52'),
(583, 99, 2, '2025-09-30', 'Present', 'N/A', '2025-09-30 08:41:53', '2025-09-30 08:41:53'),
(584, 100, 2, '2025-09-30', 'Present', 'N/A', '2025-09-30 08:41:54', '2025-09-30 08:41:54'),
(585, 104, 2, '2025-09-30', 'Present', 'N/A', '2025-09-30 08:41:55', '2025-09-30 08:41:55'),
(586, 113, 2, '2025-09-30', 'Present', 'N/A', '2025-09-30 08:41:57', '2025-09-30 08:41:57'),
(587, 121, 2, '2025-09-30', 'Present', 'N/A', '2025-09-30 08:41:57', '2025-09-30 08:41:57'),
(588, 131, 2, '2025-09-30', 'Present', 'N/A', '2025-09-30 08:41:58', '2025-09-30 08:41:58'),
(589, 147, 2, '2025-09-30', 'Present', 'N/A', '2025-09-30 08:42:00', '2025-09-30 08:42:00'),
(590, 155, 2, '2025-09-30', 'Present', 'N/A', '2025-09-30 08:42:01', '2025-09-30 08:42:01'),
(591, 161, 2, '2025-09-30', 'Absent', 'N/A', '2025-09-30 08:42:02', '2025-09-30 08:42:02'),
(592, 169, 2, '2025-09-30', 'Present', 'N/A', '2025-09-30 08:42:03', '2025-09-30 08:42:03'),
(593, 180, 2, '2025-09-30', 'Present', 'N/A', '2025-09-30 08:42:04', '2025-09-30 08:42:04'),
(594, 190, 2, '2025-09-30', 'Absent', 'N/A', '2025-09-30 08:42:05', '2025-09-30 08:42:05'),
(595, 198, 2, '2025-09-30', 'Present', 'N/A', '2025-09-30 08:42:06', '2025-09-30 08:42:06'),
(596, 203, 2, '2025-09-30', 'Present', 'N/A', '2025-09-30 08:42:06', '2025-09-30 08:42:06'),
(597, 210, 2, '2025-09-30', 'Absent', 'N/A', '2025-09-30 08:42:08', '2025-09-30 08:42:08'),
(598, 222, 2, '2025-09-30', 'Present', 'N/A', '2025-09-30 08:42:09', '2025-09-30 08:42:09'),
(599, 224, 2, '2025-09-30', 'Absent', 'N/A', '2025-09-30 08:42:10', '2025-09-30 08:42:10'),
(600, 227, 2, '2025-09-30', 'Present', 'N/A', '2025-09-30 08:42:11', '2025-09-30 08:42:11'),
(601, 254, 2, '2025-09-30', 'Present', 'N/A', '2025-09-30 08:42:12', '2025-09-30 08:42:12'),
(602, 267, 2, '2025-09-30', 'Absent', 'N/A', '2025-09-30 08:42:13', '2025-09-30 08:42:13'),
(603, 271, 2, '2025-09-30', 'Present', 'N/A', '2025-09-30 08:42:14', '2025-09-30 08:42:14'),
(604, 276, 2, '2025-09-30', 'Absent', 'N/A', '2025-09-30 08:42:15', '2025-09-30 08:42:15'),
(605, 282, 2, '2025-09-30', 'Present', 'N/A', '2025-09-30 08:42:15', '2025-09-30 08:42:15'),
(606, 283, 2, '2025-09-30', 'Present', 'N/A', '2025-09-30 08:42:16', '2025-09-30 08:42:16'),
(607, 292, 2, '2025-09-30', 'Present', 'N/A', '2025-09-30 08:42:18', '2025-09-30 08:42:18');

-- --------------------------------------------------------

--
-- Table structure for table `exams`
--

CREATE TABLE `exams` (
  `id` bigint(20) UNSIGNED NOT NULL,
  `name` varchar(255) NOT NULL,
  `date` date NOT NULL,
  `class_id` bigint(20) UNSIGNED NOT NULL,
  `subject_id` bigint(20) UNSIGNED NOT NULL,
  `max_marks` int(11) NOT NULL DEFAULT 100,
  `created_at` timestamp NULL DEFAULT NULL,
  `updated_at` timestamp NULL DEFAULT NULL
) ENGINE=InnoDB DEFAULT CHARSET=utf8mb4 COLLATE=utf8mb4_unicode_ci;

--
-- Dumping data for table `exams`
--

INSERT INTO `exams` (`id`, `name`, `date`, `class_id`, `subject_id`, `max_marks`, `created_at`, `updated_at`) VALUES
(1, 'Midterm', '2025-09-18', 1, 1, 100, '2025-09-16 22:50:02', '2025-09-16 22:50:02'),
(2, 'Midterm', '2025-09-20', 1, 2, 100, '2025-09-16 22:50:15', '2025-09-16 22:50:15'),
(3, 'Midterm', '2025-09-21', 1, 3, 100, '2025-09-16 22:50:26', '2025-09-16 22:50:26'),
(4, 'Midterm', '2025-09-22', 1, 4, 100, '2025-09-16 22:50:35', '2025-09-16 22:50:35'),
(5, 'Midterm', '2025-09-23', 1, 5, 100, '2025-09-16 22:50:47', '2025-09-16 22:50:47'),
(6, 'Final', '2025-10-01', 1, 1, 100, '2025-09-16 23:25:37', '2025-09-16 23:25:37'),
(7, 'Midterm', '2025-10-01', 6, 31, 100, '2025-09-17 05:25:08', '2025-09-17 05:25:08'),
(8, 'Final', '2025-10-02', 6, 33, 100, '2025-09-17 05:25:35', '2025-09-17 05:25:35'),
(9, 'Class Test', '2025-09-29', 2, 6, 10, '2025-09-28 12:51:28', '2025-09-28 12:51:28'),
(10, 'Class Test', '2025-09-29', 1, 1, 10, '2025-09-28 12:53:12', '2025-09-28 12:53:12'),
(11, 'Class Test', '2025-09-29', 3, 11, 10, '2025-09-28 13:07:43', '2025-09-28 13:07:43');

-- --------------------------------------------------------

--
-- Table structure for table `exam_names`
--

CREATE TABLE `exam_names` (
  `id` bigint(20) UNSIGNED NOT NULL,
  `exam_name` varchar(255) NOT NULL,
  `created_at` timestamp NULL DEFAULT NULL,
  `updated_at` timestamp NULL DEFAULT NULL
) ENGINE=InnoDB DEFAULT CHARSET=utf8mb4 COLLATE=utf8mb4_unicode_ci;

-- --------------------------------------------------------

--
-- Table structure for table `failed_jobs`
--

CREATE TABLE `failed_jobs` (
  `id` bigint(20) UNSIGNED NOT NULL,
  `uuid` varchar(255) NOT NULL,
  `connection` text NOT NULL,
  `queue` text NOT NULL,
  `payload` longtext NOT NULL,
  `exception` longtext NOT NULL,
  `failed_at` timestamp NOT NULL DEFAULT current_timestamp()
) ENGINE=InnoDB DEFAULT CHARSET=utf8mb4 COLLATE=utf8mb4_unicode_ci;

-- --------------------------------------------------------

--
-- Table structure for table `fee_categories`
--

CREATE TABLE `fee_categories` (
  `id` bigint(20) UNSIGNED NOT NULL,
  `name` varchar(255) NOT NULL,
  `description` text DEFAULT NULL,
  `created_at` timestamp NULL DEFAULT NULL,
  `updated_at` timestamp NULL DEFAULT NULL
) ENGINE=InnoDB DEFAULT CHARSET=utf8mb4 COLLATE=utf8mb4_unicode_ci;

--
-- Dumping data for table `fee_categories`
--

INSERT INTO `fee_categories` (`id`, `name`, `description`, `created_at`, `updated_at`) VALUES
(1, 'Tuition Fee', 'Regular fee for academic instruction and classes', '2025-09-28 09:24:47', '2025-09-28 09:24:47'),
(2, 'Admission Fee', 'One-time fee for student enrollment', '2025-09-28 09:24:47', '2025-09-28 09:24:47'),
(3, 'Exam Fee', 'Fee for conducting examinations', '2025-09-28 09:24:47', '2025-09-28 09:24:47'),
(4, 'Library Fee', 'Charge for library access and maintenance', '2025-09-28 09:24:47', '2025-09-28 09:24:47'),
(5, 'Laboratory Fee', 'Fee for science/computer lab usage', '2025-09-28 09:24:47', '2025-09-28 09:24:47'),
(6, 'Sports Fee', 'Charge for sports activities and events', '2025-09-28 09:24:47', '2025-09-28 09:24:47'),
(7, 'Transport Fee', 'Fee for school bus/transport facilities', '2025-09-28 09:24:47', '2025-09-28 09:24:47'),
(8, 'Hostel Fee', 'Accommodation and meal charges in hostel', '2025-09-28 09:24:47', '2025-09-28 09:24:47'),
(9, 'Development Fee', 'Fee for infrastructure and school development', '2025-09-28 09:24:47', '2025-09-28 09:24:47'),
(10, 'Activity Fee', 'Fee for extracurricular activities and events', '2025-09-28 09:24:47', '2025-09-28 09:24:47');

-- --------------------------------------------------------

--
-- Table structure for table `fee_payments`
--

CREATE TABLE `fee_payments` (
  `id` bigint(20) UNSIGNED NOT NULL,
  `student_id` bigint(20) UNSIGNED NOT NULL,
  `fee_structure_id` bigint(20) UNSIGNED NOT NULL,
  `amount_paid` decimal(10,2) NOT NULL DEFAULT 0.00,
  `discount` decimal(10,2) NOT NULL DEFAULT 0.00,
  `due_amount` decimal(10,2) NOT NULL DEFAULT 0.00,
  `payment_date` date NOT NULL,
  `month` int(11) NOT NULL,
  `year` int(11) NOT NULL,
  `payment_method` varchar(255) NOT NULL DEFAULT 'Cash',
  `status` varchar(255) NOT NULL DEFAULT 'Pending',
  `receipt_no` varchar(255) DEFAULT NULL,
  `created_at` timestamp NULL DEFAULT NULL,
  `updated_at` timestamp NULL DEFAULT NULL
) ENGINE=InnoDB DEFAULT CHARSET=utf8mb4 COLLATE=utf8mb4_unicode_ci;

--
-- Dumping data for table `fee_payments`
--

INSERT INTO `fee_payments` (`id`, `student_id`, `fee_structure_id`, `amount_paid`, `discount`, `due_amount`, `payment_date`, `month`, `year`, `payment_method`, `status`, `receipt_no`, `created_at`, `updated_at`) VALUES
(1, 301, 1, 68.49, 0.00, 31.51, '2025-09-30', 9, 2025, 'Cash', 'Partial', 'AMPZMEDQ', '2025-09-30 12:55:51', '2025-09-30 12:55:51'),
(2, 301, 14, 342.47, 0.00, 157.53, '2025-09-30', 9, 2025, 'Cash', 'Partial', '2J3XC7MI', '2025-09-30 12:55:51', '2025-09-30 12:55:51'),
(3, 301, 15, 54.79, 0.00, 25.21, '2025-09-30', 9, 2025, 'Cash', 'Partial', 'F9IYD0SC', '2025-09-30 12:55:51', '2025-09-30 12:55:51'),
(4, 301, 16, 34.25, 0.00, 15.75, '2025-09-30', 9, 2025, 'Cash', 'Partial', '4WD8DGIW', '2025-09-30 12:55:51', '2025-09-30 12:55:51'),
(5, 1, 3, 118.92, 1.08, 0.00, '2025-09-30', 9, 2025, 'Cash', 'Paid', 'ETCYPAER', '2025-09-30 12:58:13', '2025-09-30 12:58:13'),
(6, 1, 17, 445.95, 4.05, 0.00, '2025-09-30', 9, 2025, 'Cash', 'Paid', 'LJVPY0PH', '2025-09-30 12:58:13', '2025-09-30 12:58:13'),
(7, 1, 18, 118.92, 1.08, 0.00, '2025-09-30', 9, 2025, 'Cash', 'Paid', '1S3G52UK', '2025-09-30 12:58:13', '2025-09-30 12:58:13'),
(8, 1, 19, 118.92, 1.08, 0.00, '2025-09-30', 9, 2025, 'Cash', 'Paid', 'FGIOCDRK', '2025-09-30 12:58:13', '2025-09-30 12:58:13'),
(9, 1, 20, 247.75, 2.25, 0.00, '2025-09-30', 9, 2025, 'Cash', 'Paid', 'NGRZ8BBZ', '2025-09-30 12:58:13', '2025-09-30 12:58:13'),
(10, 1, 21, 49.54, 0.46, 0.00, '2025-09-30', 9, 2025, 'Cash', 'Paid', 'X5SSGCDH', '2025-09-30 12:58:13', '2025-09-30 12:58:13'),
(11, 5, 3, 108.11, 1.08, 10.81, '2025-09-30', 9, 2025, 'Cash', 'Partial', 'NBLTTCET', '2025-09-30 12:58:36', '2025-09-30 12:58:36'),
(12, 5, 17, 405.41, 4.05, 40.54, '2025-09-30', 9, 2025, 'Cash', 'Partial', 'C6CO54OM', '2025-09-30 12:58:36', '2025-09-30 12:58:36'),
(13, 5, 18, 108.11, 1.08, 10.81, '2025-09-30', 9, 2025, 'Cash', 'Partial', 'HFBOD5JA', '2025-09-30 12:58:36', '2025-09-30 12:58:36'),
(14, 5, 19, 108.11, 1.08, 10.81, '2025-09-30', 9, 2025, 'Cash', 'Partial', 'YHURUW3N', '2025-09-30 12:58:36', '2025-09-30 12:58:36'),
(15, 5, 20, 225.23, 2.25, 22.52, '2025-09-30', 9, 2025, 'Cash', 'Partial', 'ZXN21Z86', '2025-09-30 12:58:36', '2025-09-30 12:58:36'),
(16, 5, 21, 45.03, 0.46, 4.51, '2025-09-30', 9, 2025, 'Cash', 'Partial', '9J1EWW7G', '2025-09-30 12:58:36', '2025-09-30 12:58:36');

-- --------------------------------------------------------

--
-- Table structure for table `fee_structures`
--

CREATE TABLE `fee_structures` (
  `id` bigint(20) UNSIGNED NOT NULL,
  `class_id` bigint(20) UNSIGNED NOT NULL,
  `fee_cat_id` bigint(20) UNSIGNED NOT NULL,
  `amount` decimal(10,2) NOT NULL,
  `due_date` date DEFAULT NULL,
  `created_at` timestamp NULL DEFAULT NULL,
  `updated_at` timestamp NULL DEFAULT NULL
) ENGINE=InnoDB DEFAULT CHARSET=utf8mb4 COLLATE=utf8mb4_unicode_ci;

--
-- Dumping data for table `fee_structures`
--

INSERT INTO `fee_structures` (`id`, `class_id`, `fee_cat_id`, `amount`, `due_date`, `created_at`, `updated_at`) VALUES
(1, 1, 1, 100.00, '2025-10-28', '2025-09-28 09:25:05', '2025-09-28 09:25:05'),
(3, 2, 1, 120.00, '2025-10-28', '2025-09-28 09:31:47', '2025-09-28 09:31:47'),
(4, 3, 1, 130.00, '2025-10-28', '2025-09-28 09:31:52', '2025-09-28 09:31:52'),
(5, 4, 1, 140.00, '2025-10-28', '2025-09-28 09:53:59', '2025-09-28 09:53:59'),
(6, 5, 1, 150.00, '2025-10-28', '2025-09-28 09:54:06', '2025-09-28 09:54:06'),
(7, 6, 1, 160.00, '2025-10-28', '2025-09-28 09:54:13', '2025-09-28 09:54:13'),
(8, 7, 1, 170.00, '2025-10-28', '2025-09-28 09:54:21', '2025-09-28 09:54:21'),
(9, 8, 1, 180.00, '2025-10-28', '2025-09-28 09:54:27', '2025-09-28 09:54:27'),
(10, 9, 1, 190.00, '2025-10-28', '2025-09-28 09:54:32', '2025-09-28 09:54:32'),
(11, 10, 1, 200.00, '2025-10-28', '2025-09-28 09:54:39', '2025-09-28 09:54:39'),
(12, 11, 1, 250.00, '2025-10-28', '2025-09-28 09:54:45', '2025-09-28 09:54:45'),
(13, 12, 1, 300.00, '2025-10-28', '2025-09-28 09:54:53', '2025-09-28 09:54:53'),
(14, 1, 2, 500.00, '2025-10-28', '2025-09-28 09:57:08', '2025-09-28 09:57:08'),
(15, 1, 3, 80.00, '2025-10-28', '2025-09-28 10:45:06', '2025-09-28 10:45:06'),
(16, 1, 4, 50.00, '2025-10-28', '2025-09-28 10:45:13', '2025-09-28 10:45:13'),
(17, 2, 3, 450.00, '2025-10-30', '2025-09-30 11:16:35', '2025-09-30 11:16:35'),
(18, 2, 4, 120.00, '2025-10-30', '2025-09-30 11:16:42', '2025-09-30 11:16:42'),
(19, 2, 5, 120.00, '2025-10-30', '2025-09-30 11:16:50', '2025-09-30 11:16:50'),
(20, 2, 6, 250.00, '2025-10-30', '2025-09-30 11:16:58', '2025-09-30 11:16:58'),
(21, 2, 9, 50.00, '2025-10-30', '2025-09-30 11:17:06', '2025-09-30 11:17:06');

-- --------------------------------------------------------

--
-- Table structure for table `marks`
--

CREATE TABLE `marks` (
  `id` bigint(20) UNSIGNED NOT NULL,
  `student_id` bigint(20) UNSIGNED NOT NULL,
  `subject_id` bigint(20) UNSIGNED NOT NULL,
  `exam_id` bigint(20) UNSIGNED NOT NULL,
  `marks_obtained` int(11) NOT NULL,
  `grade` varchar(255) DEFAULT NULL,
  `gpa` int(11) DEFAULT NULL,
  `remarks` varchar(255) DEFAULT NULL,
  `created_at` timestamp NULL DEFAULT NULL,
  `updated_at` timestamp NULL DEFAULT NULL
) ENGINE=InnoDB DEFAULT CHARSET=utf8mb4 COLLATE=utf8mb4_unicode_ci;

--
-- Dumping data for table `marks`
--

INSERT INTO `marks` (`id`, `student_id`, `subject_id`, `exam_id`, `marks_obtained`, `grade`, `gpa`, `remarks`, `created_at`, `updated_at`) VALUES
(1, 1, 1, 1, 95, 'A+', 5, 'N/A', '2025-09-16 22:53:11', '2025-09-16 22:53:11'),
(2, 5, 1, 1, 90, 'A+', 5, 'N/A', '2025-09-16 22:53:22', '2025-09-16 22:53:22'),
(3, 11, 1, 1, 85, 'A+', 5, 'N/A', '2025-09-16 22:53:27', '2025-09-16 22:53:27'),
(4, 1, 2, 2, 90, 'A+', 5, 'N/A', '2025-09-16 22:53:34', '2025-09-16 22:53:34'),
(5, 5, 2, 2, 80, 'A+', 5, 'N/A', '2025-09-16 22:53:37', '2025-09-16 22:53:37'),
(6, 11, 2, 2, 75, 'A', 4, 'N/A', '2025-09-16 22:53:40', '2025-09-16 22:53:40'),
(7, 1, 3, 3, 90, 'A+', 5, 'N/A', '2025-09-16 22:53:46', '2025-09-16 22:53:46'),
(8, 5, 3, 3, 85, 'A+', 5, 'N/A', '2025-09-16 22:53:48', '2025-09-16 22:53:48'),
(9, 11, 3, 3, 80, 'A+', 5, 'N/A', '2025-09-16 22:53:50', '2025-09-16 22:53:50'),
(10, 1, 4, 4, 80, 'A+', 5, 'N/A', '2025-09-16 22:53:55', '2025-09-16 22:53:55'),
(11, 5, 4, 4, 80, 'A+', 5, 'N/A', '2025-09-16 22:53:57', '2025-09-16 22:53:57'),
(12, 11, 4, 4, 85, 'A+', 5, 'N/A', '2025-09-16 22:54:00', '2025-09-16 22:54:00'),
(13, 1, 5, 5, 90, 'A+', 5, 'N/A', '2025-09-16 22:54:05', '2025-09-16 22:54:05'),
(14, 5, 5, 5, 90, 'A+', 5, 'N/A', '2025-09-16 22:54:08', '2025-09-16 22:54:08'),
(15, 11, 5, 5, 90, 'A+', 5, 'N/A', '2025-09-16 22:54:11', '2025-09-16 22:54:11'),
(16, 5, 1, 6, 33, 'D', 1, 'N/A', '2025-09-17 02:26:50', '2025-09-17 02:26:50'),
(17, 11, 1, 6, 95, 'A+', 5, 'N/A', '2025-09-17 02:26:54', '2025-09-17 02:26:54'),
(18, 4, 31, 7, 85, 'A+', 5, 'N/A', '2025-09-17 05:28:03', '2025-09-17 05:28:03'),
(19, 18, 31, 7, 75, 'A', 4, 'N/A', '2025-09-17 05:28:05', '2025-09-17 05:28:05'),
(20, 32, 31, 7, 33, 'D', 1, 'N/A', '2025-09-17 05:28:08', '2025-09-17 05:28:08'),
(21, 4, 33, 8, 50, 'B', 3, 'N/A', '2025-09-17 05:28:43', '2025-09-17 05:28:43'),
(22, 18, 33, 8, 75, 'A', 4, 'N/A', '2025-09-17 05:28:46', '2025-09-17 05:28:46'),
(23, 32, 33, 8, 90, 'A+', 5, 'N/A', '2025-09-17 05:28:48', '2025-09-17 05:28:48'),
(24, 210, 1, 1, 90, 'A+', 5, 'N/A', '2025-09-19 06:06:47', '2025-09-19 06:06:47'),
(25, 283, 1, 1, 46, 'C', 2, 'N/A', '2025-09-19 06:06:52', '2025-09-19 06:06:52'),
(26, 267, 1, 1, 33, 'D', 1, 'N/A', '2025-09-19 06:07:00', '2025-09-19 06:07:00'),
(27, 210, 1, 6, 55, 'B', 3, 'N/A', '2025-09-19 09:38:43', '2025-09-19 09:38:43'),
(28, 283, 1, 6, 75, 'A', 4, 'N/A', '2025-09-19 09:38:46', '2025-09-19 09:38:46'),
(29, 267, 1, 6, 25, 'F', 0, 'N/A', '2025-09-19 09:38:51', '2025-09-19 09:38:51'),
(30, 210, 2, 2, 50, 'B', 3, 'N/A', '2025-09-21 10:16:20', '2025-09-21 10:16:20'),
(31, 283, 2, 2, 20, 'F', 0, 'N/A', '2025-09-21 10:16:22', '2025-09-21 10:16:22'),
(32, 267, 2, 2, 80, 'A+', 5, 'N/A', '2025-09-21 10:16:26', '2025-09-21 10:16:26'),
(33, 210, 3, 3, 40, 'C', 2, 'N/A', '2025-09-21 10:18:16', '2025-09-21 10:18:16'),
(34, 283, 3, 3, 80, 'A+', 5, 'N/A', '2025-09-21 10:18:21', '2025-09-21 10:18:21'),
(35, 267, 3, 3, 90, 'A+', 5, 'N/A', '2025-09-21 10:18:22', '2025-09-21 10:18:22'),
(36, 210, 4, 4, 50, 'B', 3, 'N/A', '2025-09-21 10:18:30', '2025-09-21 10:18:30'),
(37, 283, 4, 4, 50, 'B', 3, 'N/A', '2025-09-21 10:18:31', '2025-09-21 10:18:31'),
(38, 267, 4, 4, 50, 'B', 3, 'N/A', '2025-09-21 10:18:34', '2025-09-21 10:18:34'),
(39, 210, 5, 5, 90, 'A+', 5, 'N/A', '2025-09-21 10:18:40', '2025-09-21 10:18:40'),
(40, 283, 5, 5, 90, 'A+', 5, 'N/A', '2025-09-21 10:18:42', '2025-09-21 10:18:42'),
(41, 267, 5, 5, 90, 'A+', 5, 'N/A', '2025-09-21 10:18:44', '2025-09-21 10:18:44'),
(42, 1, 6, 9, 50, 'B', 3, 'N/A', '2025-09-28 12:52:44', '2025-09-28 12:52:44'),
(43, 5, 1, 10, 10, 'F', 0, 'N/A', '2025-09-28 12:53:21', '2025-09-28 12:53:21'),
(44, 11, 1, 10, 5, 'F', 0, 'N/A', '2025-09-28 12:53:24', '2025-09-28 12:53:24'),
(45, 210, 1, 10, 2, 'F', 0, 'N/A', '2025-09-28 12:53:29', '2025-09-28 12:53:29'),
(46, 283, 1, 10, 1, 'F', 0, 'N/A', '2025-09-28 12:53:31', '2025-09-28 12:53:31'),
(47, 267, 1, 10, 5, 'F', 0, 'N/A', '2025-09-28 12:53:33', '2025-09-28 12:53:33'),
(48, 61, 11, 11, 8, 'A+', 5, 'N/A', '2025-09-28 13:13:00', '2025-09-28 13:13:00'),
(49, 90, 11, 11, 5, 'B', 3, 'N/A', '2025-09-28 13:13:02', '2025-09-28 13:13:02'),
(50, 101, 11, 11, 3, 'F', 0, 'N/A', '2025-09-28 13:13:05', '2025-09-28 13:13:05'),
(51, 109, 11, 11, 4, 'C', 2, 'N/A', '2025-09-28 13:13:08', '2025-09-28 13:13:08'),
(52, 6, 1, 1, 80, 'A+', 5, 'N/A', '2025-09-29 10:45:40', '2025-09-29 10:45:40'),
(53, 6, 2, 2, 70, 'A', 4, 'N/A', '2025-09-29 10:45:46', '2025-09-29 10:45:46'),
(54, 6, 3, 3, 75, 'A', 4, 'N/A', '2025-09-29 10:45:52', '2025-09-29 10:45:52'),
(55, 6, 4, 4, 85, 'A+', 5, 'N/A', '2025-09-29 10:45:57', '2025-09-29 10:45:57'),
(56, 6, 5, 5, 95, 'A+', 5, 'N/A', '2025-09-29 10:46:04', '2025-09-29 10:46:04'),
(57, 6, 1, 6, 86, 'A+', 5, 'N/A', '2025-09-29 10:46:10', '2025-09-29 10:46:10'),
(58, 6, 1, 10, 6, 'A-', 4, 'N/A', '2025-09-29 10:46:15', '2025-09-29 10:46:15'),
(59, 203, 1, 1, 80, 'A+', 5, 'N/A', '2025-09-29 10:50:40', '2025-09-29 10:50:40'),
(60, 198, 1, 1, 80, 'A+', 5, 'N/A', '2025-09-29 10:50:44', '2025-09-29 10:50:44'),
(61, 14, 1, 1, 85, 'A+', 5, 'N/A', '2025-09-29 10:50:50', '2025-09-29 10:50:50'),
(62, 19, 1, 1, 90, 'A+', 5, 'N/A', '2025-09-29 10:50:54', '2025-09-29 10:50:54'),
(63, 20, 1, 1, 95, 'A+', 5, 'N/A', '2025-09-29 10:50:58', '2025-09-29 10:50:58'),
(64, 121, 1, 1, 75, 'A', 4, 'N/A', '2025-09-29 10:51:01', '2025-09-29 10:51:01'),
(65, 169, 1, 1, 68, 'A-', 4, 'N/A', '2025-09-29 10:51:04', '2025-09-29 10:51:04'),
(66, 155, 1, 1, 78, 'A', 4, 'N/A', '2025-09-29 10:51:07', '2025-09-29 10:51:07'),
(67, 180, 1, 1, 86, 'A+', 5, 'N/A', '2025-09-29 10:51:11', '2025-09-29 10:51:11'),
(68, 190, 1, 1, 75, 'A', 4, 'N/A', '2025-09-29 10:51:15', '2025-09-29 10:51:15'),
(69, 147, 1, 1, 92, 'A+', 5, 'N/A', '2025-09-29 10:51:19', '2025-09-29 10:51:19'),
(70, 104, 1, 1, 55, 'B', 3, 'N/A', '2025-09-29 10:51:24', '2025-09-29 10:51:24'),
(71, 93, 1, 1, 45, 'C', 2, 'N/A', '2025-09-29 10:51:29', '2025-09-29 10:51:29'),
(72, 80, 1, 1, 63, 'A-', 4, 'N/A', '2025-09-29 10:51:34', '2025-09-29 10:51:34'),
(73, 48, 1, 1, 65, 'A-', 4, 'N/A', '2025-09-29 10:51:41', '2025-09-29 10:51:41'),
(74, 203, 2, 2, 65, 'A-', 4, 'N/A', '2025-09-29 10:52:34', '2025-09-29 10:52:34'),
(75, 198, 2, 2, 85, 'A+', 5, 'N/A', '2025-09-29 10:52:43', '2025-09-29 10:52:43'),
(76, 190, 2, 2, 96, 'A+', 5, 'N/A', '2025-09-29 10:52:46', '2025-09-29 10:52:46'),
(77, 180, 2, 2, 74, 'A', 4, 'N/A', '2025-09-29 10:52:51', '2025-09-29 10:52:51'),
(78, 169, 2, 2, 53, 'B', 3, 'N/A', '2025-09-29 10:52:59', '2025-09-29 10:52:59'),
(79, 155, 2, 2, 45, 'C', 2, 'N/A', '2025-09-29 10:53:02', '2025-09-29 10:53:02'),
(80, 147, 2, 2, 62, 'A-', 4, 'N/A', '2025-09-29 10:53:12', '2025-09-29 10:53:12'),
(81, 121, 2, 2, 72, 'A', 4, 'N/A', '2025-09-29 10:53:16', '2025-09-29 10:53:16'),
(82, 104, 2, 2, 91, 'A+', 5, 'N/A', '2025-09-29 10:53:24', '2025-09-29 10:53:24'),
(83, 93, 2, 2, 36, 'D', 1, 'N/A', '2025-09-29 10:53:30', '2025-09-29 10:53:30'),
(84, 80, 2, 2, 20, 'F', 0, 'N/A', '2025-09-29 10:53:36', '2025-09-29 10:53:36'),
(85, 48, 2, 2, 75, 'A', 4, 'N/A', '2025-09-29 10:53:40', '2025-09-29 10:53:40'),
(86, 20, 2, 2, 85, 'A+', 5, 'N/A', '2025-09-29 10:53:44', '2025-09-29 10:53:44'),
(87, 19, 2, 2, 74, 'A', 4, 'N/A', '2025-09-29 10:53:48', '2025-09-29 10:53:48'),
(88, 14, 2, 2, 85, 'A+', 5, 'N/A', '2025-09-29 10:53:51', '2025-09-29 10:53:51'),
(89, 203, 3, 3, 86, 'A+', 5, 'N/A', '2025-09-29 10:54:02', '2025-09-29 10:54:02'),
(90, 198, 3, 3, 75, 'A', 4, 'N/A', '2025-09-29 10:54:05', '2025-09-29 10:54:05'),
(91, 180, 3, 3, 75, 'A', 4, 'N/A', '2025-09-29 10:54:08', '2025-09-29 10:54:08'),
(92, 190, 3, 3, 75, 'A', 4, 'N/A', '2025-09-29 10:54:11', '2025-09-29 10:54:11'),
(93, 169, 3, 3, 82, 'A+', 5, 'N/A', '2025-09-29 10:54:17', '2025-09-29 10:54:17'),
(94, 155, 3, 3, 80, 'A+', 5, 'N/A', '2025-09-29 10:54:20', '2025-09-29 10:54:20'),
(95, 147, 3, 3, 76, 'A', 4, 'N/A', '2025-09-29 10:54:31', '2025-09-29 10:54:31'),
(96, 121, 3, 3, 76, 'A', 4, 'N/A', '2025-09-29 10:54:36', '2025-09-29 10:54:36'),
(97, 80, 3, 3, 76, 'A', 4, 'N/A', '2025-09-29 10:54:38', '2025-09-29 10:54:38'),
(98, 104, 3, 3, 76, 'A', 4, 'N/A', '2025-09-29 10:54:40', '2025-09-29 10:54:40'),
(99, 93, 3, 3, 76, 'A', 4, 'N/A', '2025-09-29 10:54:42', '2025-09-29 10:54:42'),
(100, 48, 3, 3, 76, 'A', 4, 'N/A', '2025-09-29 10:54:44', '2025-09-29 10:54:44'),
(101, 20, 3, 3, 76, 'A', 4, 'N/A', '2025-09-29 10:54:47', '2025-09-29 10:54:47'),
(102, 19, 3, 3, 76, 'A', 4, 'N/A', '2025-09-29 10:54:49', '2025-09-29 10:54:49'),
(103, 14, 3, 3, 76, 'A', 4, 'N/A', '2025-09-29 10:54:52', '2025-09-29 10:54:52'),
(104, 203, 4, 4, 100, 'A+', 5, 'N/A', '2025-09-29 10:55:13', '2025-09-29 10:55:13'),
(105, 198, 4, 4, 76, 'A', 4, 'N/A', '2025-09-29 10:55:17', '2025-09-29 10:55:17'),
(106, 104, 4, 4, 85, 'A+', 5, 'N/A', '2025-09-29 10:55:22', '2025-09-29 10:55:22'),
(107, 190, 4, 4, 85, 'A+', 5, 'N/A', '2025-09-29 10:55:26', '2025-09-29 10:55:26'),
(108, 180, 4, 4, 85, 'A+', 5, 'N/A', '2025-09-29 10:55:28', '2025-09-29 10:55:28'),
(109, 169, 4, 4, 85, 'A+', 5, 'N/A', '2025-09-29 10:55:30', '2025-09-29 10:55:30'),
(110, 155, 4, 4, 85, 'A+', 5, 'N/A', '2025-09-29 10:55:33', '2025-09-29 10:55:33'),
(111, 147, 4, 4, 85, 'A+', 5, 'N/A', '2025-09-29 10:55:35', '2025-09-29 10:55:35'),
(112, 121, 4, 4, 85, 'A+', 5, 'N/A', '2025-09-29 10:55:37', '2025-09-29 10:55:37'),
(113, 93, 4, 4, 85, 'A+', 5, 'N/A', '2025-09-29 10:55:40', '2025-09-29 10:55:40'),
(114, 80, 4, 4, 85, 'A+', 5, 'N/A', '2025-09-29 10:55:43', '2025-09-29 10:55:43'),
(115, 48, 4, 4, 85, 'A+', 5, 'N/A', '2025-09-29 10:55:46', '2025-09-29 10:55:46'),
(116, 20, 4, 4, 85, 'A+', 5, 'N/A', '2025-09-29 10:55:48', '2025-09-29 10:55:48'),
(117, 19, 4, 4, 85, 'A+', 5, 'N/A', '2025-09-29 10:55:51', '2025-09-29 10:55:51'),
(118, 14, 4, 4, 85, 'A+', 5, 'N/A', '2025-09-29 10:55:54', '2025-09-29 10:55:54'),
(119, 203, 5, 5, 85, 'A+', 5, 'N/A', '2025-09-29 10:56:44', '2025-09-29 10:56:44'),
(120, 147, 5, 5, 85, 'A+', 5, 'N/A', '2025-09-29 10:56:46', '2025-09-29 10:56:46'),
(121, 104, 5, 5, 85, 'A+', 5, 'N/A', '2025-09-29 10:56:48', '2025-09-29 10:56:48'),
(122, 121, 5, 5, 85, 'A+', 5, 'N/A', '2025-09-29 10:56:50', '2025-09-29 10:56:50'),
(123, 93, 5, 5, 85, 'A+', 5, 'N/A', '2025-09-29 10:56:52', '2025-09-29 10:56:52'),
(124, 155, 5, 5, 85, 'A+', 5, 'N/A', '2025-09-29 10:56:55', '2025-09-29 10:56:55'),
(125, 198, 5, 5, 85, 'A+', 5, 'N/A', '2025-09-29 10:56:57', '2025-09-29 10:56:57'),
(126, 190, 5, 5, 85, 'A+', 5, 'N/A', '2025-09-29 10:56:59', '2025-09-29 10:56:59'),
(127, 180, 5, 5, 85, 'A+', 5, 'N/A', '2025-09-29 10:57:01', '2025-09-29 10:57:01'),
(128, 169, 5, 5, 85, 'A+', 5, 'N/A', '2025-09-29 10:57:04', '2025-09-29 10:57:04'),
(129, 80, 5, 5, 85, 'A+', 5, 'N/A', '2025-09-29 10:57:07', '2025-09-29 10:57:07'),
(130, 48, 5, 5, 85, 'A+', 5, 'N/A', '2025-09-29 10:57:09', '2025-09-29 10:57:09'),
(131, 20, 5, 5, 85, 'A+', 5, 'N/A', '2025-09-29 10:57:12', '2025-09-29 10:57:12'),
(132, 19, 5, 5, 85, 'A+', 5, 'N/A', '2025-09-29 10:57:15', '2025-09-29 10:57:15'),
(133, 14, 5, 5, 85, 'A+', 5, 'N/A', '2025-09-29 10:57:18', '2025-09-29 10:57:18'),
(134, 203, 1, 6, 85, 'A+', 5, 'N/A', '2025-09-29 10:57:27', '2025-09-29 10:57:27'),
(135, 155, 1, 6, 85, 'A+', 5, 'N/A', '2025-09-29 10:57:29', '2025-09-29 10:57:29'),
(136, 190, 1, 6, 85, 'A+', 5, 'N/A', '2025-09-29 10:57:31', '2025-09-29 10:57:31'),
(137, 198, 1, 6, 85, 'A+', 5, 'N/A', '2025-09-29 10:57:33', '2025-09-29 10:57:33'),
(138, 180, 1, 6, 85, 'A+', 5, 'N/A', '2025-09-29 10:57:35', '2025-09-29 10:57:35'),
(139, 169, 1, 6, 85, 'A+', 5, 'N/A', '2025-09-29 10:57:37', '2025-09-29 10:57:37'),
(140, 147, 1, 6, 85, 'A+', 5, 'N/A', '2025-09-29 10:57:39', '2025-09-29 10:57:39'),
(141, 121, 1, 6, 85, 'A+', 5, 'N/A', '2025-09-29 10:57:42', '2025-09-29 10:57:42'),
(142, 104, 1, 6, 85, 'A+', 5, 'N/A', '2025-09-29 10:57:44', '2025-09-29 10:57:44'),
(143, 93, 1, 6, 85, 'A+', 5, 'N/A', '2025-09-29 10:57:46', '2025-09-29 10:57:46'),
(144, 80, 1, 6, 85, 'A+', 5, 'N/A', '2025-09-29 10:57:48', '2025-09-29 10:57:48'),
(145, 48, 1, 6, 85, 'A+', 5, 'N/A', '2025-09-29 10:57:50', '2025-09-29 10:57:50'),
(146, 20, 1, 6, 85, 'A+', 5, 'N/A', '2025-09-29 10:57:52', '2025-09-29 10:57:52'),
(147, 19, 1, 6, 85, 'A+', 5, 'N/A', '2025-09-29 10:57:54', '2025-09-29 10:57:54'),
(148, 14, 1, 6, 85, 'A+', 5, 'N/A', '2025-09-29 10:57:56', '2025-09-29 10:57:56'),
(149, 203, 1, 10, 5, 'B', 3, 'N/A', '2025-09-29 10:58:05', '2025-09-29 10:58:05'),
(150, 198, 1, 10, 4, 'C', 2, 'N/A', '2025-09-29 10:58:07', '2025-09-29 10:58:07'),
(151, 121, 1, 10, 4, 'C', 2, 'N/A', '2025-09-29 10:58:10', '2025-09-29 10:58:10'),
(152, 190, 1, 10, 8, 'A+', 5, 'N/A', '2025-09-29 10:58:16', '2025-09-29 10:58:16'),
(153, 147, 1, 10, 8, 'A+', 5, 'N/A', '2025-09-29 10:58:18', '2025-09-29 10:58:18'),
(154, 180, 1, 10, 8, 'A+', 5, 'N/A', '2025-09-29 10:58:20', '2025-09-29 10:58:20'),
(155, 104, 1, 10, 8, 'A+', 5, 'N/A', '2025-09-29 10:58:22', '2025-09-29 10:58:22'),
(156, 155, 1, 10, 8, 'A+', 5, 'N/A', '2025-09-29 10:58:24', '2025-09-29 10:58:24'),
(157, 169, 1, 10, 8, 'A+', 5, 'N/A', '2025-09-29 10:58:26', '2025-09-29 10:58:26'),
(158, 93, 1, 10, 8, 'A+', 5, 'N/A', '2025-09-29 10:58:29', '2025-09-29 10:58:29'),
(159, 48, 1, 10, 8, 'A+', 5, 'N/A', '2025-09-29 10:58:32', '2025-09-29 10:58:32'),
(160, 80, 1, 10, 8, 'A+', 5, 'N/A', '2025-09-29 10:58:34', '2025-09-29 10:58:34'),
(161, 20, 1, 10, 8, 'A+', 5, 'N/A', '2025-09-29 10:58:36', '2025-09-29 10:58:36'),
(162, 19, 1, 10, 8, 'A+', 5, 'N/A', '2025-09-29 10:58:42', '2025-09-29 10:58:42'),
(163, 14, 1, 10, 8, 'A+', 5, 'N/A', '2025-09-29 10:58:45', '2025-09-29 10:58:45');

-- --------------------------------------------------------

--
-- Table structure for table `migrations`
--

CREATE TABLE `migrations` (
  `id` int(10) UNSIGNED NOT NULL,
  `migration` varchar(255) NOT NULL,
  `batch` int(11) NOT NULL
) ENGINE=InnoDB DEFAULT CHARSET=utf8mb4 COLLATE=utf8mb4_unicode_ci;

--
-- Dumping data for table `migrations`
--

INSERT INTO `migrations` (`id`, `migration`, `batch`) VALUES
(1, '2014_10_12_000000_create_users_table', 1),
(2, '2014_10_12_100000_create_password_reset_tokens_table', 1),
(3, '2014_10_12_100000_create_password_resets_table', 1),
(4, '2019_08_19_000000_create_failed_jobs_table', 1),
(5, '2019_12_14_000001_create_personal_access_tokens_table', 1),
(6, '2025_09_11_094326_create_teachers_table', 1),
(7, '2025_09_12_060130_create_rooms_table', 1),
(8, '2025_09_12_060131_create_students_table', 1),
(9, '2025_09_13_043442_create_attendances_table', 1),
(10, '2025_09_13_085225_create_subjects_table', 1),
(11, '2025_09_13_085234_create_exams_table', 1),
(12, '2025_09_13_085241_create_marks_table', 1),
(13, '2025_09_16_081917_create_student_subjects_table', 1),
(20, '2025_09_22_185426_create_fee_categories_table', 2),
(21, '2025_09_22_185444_create_fee_structures_table', 2),
(54, '2025_09_22_185453_create_fee_payments_table', 3),
(55, '2025_09_28_183808_create_exam_names_table', 3);

-- --------------------------------------------------------

--
-- Table structure for table `password_resets`
--

CREATE TABLE `password_resets` (
  `email` varchar(255) NOT NULL,
  `token` varchar(255) NOT NULL,
  `created_at` timestamp NULL DEFAULT NULL
) ENGINE=InnoDB DEFAULT CHARSET=utf8mb4 COLLATE=utf8mb4_unicode_ci;

-- --------------------------------------------------------

--
-- Table structure for table `password_reset_tokens`
--

CREATE TABLE `password_reset_tokens` (
  `email` varchar(255) NOT NULL,
  `token` varchar(255) NOT NULL,
  `created_at` timestamp NULL DEFAULT NULL
) ENGINE=InnoDB DEFAULT CHARSET=utf8mb4 COLLATE=utf8mb4_unicode_ci;

-- --------------------------------------------------------

--
-- Table structure for table `personal_access_tokens`
--

CREATE TABLE `personal_access_tokens` (
  `id` bigint(20) UNSIGNED NOT NULL,
  `tokenable_type` varchar(255) NOT NULL,
  `tokenable_id` bigint(20) UNSIGNED NOT NULL,
  `name` varchar(255) NOT NULL,
  `token` varchar(64) NOT NULL,
  `abilities` text DEFAULT NULL,
  `last_used_at` timestamp NULL DEFAULT NULL,
  `expires_at` timestamp NULL DEFAULT NULL,
  `created_at` timestamp NULL DEFAULT NULL,
  `updated_at` timestamp NULL DEFAULT NULL
) ENGINE=InnoDB DEFAULT CHARSET=utf8mb4 COLLATE=utf8mb4_unicode_ci;

-- --------------------------------------------------------

--
-- Table structure for table `rooms`
--

CREATE TABLE `rooms` (
  `id` bigint(20) UNSIGNED NOT NULL,
  `name` varchar(255) NOT NULL,
  `section` varchar(255) DEFAULT NULL,
  `class_teacher_id` bigint(20) UNSIGNED NOT NULL,
  `capacity` int(11) NOT NULL DEFAULT 50,
  `created_at` timestamp NULL DEFAULT NULL,
  `updated_at` timestamp NULL DEFAULT NULL
) ENGINE=InnoDB DEFAULT CHARSET=utf8mb4 COLLATE=utf8mb4_unicode_ci;

--
-- Dumping data for table `rooms`
--

INSERT INTO `rooms` (`id`, `name`, `section`, `class_teacher_id`, `capacity`, `created_at`, `updated_at`) VALUES
(1, 'Class 1', 'A', 1, 40, NULL, '2025-09-22 12:13:28'),
(2, 'Class 2', 'A', 2, 42, NULL, NULL),
(3, 'Class 3', 'A', 3, 44, NULL, NULL),
(4, 'Class 4', 'A', 4, 46, NULL, NULL),
(5, 'Class 5', 'A', 5, 48, NULL, NULL),
(6, 'Class 6', 'A', 6, 50, NULL, NULL),
(7, 'Class 7', 'A', 7, 52, NULL, NULL),
(8, 'Class 8', 'A', 8, 54, NULL, NULL),
(9, 'Class 9', 'A', 9, 56, NULL, NULL),
(10, 'Class 10', 'A', 10, 58, NULL, NULL),
(11, 'Class 11', 'A', 11, 60, NULL, NULL),
(12, 'Class 12', 'A', 12, 62, NULL, NULL),
(13, 'Passed', 'P', 15, 50, '2025-09-19 09:43:13', '2025-09-19 09:43:13');

-- --------------------------------------------------------

--
-- Table structure for table `students`
--

CREATE TABLE `students` (
  `id` bigint(20) UNSIGNED NOT NULL,
  `first_name` varchar(255) NOT NULL,
  `last_name` varchar(255) NOT NULL,
  `dob` date DEFAULT NULL,
  `gender` varchar(255) DEFAULT NULL,
  `blood_group` varchar(255) DEFAULT NULL,
  `religion` varchar(255) DEFAULT NULL,
  `nationality` varchar(255) DEFAULT NULL,
  `national_id` varchar(255) DEFAULT NULL,
  `contact_number` varchar(255) DEFAULT NULL,
  `email` varchar(255) DEFAULT NULL,
  `password` varchar(255) DEFAULT NULL,
  `address1` text DEFAULT NULL,
  `address2` text DEFAULT NULL,
  `father_name` varchar(255) DEFAULT NULL,
  `father_profession` varchar(255) DEFAULT NULL,
  `father_contact` varchar(255) DEFAULT NULL,
  `father_email` varchar(255) DEFAULT NULL,
  `father_nid` varchar(255) DEFAULT NULL,
  `mother_name` varchar(255) DEFAULT NULL,
  `mother_profession` varchar(255) DEFAULT NULL,
  `mother_contact` varchar(255) DEFAULT NULL,
  `mother_email` varchar(255) DEFAULT NULL,
  `mother_nid` varchar(255) DEFAULT NULL,
  `guardian_name` varchar(255) DEFAULT NULL,
  `guardian_contact` varchar(255) DEFAULT NULL,
  `guardian_email` varchar(255) DEFAULT NULL,
  `guardian_nid` varchar(255) DEFAULT NULL,
  `guardian_relationship` varchar(255) DEFAULT NULL,
  `status` int(11) NOT NULL DEFAULT 1,
  `roll_number` int(11) NOT NULL DEFAULT 1,
  `class_id` bigint(20) UNSIGNED NOT NULL,
  `attend_date` date DEFAULT NULL,
  `remark` varchar(255) DEFAULT NULL,
  `photo` varchar(255) DEFAULT NULL,
  `father_photo` varchar(255) DEFAULT NULL,
  `mother_photo` varchar(255) DEFAULT NULL,
  `created_at` timestamp NULL DEFAULT NULL,
  `updated_at` timestamp NULL DEFAULT NULL
) ENGINE=InnoDB DEFAULT CHARSET=utf8mb4 COLLATE=utf8mb4_unicode_ci;

--
-- Dumping data for table `students`
--

INSERT INTO `students` (`id`, `first_name`, `last_name`, `dob`, `gender`, `blood_group`, `religion`, `nationality`, `national_id`, `contact_number`, `email`, `password`, `address1`, `address2`, `father_name`, `father_profession`, `father_contact`, `father_email`, `father_nid`, `mother_name`, `mother_profession`, `mother_contact`, `mother_email`, `mother_nid`, `guardian_name`, `guardian_contact`, `guardian_email`, `guardian_nid`, `guardian_relationship`, `status`, `roll_number`, `class_id`, `attend_date`, `remark`, `photo`, `father_photo`, `mother_photo`, `created_at`, `updated_at`) VALUES
(1, 'Madelynn', 'Sawayn', '1992-01-11', 'Male', 'AB-', 'Islam', 'Bangladeshi', '1', '01762164746', 'student2@example.com', '$2y$12$R2IJSeCOaduXRyitYJ9UG.bUEmRQ4/iJBZvNRpa5rTBkCDatTQH2i', '717 Quinton Path\r\nConnland, CO 97733-8504', 'Suite 275', 'Adam Emard', 'Farmer', '01762164746', 'student2@example.com', '2', 'Berniece Schmitt III', 'Housewife', '01762164746', 'student3@example.com', '3', 'Katelyn Ebert', '01762164746', 'student4@example.com', '4', 'Sister', 1, 1, 2, '2025-10-01', 'N/A', 'std-Madelynn-1758524202.jpg', NULL, NULL, '2025-09-16 22:43:58', '2025-09-30 08:41:39'),
(2, 'Elbert', 'Kutch', '1993-11-11', 'Male', 'O+', 'Christian', 'Bangladeshi', '6', '01762164746', 'student7@example.com', '$2y$12$HRlNxLIcQEwRxesDZRoryek3hpsR7zWmrbdNRT24u4xpMuW.MbsIa', '474 Dickinson Fords Suite 361\nGoodwinchester, MI 27679', 'Apt. 985', 'Orrin Labadie', 'Businessman', '01762164746', 'student7@example.com', '7', 'Prof. Brianne Bednar', 'Teacher', '01762164746', 'student8@example.com', '8', 'Miss Rozella Ward', '01762164746', 'student9@example.com', '9', 'Uncle', 1, 1, 9, '2025-09-29', 'N/A', NULL, NULL, NULL, '2025-09-16 22:43:58', '2025-09-29 04:24:59'),
(3, 'Santos', 'Weimann', '2010-09-30', 'Female', 'O+', 'Islam', 'Bangladeshi', '11', '01762164746', 'student12@example.com', '$2y$12$h30jo1oGNA2sPr9S9SK3juBCbzTDpGDivnYw8SuWdxTW9catUCVeS', '4062 Hickle Station Apt. 080\nCordieborough, MA 60362-9996', 'Suite 743', 'Prof. Camden Labadie Jr.', 'Doctor', '01762164746', 'student12@example.com', '12', 'Annabel Maggio', 'Teacher', '01762164746', 'student13@example.com', '13', 'Vidal Hudson', '01762164746', 'student14@example.com', '14', 'Uncle', 1, 1, 4, '2025-09-30', 'N/A', NULL, NULL, NULL, '2025-09-16 22:43:58', '2025-09-29 04:31:17'),
(4, 'Madelynn', 'Rau', '1986-01-02', 'Female', 'B-', 'Other', 'Bangladeshi', '16', '01762164746', 'student17@example.com', '$2y$12$8uTSOhZIf9B8WbPK3piyV.elyv6DYK220q49LBuBqi7H2WbKeawXy', '1506 Toy Island Suite 813\nLake Tremayneport, VA 97471-2816', 'Apt. 516', 'Mr. Stevie Rowe IV', 'Engineer', '01762164746', 'student17@example.com', '17', 'Dr. Estefania Sipes DVM', 'Housewife', '01762164746', 'student18@example.com', '18', 'Sallie Gerlach', '01762164746', 'student19@example.com', '19', 'Grandparent', 1, 2, 7, '2025-09-29', 'N/A', NULL, NULL, NULL, '2025-09-16 22:43:58', '2025-09-29 04:24:59'),
(5, 'Stanford', 'Bogan', '2015-08-31', 'Other', 'O+', 'Other', 'Bangladeshi', '21', '01762164746', 'student22@example.com', '$2y$12$wsCNsq468sXVvjRvUngQneCNGNRyhfHMu78gu5H5fXE2oQFeAg0Vi', '258 Corine Cliff Apt. 406\nWest Annetta, DC 79650-7743', 'Suite 684', 'Prof. Garfield Schiller', 'Doctor', '01762164746', 'student22@example.com', '22', 'Virginie Terry I', 'Businesswoman', '01762164746', 'student23@example.com', '23', 'Gudrun Leuschke II', '01762164746', 'student24@example.com', '24', 'Grandparent', 1, 2, 2, '2025-10-01', 'N/A', NULL, NULL, NULL, '2025-09-16 22:43:58', '2025-09-30 08:41:40'),
(6, 'Jaydon', 'Graham', '1992-03-11', 'Male', 'A+', 'Christian', 'Bangladeshi', '26', '01762164746', 'student27@example.com', '$2y$12$pOs8X3J9FDqEC52cqaUf9uxBkTITS5NM9BaSS98goQWawUxHx6frO', '20348 Francesca Club\nErdmanton, NE 11492-1947', 'Apt. 826', 'Blake Abbott', 'Doctor', '01762164746', 'student27@example.com', '27', 'Stacey Monahan', 'Businesswoman', '01762164746', 'student28@example.com', '28', 'Ruthe Wolf', '01762164746', 'student29@example.com', '29', 'Grandparent', 1, 1, 2, '2025-10-01', 'N/A', NULL, NULL, NULL, '2025-09-16 22:43:58', '2025-09-30 08:41:41'),
(7, 'Harvey', 'Rempel', '1988-04-06', 'Other', 'A+', 'Hindu', 'Bangladeshi', '31', '01762164746', 'student32@example.com', '$2y$12$oX6RiMH97xKDeTWpTIq.k.YGSNUP13eB3/sJd7bRIYJyzvK6dBBZ2', '87950 Gabe Plaza Apt. 940\nWest Lucileberg, NE 31521', 'Suite 194', 'Murray Little', 'Businessman', '01762164746', 'student32@example.com', '32', 'Shanel O\'Keefe II', 'Doctor', '01762164746', 'student33@example.com', '33', 'Reed Smith MD', '01762164746', 'student34@example.com', '34', 'Grandparent', 1, 2, 9, '2025-09-29', 'N/A', NULL, NULL, NULL, '2025-09-16 22:43:59', '2025-09-29 04:24:59'),
(8, 'Clair', 'Kunze', '1972-02-01', 'Other', 'A+', 'Islam', 'Bangladeshi', '36', '01762164746', 'student37@example.com', '$2y$12$2T.jfKcpX3Ce6QLny12ySew7t.g7.sbsQ2GmyVGgB1GSrd6Wwp6fa', '283 Heathcote Knoll\nEast Elyssaberg, MS 39650-5619', 'Apt. 962', 'Terry Nitzsche', 'Farmer', '01762164746', 'student37@example.com', '37', 'Kenyatta Lang', 'Businesswoman', '01762164746', 'student38@example.com', '38', 'Fabiola Cronin', '01762164746', 'student39@example.com', '39', 'Uncle', 1, 1, 11, '2025-09-29', 'N/A', NULL, NULL, NULL, '2025-09-16 22:43:59', '2025-09-29 04:24:59'),
(9, 'Sherwood', 'Wyman', '1970-01-13', 'Other', 'A-', 'Other', 'Bangladeshi', '41', '01762164746', 'student42@example.com', '$2y$12$7eo/oyhZOkLaX0laDKDnNuuGAC8XM.M6RKqK99.QOsUkDxPxMKX.y', '8577 Wyman Mission Suite 088\nGrahamberg, ND 97638-6420', 'Suite 707', 'Anderson Veum', 'Doctor', '01762164746', 'student42@example.com', '42', 'Kiarra Medhurst IV', 'Housewife', '01762164746', 'student43@example.com', '43', 'Carissa Schultz', '01762164746', 'student44@example.com', '44', 'Uncle', 1, 3, 9, '2025-09-29', 'N/A', NULL, NULL, NULL, '2025-09-16 22:43:59', '2025-09-29 04:24:59'),
(10, 'Madyson', 'Harris', '2024-08-13', 'Female', 'A+', 'Hindu', 'Bangladeshi', '46', '01762164746', 'student47@example.com', '$2y$12$/neZyJkvKbG2/oefQnUggeVuTD.V4iskKPmKCwqG3a6Im7UiJzowm', '76279 Larue Village\nPort Carter, WI 64683-5024', 'Apt. 515', 'Rudy Muller', 'Teacher', '01762164746', 'student47@example.com', '47', 'Jordane Bernier', 'Housewife', '01762164746', 'student48@example.com', '48', 'Brandy Thompson', '01762164746', 'student49@example.com', '49', 'Brother', 1, 1, 10, '2025-09-30', 'N/A', NULL, NULL, NULL, '2025-09-16 22:43:59', '2025-09-29 04:48:20'),
(11, 'Emanuel', 'Koch', '1995-03-18', 'Female', 'O+', 'Buddhist', 'Bangladeshi', '51', '01762164746', 'student52@example.com', '$2y$12$Rmq5KY7qY1UavJsLRaTACejYZGnC3Ob6uM2cNkZcK.G.5Dd3rcM1q', '63152 Orn Tunnel\nHickleville, CT 89912-3463', 'Apt. 663', 'Prof. Andrew Glover', 'Farmer', '01762164746', 'student52@example.com', '52', 'Giovanna Kilback MD', 'Businesswoman', '01762164746', 'student53@example.com', '53', 'Alexandria Runte', '01762164746', 'student54@example.com', '54', 'Grandparent', 1, 3, 2, '2025-10-01', 'N/A', NULL, NULL, NULL, '2025-09-16 22:43:59', '2025-09-30 08:41:42'),
(12, 'Barbara', 'Sporer', '1981-01-18', 'Female', 'O+', 'Other', 'Bangladeshi', '56', '01762164746', 'student57@example.com', '$2y$12$r/QjPtvE6ASUv1EUnhJKVeTyKHZj3O4.TeP3xLdHM2Jw1o6N7jsIa', '458 Birdie Skyway\nOlsontown, NE 73574', 'Suite 809', 'Kale Mitchell', 'Engineer', '01762164746', 'student57@example.com', '57', 'Burdette Rau', 'Businesswoman', '01762164746', 'student58@example.com', '58', 'Hermina Jenkins', '01762164746', 'student59@example.com', '59', 'Grandparent', 1, 2, 10, '2025-09-30', 'N/A', NULL, NULL, NULL, '2025-09-16 22:44:00', '2025-09-29 04:48:21'),
(13, 'Margie', 'Sporer', '1988-01-17', 'Female', 'A-', 'Other', 'Bangladeshi', '61', '01762164746', 'student62@example.com', '$2y$12$1yXVxgpJrvODw7Uf4UaLrOnbOCk1R.teMcGITHn84I.nUm.SXrHni', '12217 Gislason Fort Suite 917\nNorth Kenneth, MI 03033', 'Suite 413', 'Aidan Willms PhD', 'Engineer', '01762164746', 'student62@example.com', '62', 'Krystal Nitzsche', 'Doctor', '01762164746', 'student63@example.com', '63', 'Stefanie McGlynn', '01762164746', 'student64@example.com', '64', 'Uncle', 1, 1, 5, '2025-09-29', 'N/A', NULL, NULL, NULL, '2025-09-16 22:44:00', '2025-09-29 04:24:59'),
(14, 'Alessandro', 'Dicki', '1991-06-09', 'Other', 'B+', 'Buddhist', 'Bangladeshi', '66', '01762164746', 'student67@example.com', '$2y$12$5j5.gXqcOiFRM9ogGGODoeuckx/iYimK6Dr8CpNlAQRrxprypsj7m', '600 Neha Plains\nBeattyville, IN 48267-6287', 'Apt. 801', 'Bernard Koch', 'Teacher', '01762164746', 'student67@example.com', '67', 'Juana Moore', 'Housewife', '01762164746', 'student68@example.com', '68', 'Dr. William Dibbert', '01762164746', 'student69@example.com', '69', 'Sister', 1, 4, 2, '2025-10-01', 'N/A', NULL, NULL, NULL, '2025-09-16 22:44:00', '2025-09-30 08:41:43'),
(15, 'Shane', 'Yost', '1974-10-25', 'Other', 'O+', 'Hindu', 'Bangladeshi', '71', '01762164746', 'student72@example.com', '$2y$12$FJf7X1UXWUpbX9i2w4siH.lMWkNWn3jHtEafABSpCx8Nlr6ezPcoG', '918 Schneider Overpass\nLeonbury, TX 08578-1040', 'Apt. 988', 'Bartholome Jaskolski V', 'Teacher', '01762164746', 'student72@example.com', '72', 'Kacie Fadel', 'Teacher', '01762164746', 'student73@example.com', '73', 'Russell Lowe', '01762164746', 'student74@example.com', '74', 'Brother', 1, 1, 7, '2025-09-29', 'N/A', NULL, NULL, NULL, '2025-09-16 22:44:00', '2025-09-29 04:24:59'),
(16, 'Noemie', 'Wilkinson', '2024-04-04', 'Other', 'AB+', 'Other', 'Bangladeshi', '76', '01762164746', 'student77@example.com', '$2y$12$y468GdpD/9tVP.0yp8rRyeRTJ7kpVx8YXtJwH7xg4bkfiNKMsoKr2', '94748 Reichel Path\nPort Emerson, IN 13311', 'Suite 033', 'Louisa Gaylord', 'Engineer', '01762164746', 'student77@example.com', '77', 'Dr. Aurore Jast V', 'Teacher', '01762164746', 'student78@example.com', '78', 'Dr. Izaiah Robel PhD', '01762164746', 'student79@example.com', '79', 'Brother', 1, 2, 5, '2025-09-29', 'N/A', NULL, NULL, NULL, '2025-09-16 22:44:00', '2025-09-29 04:24:59'),
(17, 'Emily', 'Thiel', '1990-05-31', 'Other', 'O-', 'Other', 'Bangladeshi', '81', '01762164746', 'student82@example.com', '$2y$12$nLmbioPeXgbRiyf.Aoo3h.os1bxAzadNO9Olhx2idzyT5u0Dv8Rqy', '920 Eudora Lights Apt. 299\nPriceton, ND 56967', 'Apt. 416', 'Thad O\'Keefe MD', 'Farmer', '01762164746', 'student82@example.com', '82', 'Alia Hansen', 'Teacher', '01762164746', 'student83@example.com', '83', 'Prof. Kory Walker', '01762164746', 'student84@example.com', '84', 'Sister', 1, 3, 10, '2025-09-30', 'N/A', NULL, NULL, NULL, '2025-09-16 22:44:00', '2025-09-29 04:48:22'),
(18, 'Davin', 'Murray', '2014-11-27', 'Other', 'B+', 'Buddhist', 'Bangladeshi', '86', '01762164746', 'student87@example.com', '$2y$12$AYMPCvS3R2OTItSRw8Aos.lzjLIrVx2DP5jf.FyIJEnLlC/7gUtsu', '43303 Mertz Meadows Suite 717\nPort Michel, OK 77189-5376', 'Suite 842', 'Ted Medhurst III', 'Businessman', '01762164746', 'student87@example.com', '87', 'Sophia Schmeler I', 'Doctor', '01762164746', 'student88@example.com', '88', 'Mohamed Durgan MD', '01762164746', 'student89@example.com', '89', 'Sister', 1, 2, 6, '2025-09-29', 'N/A', NULL, NULL, NULL, '2025-09-16 22:44:01', '2025-09-29 04:24:59'),
(19, 'Shanelle', 'Rau', '1990-09-16', 'Male', 'AB-', 'Islam', 'Bangladeshi', '91', '01762164746', 'student92@example.com', '$2y$12$ZqKVB6b5iFt9nAR042sYt.2RXu7T/iygsVBrPkOx3I6ZGnUReBJhC', '232 Lowe Path\nPort Hymanberg, KS 65986', 'Suite 746', 'Brain Yundt', 'Doctor', '01762164746', 'student92@example.com', '92', 'Ms. Izabella Parker', 'Nurse', '01762164746', 'student93@example.com', '93', 'Mrs. Ettie Keebler', '01762164746', 'student94@example.com', '94', 'Uncle', 1, 5, 2, '2025-10-01', 'N/A', NULL, NULL, NULL, '2025-09-16 22:44:01', '2025-09-30 08:41:44'),
(20, 'Garnett', 'Schimmel', '2024-12-18', 'Female', 'A+', 'Islam', 'Bangladeshi', '96', '01762164746', 'student97@example.com', '$2y$12$jXzrWemHxrGLYwhiAtVv9uc7.21TxnSoGY7xLa9rd9yfjJ0VcqQey', '6270 Turcotte Land Suite 807\nNitzschefort, CA 51578', 'Suite 627', 'Prof. Mose Towne III', 'Teacher', '01762164746', 'student97@example.com', '97', 'Ms. Chloe Keebler V', 'Businesswoman', '01762164746', 'student98@example.com', '98', 'Prof. Henri Kautzer III', '01762164746', 'student99@example.com', '99', 'Uncle', 1, 6, 2, '2025-10-01', 'N/A', NULL, NULL, NULL, '2025-09-16 22:44:01', '2025-09-30 08:41:45'),
(21, 'Brad', 'Hagenes', '2006-01-04', 'Female', 'O-', 'Other', 'Bangladeshi', '101', '01762164746', 'student102@example.com', '$2y$12$4WaNTNN8QjfsbuRDi/NqMe.BvqKeuQ8ywr470c2GY5wQYaCgS7x/2', '450 Silas Expressway Apt. 303\nEthelynside, ND 44197-2085', 'Apt. 477', 'Delbert Kovacek', 'Doctor', '01762164746', 'student102@example.com', '102', 'Dr. Clemmie Anderson DVM', 'Nurse', '01762164746', 'student103@example.com', '103', 'Eda Dicki', '01762164746', 'student104@example.com', '104', 'Sister', 1, 2, 4, '2025-09-30', 'N/A', NULL, NULL, NULL, '2025-09-16 22:44:01', '2025-09-29 04:31:18'),
(22, 'Abelardo', 'Waters', '2006-08-24', 'Female', 'AB-', 'Buddhist', 'Bangladeshi', '106', '01762164746', 'student107@example.com', '$2y$12$Duze7hrddlNzYToLk54OvuvJ5Ujrxkkt1kM4L3yc17v.GHEcL5Kcu', '8366 Fahey Trail Apt. 919\nSouth Danny, AK 23906-7896', 'Apt. 377', 'Jasmin Erdman', 'Teacher', '01762164746', 'student107@example.com', '107', 'Kitty Denesik', 'Doctor', '01762164746', 'student108@example.com', '108', 'Arely Barrows', '01762164746', 'student109@example.com', '109', 'Aunt', 1, 3, 6, '2025-09-29', 'N/A', NULL, NULL, NULL, '2025-09-16 22:44:01', '2025-09-29 04:24:59'),
(23, 'Lauren', 'Greenfelder', '1988-06-10', 'Other', 'AB+', 'Hindu', 'Bangladeshi', '111', '01762164746', 'student112@example.com', '$2y$12$bigWCeuMKPpa5C4/YzYhY./Y7YhcSesCmA05DjN2C0aSLHcg/CXoS', '740 Darion Fields Apt. 297\nBoscobury, MA 62014-9807', 'Suite 782', 'Muhammad Mitchell II', 'Businessman', '01762164746', 'student112@example.com', '112', 'Miss Leonor Cummerata PhD', 'Businesswoman', '01762164746', 'student113@example.com', '113', 'Miguel Jacobi', '01762164746', 'student114@example.com', '114', 'Sister', 1, 2, 11, '2025-09-29', 'N/A', NULL, NULL, NULL, '2025-09-16 22:44:02', '2025-09-29 04:24:59'),
(24, 'Miracle', 'Kautzer', '1977-03-26', 'Female', 'B+', 'Other', 'Bangladeshi', '116', '01762164746', 'student117@example.com', '$2y$12$3fCWXSogSG0XSui4kHY9RO3Kmpojf1N/ZpsAosa4ATke.63aSTwnu', '83140 Sawayn Cliff Apt. 319\nHansenview, DC 59785-2308', 'Apt. 998', 'Adolfo Metz V', 'Teacher', '01762164746', 'student117@example.com', '117', 'Rebeka Altenwerth II', 'Doctor', '01762164746', 'student118@example.com', '118', 'Dr. Isai Orn', '01762164746', 'student119@example.com', '119', 'Uncle', 1, 3, 4, '2025-09-30', 'N/A', NULL, NULL, NULL, '2025-09-16 22:44:02', '2025-09-29 04:31:19'),
(25, 'Mallie', 'Wisozk', '1973-11-05', 'Other', 'B+', 'Other', 'Bangladeshi', '121', '01762164746', 'student122@example.com', '$2y$12$5REzETS01Bl.ki8JDXSOyet8vzr6DhYvRwVLYvimRdnSYOQwIfSny', '311 Kacey Cliff Suite 066\nWest Rashawntown, ID 16993', 'Apt. 513', 'Cruz Kuvalis', 'Teacher', '01762164746', 'student122@example.com', '122', 'Jayne Bogisich I', 'Nurse', '01762164746', 'student123@example.com', '123', 'Otis Deckow', '01762164746', 'student124@example.com', '124', 'Aunt', 1, 1, 8, '2025-09-30', 'N/A', NULL, NULL, NULL, '2025-09-16 22:44:02', '2025-09-29 04:39:11'),
(26, 'Kamron', 'Rowe', '2014-11-12', 'Other', 'O+', 'Islam', 'Bangladeshi', '126', '01762164746', 'student127@example.com', '$2y$12$HaUdN3aKsRnca0ySoskxxerTG.DOdQD1k7VAgJ0zjyRLZOcD8972S', '294 Alanna Lodge Apt. 085\nNew Willowbury, IL 09517-8609', 'Apt. 348', 'Consuelo Lindgren V', 'Doctor', '01762164746', 'student127@example.com', '127', 'Sunny Feest DVM', 'Businesswoman', '01762164746', 'student128@example.com', '128', 'Darrel Strosin', '01762164746', 'student129@example.com', '129', 'Uncle', 1, 4, 4, '2025-09-30', 'N/A', NULL, NULL, NULL, '2025-09-16 22:44:02', '2025-09-29 04:31:20'),
(27, 'Hyman', 'Goyette', '1990-12-24', 'Other', 'B+', 'Other', 'Bangladeshi', '131', '01762164746', 'student132@example.com', '$2y$12$qxLlLiM3KRGqthttbBqxN.BXmARPlOeGNqzYqOILS2MIgYswLd/zS', '8229 Nitzsche Hill Apt. 252\nReingershire, WA 45968', 'Suite 424', 'Dr. Reilly Turcotte PhD', 'Teacher', '01762164746', 'student132@example.com', '132', 'Mireya Raynor', 'Housewife', '01762164746', 'student133@example.com', '133', 'Stella Robel', '01762164746', 'student134@example.com', '134', 'Aunt', 1, 5, 4, '2025-09-30', 'N/A', NULL, NULL, NULL, '2025-09-16 22:44:02', '2025-09-29 04:31:21'),
(28, 'Albina', 'Klocko', '1999-05-02', 'Female', 'AB-', 'Hindu', 'Bangladeshi', '136', '01762164746', 'student137@example.com', '$2y$12$3Ml/uNzuhP2xxO70k1o3XuxidANd1IgvOqLZ0Zqtvf3sv4FB2dW1G', '12528 Florine Manor\nJanellefurt, WI 22850', 'Suite 314', 'Vidal Wilkinson', 'Doctor', '01762164746', 'student137@example.com', '137', 'Micaela Balistreri', 'Doctor', '01762164746', 'student138@example.com', '138', 'Thelma Pollich', '01762164746', 'student139@example.com', '139', 'Brother', 1, 3, 11, '2025-09-29', 'N/A', NULL, NULL, NULL, '2025-09-16 22:44:02', '2025-09-29 04:24:59'),
(29, 'Price', 'Hammes', '2007-01-31', 'Female', 'O+', 'Other', 'Bangladeshi', '141', '01762164746', 'student142@example.com', '$2y$12$0HEquUPsdjRHZnz0FWDbH.tRDMoPvVcflqG5QI5RlNIrC0z3p8xYG', '44475 Clemmie Place\nNorth Arnoldborough, NM 13238', 'Apt. 418', 'Alvis Denesik Jr.', 'Doctor', '01762164746', 'student142@example.com', '142', 'Pearlie Kozey', 'Housewife', '01762164746', 'student143@example.com', '143', 'Haven Williamson', '01762164746', 'student144@example.com', '144', 'Grandparent', 1, 4, 9, '2025-09-29', 'N/A', NULL, NULL, NULL, '2025-09-16 22:44:03', '2025-09-29 04:24:59'),
(30, 'Norberto', 'Purdy', '2001-01-15', 'Female', 'AB+', 'Other', 'Bangladeshi', '146', '01762164746', 'student147@example.com', '$2y$12$wHLGA7k6gqstSYuvJ49LCOLgqFHOdBKpBJjNCW99GPv4jtrfBgjam', '873 Bergnaum Coves Suite 200\nEast Stewartfort, OK 43693-2460', 'Suite 693', 'Jonas Schneider', 'Businessman', '01762164746', 'student147@example.com', '147', 'Karlee Christiansen', 'Nurse', '01762164746', 'student148@example.com', '148', 'Prof. Lambert Becker III', '01762164746', 'student149@example.com', '149', 'Grandparent', 1, 6, 4, '2025-09-30', 'N/A', NULL, NULL, NULL, '2025-09-16 22:44:03', '2025-09-29 04:31:22'),
(31, 'Bryce', 'Johnston', '2010-09-06', 'Other', 'A+', 'Buddhist', 'Bangladeshi', '151', '01762164746', 'student152@example.com', '$2y$12$ziJD9xXiDCBAj461kiStWeVt3gBhaxyVLeZofUkHbUKJkYEyTlj.W', '9035 Lowe Squares Apt. 314\nWest Kaleytown, NJ 58049-3954', 'Suite 125', 'Ulises Rosenbaum', 'Doctor', '01762164746', 'student152@example.com', '152', 'Noemy Hamill', 'Nurse', '01762164746', 'student153@example.com', '153', 'Milton Swift', '01762164746', 'student154@example.com', '154', 'Aunt', 1, 4, 11, '2025-09-29', 'N/A', NULL, NULL, NULL, '2025-09-16 22:44:03', '2025-09-29 04:24:59'),
(32, 'Miguel', 'Wiza', '1975-03-06', 'Male', 'B+', 'Hindu', 'Bangladeshi', '156', '01762164746', 'student157@example.com', '$2y$12$EU9.Vi2/GOBNMo3x4taRQOt3X7tafY1G47cHoB/D55Ca1f7GlxCP.', '58352 Queen Garden\nHoppefurt, GA 02648-8596', 'Apt. 215', 'Dr. Jerad Yost', 'Teacher', '01762164746', 'student157@example.com', '157', 'Miss Idella Paucek', 'Housewife', '01762164746', 'student158@example.com', '158', 'Gaetano Donnelly', '01762164746', 'student159@example.com', '159', 'Uncle', 1, 4, 6, '2025-09-29', 'N/A', NULL, NULL, NULL, '2025-09-16 22:44:03', '2025-09-29 04:24:59'),
(33, 'Delbert', 'Crooks', '1999-03-12', 'Male', 'B-', 'Other', 'Bangladeshi', '161', '01762164746', 'student162@example.com', '$2y$12$oQgNLlZPxCVhbTykQOiyve.J9DB/8A1rpvuJYegHvDTLp928Qqi9q', '862 Jakubowski Mountain Suite 975\nNorth Jenashire, PA 54698-4750', 'Suite 596', 'Milford Bechtelar', 'Engineer', '01762164746', 'student162@example.com', '162', 'Margarete Tillman', 'Nurse', '01762164746', 'student163@example.com', '163', 'Leonor Ward DDS', '01762164746', 'student164@example.com', '164', 'Aunt', 1, 1, 13, '2025-09-29', 'N/A', NULL, NULL, NULL, '2025-09-16 22:44:03', '2025-09-29 04:24:59'),
(34, 'Judge', 'Batz', '1985-08-03', 'Female', 'AB-', 'Hindu', 'Bangladeshi', '166', '01762164746', 'student167@example.com', '$2y$12$cM3sMFQFllcG7HuU82LXseaaoFqA91AsNrL35PN9uQB6rhwvnswBy', '36563 Nader Islands Apt. 617\nHarrisstad, MN 73633-9243', 'Suite 988', 'Torrey Halvorson', 'Businessman', '01762164746', 'student167@example.com', '167', 'Gertrude Kshlerin', 'Doctor', '01762164746', 'student168@example.com', '168', 'Prof. Brant Morar I', '01762164746', 'student169@example.com', '169', 'Sister', 1, 2, 7, '2025-09-29', 'N/A', NULL, NULL, NULL, '2025-09-16 22:44:03', '2025-09-29 04:24:59'),
(35, 'Frank', 'Armstrong', '1997-05-11', 'Other', 'O-', 'Other', 'Bangladeshi', '171', '01762164746', 'student172@example.com', '$2y$12$viIzul3t/WlAvKC4p18FqeBq.RoWhDd5w2KhqDb1rA9MegVkDaWlG', '997 Willis Falls Suite 394\nLake Emmieland, AZ 38013', 'Suite 174', 'Crawford Jakubowski', 'Engineer', '01762164746', 'student172@example.com', '172', 'Ms. Michele Mayer', 'Nurse', '01762164746', 'student173@example.com', '173', 'Forest Auer', '01762164746', 'student174@example.com', '174', 'Grandparent', 1, 5, 6, '2025-09-29', 'N/A', NULL, NULL, NULL, '2025-09-16 22:44:04', '2025-09-29 04:24:59'),
(36, 'Tobin', 'Bradtke', '1999-04-13', 'Male', 'O+', 'Hindu', 'Bangladeshi', '176', '01762164746', 'student177@example.com', '$2y$12$yV8D6CC61Km9nu8pfLSqpOmUx8MyvYmnRBw36bHL02SSYeV7OHXCu', '90873 Heidenreich Cliffs Suite 775\nRosenbaumbury, NH 79936-8700', 'Suite 330', 'Angel Legros', 'Engineer', '01762164746', 'student177@example.com', '177', 'Daija Miller', 'Teacher', '01762164746', 'student178@example.com', '178', 'Dr. Vince Keeling', '01762164746', 'student179@example.com', '179', 'Uncle', 1, 5, 9, '2025-09-29', 'N/A', NULL, NULL, NULL, '2025-09-16 22:44:04', '2025-09-29 04:24:59'),
(37, 'Hannah', 'Huel', '2000-08-23', 'Male', 'A+', 'Other', 'Bangladeshi', '181', '01762164746', 'student182@example.com', '$2y$12$XPUACWCsSn.yVsV/Rn9IauANHJ8wt07E0xVzepxw4fZJeButjx63y', '611 Rachel Meadows\nEldridgeville, DE 11951-5568', 'Suite 578', 'Dr. Stanford Reichel DDS', 'Engineer', '01762164746', 'student182@example.com', '182', 'Stacy Macejkovic PhD', 'Housewife', '01762164746', 'student183@example.com', '183', 'Mrs. Holly Anderson Jr.', '01762164746', 'student184@example.com', '184', 'Uncle', 1, 3, 5, '2025-09-29', 'N/A', NULL, NULL, NULL, '2025-09-16 22:44:04', '2025-09-29 04:24:59'),
(38, 'Dorothea', 'O\'Keefe', '2010-06-30', 'Male', 'AB-', 'Other', 'Bangladeshi', '186', '01762164746', 'student187@example.com', '$2y$12$tZM.MCHAnEPGpAqzPyMfEeqn9/1bHogxl2h3mMUbRnu4pfDjC7.O2', '12887 Kunde Mall Suite 782\nSouth Elias, NM 60490', 'Suite 706', 'Johnny Goodwin IV', 'Teacher', '01762164746', 'student187@example.com', '187', 'Alia Beahan', 'Nurse', '01762164746', 'student188@example.com', '188', 'Andre Kozey IV', '01762164746', 'student189@example.com', '189', 'Uncle', 1, 2, 2, '2025-10-01', 'N/A', NULL, NULL, NULL, '2025-09-16 22:44:04', '2025-09-30 08:41:46'),
(39, 'Dee', 'Friesen', '2002-07-02', 'Male', 'A+', 'Christian', 'Bangladeshi', '191', '01762164746', 'student192@example.com', '$2y$12$uUkqaOX/OnWDE1rL/ldGTeWyTXnxWon8BYKAgZvkUHPGTSHUP1Ocy', '8701 Goyette Courts\nSouth Gilbertborough, TN 43422', 'Apt. 049', 'Prof. Theo Kris I', 'Businessman', '01762164746', 'student192@example.com', '192', 'Pat Walter', 'Nurse', '01762164746', 'student193@example.com', '193', 'Cory Marquardt', '01762164746', 'student194@example.com', '194', 'Grandparent', 1, 2, 8, '2025-09-30', 'N/A', NULL, NULL, NULL, '2025-09-16 22:44:04', '2025-09-29 04:39:12'),
(40, 'Thea', 'Gaylord', '2015-05-30', 'Female', 'A+', 'Islam', 'Bangladeshi', '196', '01762164746', 'student197@example.com', '$2y$12$RwOYpku4FWoP74gBuGBHC.TY32zx.q4Hl4iaXnJOMWYLeeH4Ph1g2', '10730 Armando Cape\nSouth Joannieberg, MI 89960', 'Suite 176', 'Jensen Adams Sr.', 'Farmer', '01762164746', 'student197@example.com', '197', 'Malinda Schinner II', 'Housewife', '01762164746', 'student198@example.com', '198', 'Dr. Reyes Fahey', '01762164746', 'student199@example.com', '199', 'Aunt', 1, 6, 6, '2025-09-29', 'N/A', NULL, NULL, NULL, '2025-09-16 22:44:05', '2025-09-29 04:24:59'),
(41, 'Maryam', 'Schaden', '2000-02-03', 'Female', 'A+', 'Other', 'Bangladeshi', '201', '01762164746', 'student202@example.com', '$2y$12$9lzqUmJEhoM.ccG3OssOpeGoSbWF7GavsScLzfgWMdrWDkKv7cuVS', '1312 Wintheiser Cliff\nWest Maximillianmouth, LA 84945', 'Apt. 361', 'Dr. Nikko Miller I', 'Engineer', '01762164746', 'student202@example.com', '202', 'Germaine Ortiz', 'Teacher', '01762164746', 'student203@example.com', '203', 'Arvel Schmidt', '01762164746', 'student204@example.com', '204', 'Brother', 1, 7, 4, '2025-09-30', 'N/A', NULL, NULL, NULL, '2025-09-16 22:44:05', '2025-09-29 04:31:22'),
(42, 'Vernon', 'Botsford', '2006-09-25', 'Other', 'O+', 'Buddhist', 'Bangladeshi', '206', '01762164746', 'student207@example.com', '$2y$12$v2zU...R4PZ6ncL9iugGOOXXQFnEmW94u8lVCoJts9vn4.bhYcLDm', '5982 Crooks Square Apt. 568\nHeaneyview, NH 65621', 'Suite 190', 'Izaiah Romaguera', 'Farmer', '01762164746', 'student207@example.com', '207', 'Ms. Cecile Larson Sr.', 'Nurse', '01762164746', 'student208@example.com', '208', 'Remington Koepp', '01762164746', 'student209@example.com', '209', 'Uncle', 1, 4, 10, '2025-09-30', 'N/A', NULL, NULL, NULL, '2025-09-16 22:44:05', '2025-09-29 04:48:23'),
(43, 'Camille', 'Welch', '2006-01-20', 'Other', 'B+', 'Islam', 'Bangladeshi', '211', '01762164746', 'student212@example.com', '$2y$12$qstvZk3wRsE.1VVVISZ89.13qZ/C9i9uVnblzPatl7.Hp7z6t7fbK', '6939 Martina Wells Apt. 399\nAltenwerthtown, MT 36593-2249', 'Suite 057', 'Dr. Theo Braun', 'Businessman', '01762164746', 'student212@example.com', '212', 'Ms. Cydney Kuhlman', 'Businesswoman', '01762164746', 'student213@example.com', '213', 'Dane Hegmann V', '01762164746', 'student214@example.com', '214', 'Uncle', 1, 6, 9, '2025-09-29', 'N/A', NULL, NULL, NULL, '2025-09-16 22:44:05', '2025-09-29 04:24:59'),
(44, 'Simone', 'Kuhn', '1975-11-22', 'Female', 'B-', 'Islam', 'Bangladeshi', '216', '01762164746', 'student217@example.com', '$2y$12$u98CR0cpK3CDm84jhLh9LeKrhUbWITz1gh/SM6V95E4R6wvPgbouy', '4626 Reese Rapids Apt. 078\nRunteville, MD 07181', 'Apt. 408', 'Prof. Houston Lynch V', 'Businessman', '01762164746', 'student217@example.com', '217', 'Miss Arianna Kirlin DVM', 'Doctor', '01762164746', 'student218@example.com', '218', 'Delaney Effertz', '01762164746', 'student219@example.com', '219', 'Sister', 1, 8, 4, '2025-09-30', 'N/A', NULL, NULL, NULL, '2025-09-16 22:44:05', '2025-09-29 04:31:23'),
(45, 'Clemens', 'Kuvalis', '1981-12-21', 'Other', 'A+', 'Buddhist', 'Bangladeshi', '221', '01762164746', 'student222@example.com', '$2y$12$yQiGSGBZMY1nShM1IfHw8OxJw7Vt/dUG20TMq1N5aaeZS4Qg8gOBi', '99636 Bernier Plain Suite 891\nHammesbury, IA 93101', 'Apt. 912', 'Cole Miller', 'Businessman', '01762164746', 'student222@example.com', '222', 'Dr. Gabrielle Hirthe', 'Housewife', '01762164746', 'student223@example.com', '223', 'Creola D\'Amore III', '01762164746', 'student224@example.com', '224', 'Sister', 1, 2, 13, '2025-09-29', 'N/A', NULL, NULL, NULL, '2025-09-16 22:44:05', '2025-09-29 04:24:59'),
(46, 'Angela', 'Goodwin', '1977-10-01', 'Other', 'AB-', 'Other', 'Bangladeshi', '226', '01762164746', 'student227@example.com', '$2y$12$1KnxIPF.utYDLlHdehJ3xOJy7y8PhDdSooe3e1PsS6XXv8ieKM7F2', '69139 Boyle Groves\nReaganshire, AK 56155-5327', 'Suite 513', 'Louie Dare', 'Businessman', '01762164746', 'student227@example.com', '227', 'Cydney Cassin V', 'Teacher', '01762164746', 'student228@example.com', '228', 'Alexa Strosin I', '01762164746', 'student229@example.com', '229', 'Aunt', 1, 3, 7, '2025-09-29', 'N/A', NULL, NULL, NULL, '2025-09-16 22:44:06', '2025-09-29 04:24:59'),
(47, 'Chelsea', 'Collier', '1988-10-08', 'Male', 'AB+', 'Hindu', 'Bangladeshi', '231', '01762164746', 'student232@example.com', '$2y$12$NlpJZbnQ.9aOW4KcNApAIOyB/HZQKIGjgJOjjsS4/kEzMgq6g1NfO', '84131 Terrence Trail Apt. 869\nPort Lunafort, AL 57565', 'Apt. 126', 'Prof. Narciso Fisher I', 'Engineer', '01762164746', 'student232@example.com', '232', 'Aubree Weissnat', 'Teacher', '01762164746', 'student233@example.com', '233', 'Dr. Max Hyatt', '01762164746', 'student234@example.com', '234', 'Brother', 1, 9, 4, '2025-09-30', 'N/A', NULL, NULL, NULL, '2025-09-16 22:44:06', '2025-09-29 04:31:24'),
(48, 'Vernice', 'Crona', '2018-07-14', 'Female', 'O-', 'Hindu', 'Bangladeshi', '236', '01762164746', 'student237@example.com', '$2y$12$NNBWWCpq9QhtlDnAhorb..8AiAHyL8Nd9s/7gKGdejQUJgcA1SlGm', '799 Wilson Freeway\nMannview, WY 74620-8551', 'Suite 364', 'Prof. Floy Spencer', 'Engineer', '01762164746', 'student237@example.com', '237', 'Prof. Marjorie Dickinson', 'Nurse', '01762164746', 'student238@example.com', '238', 'Karolann Senger II', '01762164746', 'student239@example.com', '239', 'Uncle', 1, 7, 2, '2025-10-01', 'N/A', NULL, NULL, NULL, '2025-09-16 22:44:06', '2025-09-30 08:41:47'),
(49, 'Diego', 'Gerlach', '1990-12-06', 'Other', 'AB+', 'Islam', 'Bangladeshi', '241', '01762164746', 'student242@example.com', '$2y$12$g6ZED22ojCxgYH.p7uSny.uGjeJ/NCa1zXoS26ILlooqMS0XgrYNe', '28507 Orion Ridge\nNew Beau, VT 91383', 'Apt. 554', 'Dawson Powlowski MD', 'Doctor', '01762164746', 'student242@example.com', '242', 'Ms. Zelda Swift DVM', 'Nurse', '01762164746', 'student243@example.com', '243', 'Brayan Schneider', '01762164746', 'student244@example.com', '244', 'Brother', 1, 5, 10, '2025-09-30', 'N/A', NULL, NULL, NULL, '2025-09-16 22:44:06', '2025-09-29 04:48:23'),
(50, 'Jessyca', 'Hand', '1981-08-15', 'Female', 'O-', 'Islam', 'Bangladeshi', '246', '01762164746', 'student247@example.com', '$2y$12$5ZDecuoYFFAPxizmAzAVEOaIPetQ6apeKOYKGpvN1svotkcPUsJ6.', '7264 Koch Spring\nAprilfurt, CA 37760', 'Apt. 468', 'Ari Torphy', 'Farmer', '01762164746', 'student247@example.com', '247', 'Shanel Schmidt', 'Nurse', '01762164746', 'student248@example.com', '248', 'Libbie Terry III', '01762164746', 'student249@example.com', '249', 'Brother', 1, 7, 9, '2025-09-29', 'N/A', NULL, NULL, NULL, '2025-09-16 22:44:06', '2025-09-29 04:24:59'),
(51, 'Yasmine', 'Huel', '2015-10-11', 'Male', 'AB-', 'Buddhist', 'Bangladeshi', '251', '01762164746', 'student252@example.com', '$2y$12$jTfosNvqim1vOZgiP284RexCtDz68TZxzgR8HY3UQeapexRlz.AAa', '8908 Toby Skyway\nNew Rodolfo, IL 76756-8503', 'Apt. 323', 'Dr. Mack Sauer IV', 'Doctor', '01762164746', 'student252@example.com', '252', 'Zaria Fritsch', 'Teacher', '01762164746', 'student253@example.com', '253', 'Megane Hartmann', '01762164746', 'student254@example.com', '254', 'Sister', 1, 4, 5, '2025-09-29', 'N/A', NULL, NULL, NULL, '2025-09-16 22:44:07', '2025-09-29 04:24:59'),
(52, 'Pearl', 'Purdy', '2019-05-22', 'Other', 'AB-', 'Hindu', 'Bangladeshi', '256', '01762164746', 'student257@example.com', '$2y$12$gPCPBwUXhBeT9Cf1MYqfHuvlYN.FQJyFrgyhLKANpWoJah28Ht0qq', '1387 Langworth Crossing Apt. 173\nPort Oswaldoborough, HI 98876', 'Suite 650', 'Golden Murphy', 'Doctor', '01762164746', 'student257@example.com', '257', 'Ms. Alison Ledner V', 'Housewife', '01762164746', 'student258@example.com', '258', 'Prof. Justus Donnelly PhD', '01762164746', 'student259@example.com', '259', 'Aunt', 1, 10, 4, '2025-09-30', 'N/A', NULL, NULL, NULL, '2025-09-16 22:44:07', '2025-09-29 04:31:25'),
(53, 'Valerie', 'Ziemann', '2019-09-01', 'Female', 'A+', 'Islam', 'Bangladeshi', '261', '01762164746', 'student262@example.com', '$2y$12$M1Pf04q8ZFuIqLiY0.l.m.PrG.6E.8ilpDhSaiyIqpm7iGT0V/lau', '91949 Francesca Center\nAlanstad, MI 24460', 'Suite 331', 'Ryleigh Ortiz', 'Engineer', '01762164746', 'student262@example.com', '262', 'Amaya Considine', 'Doctor', '01762164746', 'student263@example.com', '263', 'Dr. Jeramy Gusikowski V', '01762164746', 'student264@example.com', '264', 'Sister', 1, 6, 10, '2025-09-30', 'N/A', NULL, NULL, NULL, '2025-09-16 22:44:07', '2025-09-29 04:48:24'),
(54, 'Lloyd', 'Feeney', '1978-09-01', 'Other', 'A+', 'Hindu', 'Bangladeshi', '266', '01762164746', 'student267@example.com', '$2y$12$ABsXjxV11s3bdE0w2RDd1e2Zy.ANTk2DPxlyt7xX0a0gxYJsNro5O', '15274 Alexandria Corner\nBoehmtown, ME 68670', 'Suite 433', 'Kamron Beer', 'Engineer', '01762164746', 'student267@example.com', '267', 'Delia Turner', 'Teacher', '01762164746', 'student268@example.com', '268', 'Prof. Erling Zulauf Jr.', '01762164746', 'student269@example.com', '269', 'Uncle', 1, 7, 6, '2025-09-29', 'N/A', NULL, NULL, NULL, '2025-09-16 22:44:07', '2025-09-29 04:24:59'),
(55, 'Antonette', 'Herzog', '2020-09-08', 'Female', 'O-', 'Christian', 'Bangladeshi', '271', '01762164746', 'student272@example.com', '$2y$12$GElmuR5VwBsE409q7ADILeDYVs0hYLNcS64Lwp0PGUJRpizBw6Qae', '762 Swaniawski Falls\nEast Rickie, TX 01212', 'Apt. 532', 'Bertrand Rolfson', 'Farmer', '01762164746', 'student272@example.com', '272', 'Miss Serena Hagenes', 'Housewife', '01762164746', 'student273@example.com', '273', 'Marlene Haley', '01762164746', 'student274@example.com', '274', 'Sister', 1, 3, 13, '2025-09-29', 'B2025', NULL, NULL, NULL, '2025-09-16 22:44:07', '2025-09-29 04:24:59'),
(56, 'Kathlyn', 'Hoppe', '1975-12-27', 'Female', 'A-', 'Islam', 'Bangladeshi', '276', '01762164746', 'student277@example.com', '$2y$12$47eihxZliIrYuwV5MQQequpM93vbXlm465nkUS6C63yJOJrJFBcMC', '85258 Nelle Centers Suite 265\nNew Payton, PA 74839-7456', 'Apt. 079', 'Uriel Gerlach I', 'Engineer', '01762164746', 'student277@example.com', '277', 'Maybell Yost', 'Businesswoman', '01762164746', 'student278@example.com', '278', 'Isidro Goyette', '01762164746', 'student279@example.com', '279', 'Grandparent', 1, 11, 4, '2025-09-30', 'N/A', NULL, NULL, NULL, '2025-09-16 22:44:07', '2025-09-29 04:31:26'),
(57, 'Ricardo', 'Boyle', '2018-04-12', 'Male', 'O+', 'Christian', 'Bangladeshi', '281', '01762164746', 'student282@example.com', '$2y$12$6LuH5NY2RFbSTQSfpOIXR.i6fwhpiBFm9UMHkalp2EbYQvvb0Gvri', '5579 Considine Loop Apt. 895\nPort Juston, IN 27020-0847', 'Suite 450', 'Elmer Mayert', 'Businessman', '01762164746', 'student282@example.com', '282', 'Dasia Stokes DDS', 'Businesswoman', '01762164746', 'student283@example.com', '283', 'Peter Ryan', '01762164746', 'student284@example.com', '284', 'Aunt', 1, 3, 8, '2025-09-30', 'N/A', NULL, NULL, NULL, '2025-09-16 22:44:08', '2025-09-29 04:39:13'),
(58, 'Matt', 'Bailey', '2003-04-14', 'Male', 'O-', 'Hindu', 'Bangladeshi', '286', '01762164746', 'student287@example.com', '$2y$12$26thBZXdlCtSPrIur5CJW.IT6Ib/0IC2OC.a.Jrmr/5dusRMyk2wO', '2077 Ziemann Mountains\nLake Irvingmouth, ND 54211-4833', 'Suite 080', 'Dr. Alfonzo Cartwright', 'Farmer', '01762164746', 'student287@example.com', '287', 'Alize Bartell II', 'Housewife', '01762164746', 'student288@example.com', '288', 'Dr. Carmel Boehm', '01762164746', 'student289@example.com', '289', 'Aunt', 1, 5, 5, '2025-09-29', 'N/A', NULL, NULL, NULL, '2025-09-16 22:44:08', '2025-09-29 04:24:59'),
(59, 'Forrest', 'Moen', '2025-06-18', 'Male', 'A-', 'Buddhist', 'Bangladeshi', '291', '01762164746', 'student292@example.com', '$2y$12$ZckA24JBiD2fcvAeYYFd9.T.FYYGlQrvgSGhlZeNuhraufDsZOh56', '90892 Elmira Trace\nGrantfort, PA 72546', 'Suite 655', 'Mr. Akeem Abbott', 'Teacher', '01762164746', 'student292@example.com', '292', 'Ms. Ilene Kreiger', 'Housewife', '01762164746', 'student293@example.com', '293', 'Rey Kulas Sr.', '01762164746', 'student294@example.com', '294', 'Uncle', 1, 6, 5, '2025-09-29', 'N/A', NULL, NULL, NULL, '2025-09-16 22:44:08', '2025-09-29 04:24:59'),
(60, 'Claud', 'Runolfsdottir', '2000-11-19', 'Male', 'AB-', 'Other', 'Bangladeshi', '296', '01762164746', 'student297@example.com', '$2y$12$.GBSTeokO8tnf/BU7b5tEexb3itun81l9gJo0b7WYY/lzpv12CH1.', '240 Olson Drive\nBeahanton, MS 08552-8505', 'Apt. 564', 'Prof. Jameson Larkin I', 'Businessman', '01762164746', 'student297@example.com', '297', 'Shyanne Ruecker', 'Housewife', '01762164746', 'student298@example.com', '298', 'Karson Hermann V', '01762164746', 'student299@example.com', '299', 'Grandparent', 1, 7, 10, '2025-09-30', 'N/A', NULL, NULL, NULL, '2025-09-16 22:44:08', '2025-09-29 04:48:26'),
(61, 'Tillman', 'Gleason', '2005-03-01', 'Female', 'A+', 'Other', 'Bangladeshi', '301', '01762164746', 'student302@example.com', '$2y$12$jjbxjNWgLakkcqDOqKtLCORiP5MsBBDoal1FGGsZ9/PlDTf9HjGxu', '67121 Vinnie Union\nLynchmouth, SD 51715-8162', 'Apt. 079', 'Tyree Howe', 'Doctor', '01762164746', 'student302@example.com', '302', 'Justina Funk V', 'Doctor', '01762164746', 'student303@example.com', '303', 'Prof. Emie Bergstrom', '01762164746', 'student304@example.com', '304', 'Sister', 1, 1, 3, '2025-09-30', 'N/A', NULL, NULL, NULL, '2025-09-16 22:44:08', '2025-09-29 04:28:08'),
(62, 'Emery', 'Boyer', '2010-09-18', 'Male', 'B+', 'Islam', 'Bangladeshi', '306', '01762164746', 'student307@example.com', '$2y$12$kavodIBHGHPIZbH3jV0sleRNzHNPgd9zJHKojmMX2t2Ucjpcq13uu', '39884 Rolfson Garden Apt. 914\nFeestborough, NC 27296-9407', 'Apt. 540', 'Prof. Horace Schiller Sr.', 'Teacher', '01762164746', 'student307@example.com', '307', 'Mallie West', 'Teacher', '01762164746', 'student308@example.com', '308', 'Prof. Coty O\'Hara', '01762164746', 'student309@example.com', '309', 'Brother', 1, 8, 9, '2025-09-29', 'N/A', NULL, NULL, NULL, '2025-09-16 22:44:09', '2025-09-29 04:24:59'),
(63, 'Stella', 'Zulauf', '2003-11-14', 'Female', 'O-', 'Buddhist', 'Bangladeshi', '311', '01762164746', 'student312@example.com', '$2y$12$AOKZ.b/SQL43f0NcZa/QL.9pfS73IcqFvwhVwZsKqgEbJ..e.NurG', '749 Dee Station Suite 593\nWardside, OK 96714-4012', 'Suite 095', 'Mariano Klocko', 'Teacher', '01762164746', 'student312@example.com', '312', 'Telly Davis', 'Doctor', '01762164746', 'student313@example.com', '313', 'Nicholaus Bailey', '01762164746', 'student314@example.com', '314', 'Sister', 1, 3, 2, '2025-10-01', 'N/A', NULL, NULL, NULL, '2025-09-16 22:44:09', '2025-09-30 08:41:48'),
(64, 'Luther', 'Schmidt', '2021-02-07', 'Female', 'A-', 'Other', 'Bangladeshi', '316', '01762164746', 'student317@example.com', '$2y$12$../CyibDn2JretwukT8aCeIn2.cfxj9RBxq/n7Dx.TjvHxMPdL6bu', '255 Leatha Plains\nKohlerhaven, TX 35213-6880', 'Apt. 389', 'Prof. Ibrahim Hackett', 'Farmer', '01762164746', 'student317@example.com', '317', 'Elaina Littel', 'Doctor', '01762164746', 'student318@example.com', '318', 'Verla Cruickshank', '01762164746', 'student319@example.com', '319', 'Sister', 1, 4, 7, '2025-09-29', 'N/A', NULL, NULL, NULL, '2025-09-16 22:44:09', '2025-09-29 04:24:59'),
(65, 'Shanny', 'Cruickshank', '2012-10-07', 'Female', 'B-', 'Other', 'Bangladeshi', '321', '01762164746', 'student322@example.com', '$2y$12$gEdpRblLov6eS2m8/GFL1.VKOnTNTiEaKIMlC3TKJEsgLZDDp/Hy.', '252 O\'Connell Walk\nLake Heberview, IA 14171-9490', 'Suite 909', 'Joey Price', 'Teacher', '01762164746', 'student322@example.com', '322', 'Jacynthe Collins', 'Teacher', '01762164746', 'student323@example.com', '323', 'Aurore Schroeder', '01762164746', 'student324@example.com', '324', 'Uncle', 1, 7, 5, '2025-09-29', 'N/A', NULL, NULL, NULL, '2025-09-16 22:44:09', '2025-09-29 04:24:59'),
(66, 'Kale', 'Boyle', '1992-03-21', 'Other', 'AB-', 'Buddhist', 'Bangladeshi', '326', '01762164746', 'student327@example.com', '$2y$12$nR0wGtauGEWAAMKoZOcZHuGVrvvv4NYsh9esirZaP2V5IYpiEZ4sO', '77109 Hackett Dam\nStacyburgh, CO 96172', 'Apt. 261', 'Celestino Jakubowski', 'Teacher', '01762164746', 'student327@example.com', '327', 'Kyla Kuphal', 'Doctor', '01762164746', 'student328@example.com', '328', 'Milan Mueller', '01762164746', 'student329@example.com', '329', 'Aunt', 1, 5, 7, '2025-09-29', 'N/A', NULL, NULL, NULL, '2025-09-16 22:44:09', '2025-09-29 04:24:59'),
(67, 'Althea', 'Auer', '2002-04-30', 'Female', 'A+', 'Christian', 'Bangladeshi', '331', '01762164746', 'student332@example.com', '$2y$12$O.Qh4gCDWV2F75sP1JWMGu6kEOmQ9cuRFcRn4CNLvV8KKarhOcIhO', '8938 Devin Avenue Suite 387\nLake Myriamburgh, WI 29823', 'Suite 863', 'Laverne Torphy', 'Businessman', '01762164746', 'student332@example.com', '332', 'Prof. Jaqueline Ryan', 'Teacher', '01762164746', 'student333@example.com', '333', 'Vida Bayer', '01762164746', 'student334@example.com', '334', 'Uncle', 1, 4, 8, '2025-09-30', 'N/A', NULL, NULL, NULL, '2025-09-16 22:44:09', '2025-09-29 04:39:13'),
(68, 'Ibrahim', 'Heathcote', '2008-04-24', 'Male', 'O-', 'Islam', 'Bangladeshi', '336', '01762164746', 'student337@example.com', '$2y$12$JRlYmABk2czZGfpkYg6y5uPTN24/nlB6ZeUhGIkvfNLojMD4ho5de', '16626 Nicholas Mountains Apt. 929\nLake Eldonton, MS 45548-7829', 'Suite 556', 'Javier Heaney', 'Farmer', '01762164746', 'student337@example.com', '337', 'Gabriella Lubowitz PhD', 'Housewife', '01762164746', 'student338@example.com', '338', 'Prof. Rachael Cronin MD', '01762164746', 'student339@example.com', '339', 'Uncle', 1, 12, 4, '2025-09-30', 'N/A', NULL, NULL, NULL, '2025-09-16 22:44:10', '2025-09-29 04:31:26'),
(69, 'Maurine', 'Bartell', '2006-05-15', 'Other', 'A-', 'Christian', 'Bangladeshi', '341', '01762164746', 'student342@example.com', '$2y$12$I7hEHavt5F1XwaEz8voZ/Oon0cYh10Mu4uPeivZ.d8Ge13A/02bpi', '746 Oberbrunner Motorway Suite 934\nWest Crystel, HI 31364', 'Apt. 363', 'Giovanny Pfeffer', 'Farmer', '01762164746', 'student342@example.com', '342', 'Dr. Bianka Lockman', 'Nurse', '01762164746', 'student343@example.com', '343', 'Ms. Greta Grimes II', '01762164746', 'student344@example.com', '344', 'Brother', 1, 4, 2, '2025-10-01', 'N/A', NULL, NULL, NULL, '2025-09-16 22:44:10', '2025-09-30 08:41:48'),
(70, 'Bernita', 'Von', '2021-05-07', 'Other', 'A+', 'Islam', 'Bangladeshi', '346', '01762164746', 'student347@example.com', '$2y$12$YV7RZ0oUlhP1u4aoolMx0.fbIp3UW17NaGjO12gNLjtQRH27acQlS', '91381 Nathaniel Villages Suite 393\nSimonisstad, CO 01489-3975', 'Suite 834', 'Prof. Armani Tremblay', 'Teacher', '01762164746', 'student347@example.com', '347', 'Carissa Rath', 'Nurse', '01762164746', 'student348@example.com', '348', 'Ms. Savanna Stanton DDS', '01762164746', 'student349@example.com', '349', 'Sister', 1, 6, 7, '2025-09-29', 'N/A', NULL, NULL, NULL, '2025-09-16 22:44:10', '2025-09-29 04:24:59'),
(71, 'Kelvin', 'Bosco', '1985-03-10', 'Female', 'AB-', 'Hindu', 'Bangladeshi', '351', '01762164746', 'student352@example.com', '$2y$12$usHMNIYn9L3owjGBJGjkjeCLOoELpLDjiC5vUD7MEUXVYf/aii6X.', '5113 Christ Lake Suite 059\nWillyborough, DC 99944', 'Suite 996', 'Prof. Mateo Quitzon', 'Doctor', '01762164746', 'student352@example.com', '352', 'Ms. Estefania O\'Reilly', 'Businesswoman', '01762164746', 'student353@example.com', '353', 'Stella Larkin', '01762164746', 'student354@example.com', '354', 'Uncle', 1, 4, 12, '2025-09-30', 'N/A', NULL, NULL, NULL, '2025-09-16 22:44:10', '2025-09-29 04:47:01'),
(72, 'Piper', 'Johnson', '2015-04-25', 'Other', 'A+', 'Hindu', 'Bangladeshi', '356', '01762164746', 'student357@example.com', '$2y$12$8u0xBanaesAGZccZm68y2.wFmfzE2r//2lxSblInlWrUTLnfCZ0fa', '220 Velma Pines\nDoylestad, NY 52125', 'Suite 392', 'Dr. Kayden Gerhold II', 'Teacher', '01762164746', 'student357@example.com', '357', 'Herminia Predovic', 'Doctor', '01762164746', 'student358@example.com', '358', 'Jesse Anderson', '01762164746', 'student359@example.com', '359', 'Sister', 1, 5, 2, '2025-10-01', 'N/A', NULL, NULL, NULL, '2025-09-16 22:44:10', '2025-09-30 08:41:49'),
(73, 'Winfield', 'Schumm', '1991-04-15', 'Other', 'AB-', 'Islam', 'Bangladeshi', '361', '01762164746', 'student362@example.com', '$2y$12$Vo5jlkDNKxyDUuOrl8pEIu5gj7jUA59ssO4/aNYZ9lzocAYV3XOnG', '39958 Lindgren Streets\nWest Hassie, NH 56364-7989', 'Apt. 024', 'Mr. Monserrat O\'Keefe', 'Engineer', '01762164746', 'student362@example.com', '362', 'Bryana Littel', 'Doctor', '01762164746', 'student363@example.com', '363', 'Devyn Muller', '01762164746', 'student364@example.com', '364', 'Sister', 1, 5, 11, '2025-09-29', 'N/A', NULL, NULL, NULL, '2025-09-16 22:44:11', '2025-09-29 04:24:59'),
(74, 'Theron', 'Gislason', '2023-01-12', 'Female', 'AB+', 'Christian', 'Bangladeshi', '366', '01762164746', 'student367@example.com', '$2y$12$fyBOFTQaQdIeTrSdaPmexekJXECcxgbFtjp/fL9TlFiPQ3jujX676', '473 Cheyenne Manors Apt. 079\nNew Oswald, MO 25376', 'Suite 601', 'Mr. Leonel Goodwin Sr.', 'Engineer', '01762164746', 'student367@example.com', '367', 'Mrs. Mazie Blanda', 'Nurse', '01762164746', 'student368@example.com', '368', 'Jessyca Spinka', '01762164746', 'student369@example.com', '369', 'Aunt', 1, 5, 8, '2025-09-30', 'N/A', NULL, NULL, NULL, '2025-09-16 22:44:11', '2025-09-29 04:39:14'),
(75, 'Nolan', 'Gerhold', '2025-01-31', 'Other', 'AB+', 'Buddhist', 'Bangladeshi', '371', '01762164746', 'student372@example.com', '$2y$12$rWD6BibiEWeF/HfWy.l7Ae.Z5r3HRR4WcTSHhOPga56R42HRHRZfG', '18252 Brekke Vista\nWest Lonzomouth, AL 98459-8705', 'Suite 790', 'Prof. Jeffery Buckridge', 'Teacher', '01762164746', 'student372@example.com', '372', 'Rachael Feeney', 'Businesswoman', '01762164746', 'student373@example.com', '373', 'Yoshiko Howe', '01762164746', 'student374@example.com', '374', 'Uncle', 1, 8, 10, '2025-09-30', 'N/A', NULL, NULL, NULL, '2025-09-16 22:44:11', '2025-09-29 04:48:26'),
(76, 'Jazlyn', 'Lindgren', '1986-05-26', 'Male', 'O+', 'Buddhist', 'Bangladeshi', '376', '01762164746', 'student377@example.com', '$2y$12$HaCiKN69L/qPCgAYD0LxzeWDX9dDFhldgqa2wvYV7N/giVsLcDXxi', '510 Klocko Walks Apt. 200\nLangoshborough, IA 52792-1625', 'Apt. 382', 'Luis Koch IV', 'Farmer', '01762164746', 'student377@example.com', '377', 'Prof. Andreane Fahey', 'Doctor', '01762164746', 'student378@example.com', '378', 'Mariane Trantow', '01762164746', 'student379@example.com', '379', 'Uncle', 1, 6, 2, '2025-10-01', 'N/A', NULL, NULL, NULL, '2025-09-16 22:44:11', '2025-09-30 08:41:50'),
(77, 'Graham', 'Wilderman', '2002-10-02', 'Female', 'A-', 'Christian', 'Bangladeshi', '381', '01762164746', 'student382@example.com', '$2y$12$5wYYJVyNaR9UA7A/pX4bbekiaOryjJZB3TAYad3gBgfmrJPWovhjK', '53299 Caleb Rest Apt. 271\nSouth Keshawnside, TX 98218-8279', 'Suite 822', 'Kelton Hessel', 'Farmer', '01762164746', 'student382@example.com', '382', 'Minerva Swift', 'Teacher', '01762164746', 'student383@example.com', '383', 'Jennifer Reilly IV', '01762164746', 'student384@example.com', '384', 'Grandparent', 1, 7, 7, '2025-09-29', 'N/A', NULL, NULL, NULL, '2025-09-16 22:44:11', '2025-09-29 04:24:59'),
(78, 'Veronica', 'O\'Keefe', '1985-02-28', 'Female', 'O+', 'Other', 'Bangladeshi', '386', '01762164746', 'student387@example.com', '$2y$12$UUcX1LWa6dOuZ7qtj1c86uEZFnauMt9Sn2ViiavDGhyZY2j3bADLK', '274 Hill Lock Suite 526\nJamaalmouth, MI 21307-1007', 'Apt. 843', 'Leo Breitenberg', 'Doctor', '01762164746', 'student387@example.com', '387', 'Angeline Wiegand', 'Housewife', '01762164746', 'student388@example.com', '388', 'Miss Cordie Rutherford', '01762164746', 'student389@example.com', '389', 'Grandparent', 1, 5, 12, '2025-09-30', 'N/A', NULL, NULL, NULL, '2025-09-16 22:44:11', '2025-09-29 04:47:07'),
(79, 'Mozelle', 'Dibbert', '2003-01-25', 'Female', 'O+', 'Christian', 'Bangladeshi', '391', '01762164746', 'student392@example.com', '$2y$12$R2vJokXZsGbs.32RCqN3JeOGTdHVjDcbZtKSsbbq94bS01443KAau', '71792 Olin Square Apt. 249\nWest Lilian, MD 14836', 'Apt. 912', 'Blaze Bayer', 'Businessman', '01762164746', 'student392@example.com', '392', 'Miss Stacy Hermann', 'Doctor', '01762164746', 'student393@example.com', '393', 'Yvonne Armstrong', '01762164746', 'student394@example.com', '394', 'Grandparent', 1, 13, 4, '2025-09-30', 'N/A', NULL, NULL, NULL, '2025-09-16 22:44:12', '2025-09-29 04:31:27'),
(80, 'Willow', 'Kuhlman', '1976-12-02', 'Male', 'O-', 'Other', 'Bangladeshi', '396', '01762164746', 'student397@example.com', '$2y$12$6tZwsz7IREpfehwQjiG7KenWfMkPEduUUMskjqfQS9873F7qrJN3.', '46645 Sadye Plaza Apt. 614\nHollisside, MI 82816', 'Apt. 564', 'Edgardo Rutherford', 'Businessman', '01762164746', 'student397@example.com', '397', 'Gerry Ebert', 'Housewife', '01762164746', 'student398@example.com', '398', 'Nannie Rohan', '01762164746', 'student399@example.com', '399', 'Grandparent', 1, 8, 2, '2025-10-01', 'N/A', NULL, NULL, NULL, '2025-09-16 22:44:12', '2025-09-30 08:41:51'),
(81, 'Jasper', 'Yost', '1976-03-03', 'Other', 'B+', 'Other', 'Bangladeshi', '401', '01762164746', 'student402@example.com', '$2y$12$MMAdly/uUtANCmzv7XQV6OLqLeyaC1Aor2Xsc8.L2AF6bGnvWedeC', '4801 Manley Pines\nSouth Breanna, NE 77991-4574', 'Apt. 265', 'Prof. Sheridan O\'Keefe DVM', 'Farmer', '01762164746', 'student402@example.com', '402', 'Pansy Sporer', 'Housewife', '01762164746', 'student403@example.com', '403', 'Lurline Pollich', '01762164746', 'student404@example.com', '404', 'Uncle', 1, 6, 11, '2025-09-29', 'N/A', NULL, NULL, NULL, '2025-09-16 22:44:12', '2025-09-29 04:24:59'),
(82, 'Kaleb', 'Ebert', '2012-04-29', 'Female', 'A+', 'Islam', 'Bangladeshi', '406', '01762164746', 'student407@example.com', '$2y$12$Qhy/NUPWrukQ2FooXkffQeJrDZWa1nKmTC2yulRWyJ5jFh8BqD87O', '223 Maryjane Crescent Apt. 790\nNew Ludieburgh, CT 44124', 'Apt. 810', 'Prof. Andrew VonRueden Sr.', 'Farmer', '01762164746', 'student407@example.com', '407', 'Marilie Cummings', 'Nurse', '01762164746', 'student408@example.com', '408', 'Damaris Bogisich', '01762164746', 'student409@example.com', '409', 'Sister', 1, 9, 9, '2025-09-29', 'N/A', NULL, NULL, NULL, '2025-09-16 22:44:12', '2025-09-29 04:24:59'),
(83, 'Roxanne', 'Rath', '1994-12-24', 'Female', 'AB-', 'Other', 'Bangladeshi', '411', '01762164746', 'student412@example.com', '$2y$12$56D5rVh5rFxqwXgvJou8tuw.V4/k758FFeJBl4XknU3EmJKON9WzK', '3876 Skiles Falls\nLake Hayden, NV 69043-4544', 'Apt. 739', 'Stephon Wintheiser', 'Doctor', '01762164746', 'student412@example.com', '412', 'Kaela Block', 'Housewife', '01762164746', 'student413@example.com', '413', 'Demetrius Hahn', '01762164746', 'student414@example.com', '414', 'Grandparent', 1, 14, 4, '2025-09-30', 'N/A', NULL, NULL, NULL, '2025-09-16 22:44:12', '2025-09-29 04:31:28');
INSERT INTO `students` (`id`, `first_name`, `last_name`, `dob`, `gender`, `blood_group`, `religion`, `nationality`, `national_id`, `contact_number`, `email`, `password`, `address1`, `address2`, `father_name`, `father_profession`, `father_contact`, `father_email`, `father_nid`, `mother_name`, `mother_profession`, `mother_contact`, `mother_email`, `mother_nid`, `guardian_name`, `guardian_contact`, `guardian_email`, `guardian_nid`, `guardian_relationship`, `status`, `roll_number`, `class_id`, `attend_date`, `remark`, `photo`, `father_photo`, `mother_photo`, `created_at`, `updated_at`) VALUES
(84, 'Jerad', 'Graham', '2006-10-15', 'Other', 'AB-', 'Christian', 'Bangladeshi', '416', '01762164746', 'student417@example.com', '$2y$12$7cslSfbRNwEbVNSNiCsNT.cTOLOXfnByGUSOSK3KRHQ5jLQyWFDlm', '6555 Schumm Roads Suite 252\nNorth Maximilianberg, MN 73834', 'Suite 693', 'Odell Dooley', 'Businessman', '01762164746', 'student417@example.com', '417', 'Miss Twila Kilback PhD', 'Teacher', '01762164746', 'student418@example.com', '418', 'Isabella Kunze', '01762164746', 'student419@example.com', '419', 'Brother', 1, 7, 11, '2025-09-29', 'N/A', NULL, NULL, NULL, '2025-09-16 22:44:13', '2025-09-29 04:24:59'),
(85, 'Gudrun', 'Lueilwitz', '1999-04-26', 'Female', 'AB+', 'Buddhist', 'Bangladeshi', '421', '01762164746', 'student422@example.com', '$2y$12$ECuMgaUjoESjNFA/zcDOx.VbQwSt/.WgVyc9VZhmHZwm8L5vwQBhu', '20738 Kub Glen Apt. 679\nBarrowsville, WY 17957-4299', 'Apt. 426', 'Mr. Norwood O\'Kon', 'Teacher', '01762164746', 'student422@example.com', '422', 'Maurine Herzog', 'Businesswoman', '01762164746', 'student423@example.com', '423', 'Miss Linnie Hoeger', '01762164746', 'student424@example.com', '424', 'Uncle', 1, 10, 9, '2025-09-29', 'N/A', NULL, NULL, NULL, '2025-09-16 22:44:13', '2025-09-29 04:24:59'),
(86, 'Josue', 'Hettinger', '2010-05-05', 'Other', 'A-', 'Other', 'Bangladeshi', '426', '01762164746', 'student427@example.com', '$2y$12$IvTIoQZI7ph1JHU/2GOOuOqQx2VvclU8L5I4GLnYX6RJcDLaoUVYK', '768 Destinee Branch\nNorth Madgeview, CA 87014', 'Suite 397', 'Mr. Torey Olson II', 'Engineer', '01762164746', 'student427@example.com', '427', 'Bernadette King', 'Businesswoman', '01762164746', 'student428@example.com', '428', 'Valerie Haley', '01762164746', 'student429@example.com', '429', 'Brother', 1, 8, 6, '2025-09-29', 'N/A', NULL, NULL, NULL, '2025-09-16 22:44:13', '2025-09-29 04:24:59'),
(87, 'Chance', 'West', '2007-05-23', 'Male', 'A+', 'Christian', 'Bangladeshi', '431', '01762164746', 'student432@example.com', '$2y$12$nbrloI2Zixf1llDou4u4r.lEAcxJXUY0B5Vh6h6rJbstrxStxSg56', '36617 Dane Rue Apt. 964\nQuentinport, CO 63896', 'Apt. 994', 'Prof. Reuben Jast Sr.', 'Farmer', '01762164746', 'student432@example.com', '432', 'Clara Runolfsson', 'Nurse', '01762164746', 'student433@example.com', '433', 'Lou Wunsch', '01762164746', 'student434@example.com', '434', 'Brother', 1, 9, 10, '2025-09-30', 'N/A', NULL, NULL, NULL, '2025-09-16 22:44:13', '2025-09-29 04:48:27'),
(88, 'Fidel', 'Blick', '1981-08-26', 'Female', 'B+', 'Hindu', 'Bangladeshi', '436', '01762164746', 'student437@example.com', '$2y$12$f5N/hL.9iKiOAI2bP7f8DuGoyGKqzK8fhOmz5k54Z.Pnxp2Djgn1y', '6768 Kerluke Highway\nCharityborough, IN 22102-1650', 'Apt. 173', 'Prof. Korey Von Jr.', 'Teacher', '01762164746', 'student437@example.com', '437', 'Winona Aufderhar', 'Teacher', '01762164746', 'student438@example.com', '438', 'Chelsie Medhurst', '01762164746', 'student439@example.com', '439', 'Uncle', 1, 9, 6, '2025-09-29', 'N/A', NULL, NULL, NULL, '2025-09-16 22:44:13', '2025-09-29 04:24:59'),
(89, 'Heloise', 'McDermott', '2005-06-17', 'Male', 'AB-', 'Christian', 'Bangladeshi', '441', '01762164746', 'student442@example.com', '$2y$12$1axBitmKCIObZLKHnM8OVez7fQaSdfm4R7z0nYthvHCA/LekbJ8GG', '9557 Heathcote Viaduct\nPort Lloyd, MI 11855-4854', 'Apt. 436', 'Braden Howell', 'Farmer', '01762164746', 'student442@example.com', '442', 'Dina Batz', 'Nurse', '01762164746', 'student443@example.com', '443', 'Rashawn Satterfield', '01762164746', 'student444@example.com', '444', 'Aunt', 1, 8, 5, '2025-09-29', 'N/A', NULL, NULL, NULL, '2025-09-16 22:44:14', '2025-09-29 04:24:59'),
(90, 'Eden', 'Kris', '2016-12-09', 'Other', 'B-', 'Buddhist', 'Bangladeshi', '446', '01762164746', 'student447@example.com', '$2y$12$DEfe55PLzuzLA2Na.ggrWuK7JFPHyrI.TndoHYoJ1NG/9.nU72S4K', '3182 Thiel Mountains Apt. 687\nNikolaushaven, DE 66472-5139', 'Suite 749', 'Armand Tremblay', 'Businessman', '01762164746', 'student447@example.com', '447', 'Miss Nola Koss V', 'Teacher', '01762164746', 'student448@example.com', '448', 'Kyla Boehm', '01762164746', 'student449@example.com', '449', 'Uncle', 1, 2, 3, '2025-09-30', 'N/A', NULL, NULL, NULL, '2025-09-16 22:44:14', '2025-09-29 04:28:09'),
(91, 'Reyna', 'Runolfsson', '1991-05-22', 'Other', 'AB+', 'Other', 'Bangladeshi', '451', '01762164746', 'student452@example.com', '$2y$12$kaZiMAiznPSw3ExVrpovu.6yMRUaaFLdN6G7INKeYk5qa.TYpuNTG', '58745 Melyssa Pines\nMagdalenport, NE 03250', 'Suite 967', 'Eddie Volkman V', 'Farmer', '01762164746', 'student452@example.com', '452', 'Hilda Abshire', 'Businesswoman', '01762164746', 'student453@example.com', '453', 'Adolfo Wilkinson', '01762164746', 'student454@example.com', '454', 'Sister', 1, 11, 9, '2025-09-29', 'N/A', NULL, NULL, NULL, '2025-09-16 22:44:14', '2025-09-29 04:24:59'),
(92, 'Elsie', 'Crona', '1991-01-07', 'Other', 'B-', 'Islam', 'Bangladeshi', '456', '01762164746', 'student457@example.com', '$2y$12$0E8TlmQ7yyabKN9FWBCaJOhmhOW7/mBuVWXhMyB3kCSH1RPe0VWPW', '8618 Eli Trail\nLake Ryleighside, MN 72253', 'Apt. 134', 'Vito Brown', 'Doctor', '01762164746', 'student457@example.com', '457', 'Savanah Schuppe', 'Teacher', '01762164746', 'student458@example.com', '458', 'Amiya Hill', '01762164746', 'student459@example.com', '459', 'Grandparent', 1, 8, 7, '2025-09-29', 'N/A', NULL, NULL, NULL, '2025-09-16 22:44:14', '2025-09-29 04:24:59'),
(93, 'Ethelyn', 'Klein', '1976-09-12', 'Other', 'B+', 'Buddhist', 'Bangladeshi', '461', '01762164746', 'student462@example.com', '$2y$12$RO673c0fn7eHKNhnlZMhz.Kkd0JJduPWfbwsf3Zm87VooRynY/oN6', '336 Bode Crest\nQuentinshire, SC 93516', 'Suite 092', 'Frankie Deckow II', 'Businessman', '01762164746', 'student462@example.com', '462', 'Serenity Swaniawski', 'Nurse', '01762164746', 'student463@example.com', '463', 'Dr. Heloise Johns', '01762164746', 'student464@example.com', '464', 'Brother', 1, 9, 2, '2025-10-01', 'N/A', NULL, NULL, NULL, '2025-09-16 22:44:14', '2025-09-30 08:41:52'),
(94, 'Glenna', 'Rohan', '2011-05-21', 'Female', 'AB-', 'Islam', 'Bangladeshi', '466', '01762164746', 'student467@example.com', '$2y$12$jyG8CS8UetseVV6h4jnXzuexK17XkyD1k0c0diDp0X.JVPslODyBS', '687 Kaycee Isle Apt. 219\nBorerport, ND 76398', 'Apt. 543', 'Mr. Tremayne Beahan', 'Teacher', '01762164746', 'student467@example.com', '467', 'Prof. Jackie Abbott IV', 'Doctor', '01762164746', 'student468@example.com', '468', 'Miss Maymie Von', '01762164746', 'student469@example.com', '469', 'Sister', 1, 6, 8, '2025-09-30', 'N/A', NULL, NULL, NULL, '2025-09-16 22:44:15', '2025-09-29 04:39:16'),
(95, 'Brandt', 'Reilly', '1981-01-28', 'Female', 'O+', 'Islam', 'Bangladeshi', '471', '01762164746', 'student472@example.com', '$2y$12$KoWT2wxbsV8hBx.yIjDuteH8apl1AzyTLVv1iQmtdrGaG3358ArHW', '928 Shields Keys\nSouth Caryville, GA 28537', 'Apt. 448', 'Deven Gutmann V', 'Teacher', '01762164746', 'student472@example.com', '472', 'Annamarie Stracke', 'Teacher', '01762164746', 'student473@example.com', '473', 'Ms. Freeda Schultz', '01762164746', 'student474@example.com', '474', 'Aunt', 1, 7, 8, '2025-09-30', 'N/A', NULL, NULL, NULL, '2025-09-16 22:44:15', '2025-09-29 04:39:17'),
(96, 'Flavio', 'Powlowski', '1985-07-29', 'Other', 'B+', 'Hindu', 'Bangladeshi', '476', '01762164746', 'student477@example.com', '$2y$12$.b0dmLjSxPS4eCiAc/EHqedl0UKpsSaZP/k4ZeTk9vI00WnWNwYz2', '748 Cierra Mills Suite 682\nRowetown, DC 96871-4280', 'Suite 764', 'Prof. Ron Koelpin', 'Farmer', '01762164746', 'student477@example.com', '477', 'Aubree Franecki DVM', 'Doctor', '01762164746', 'student478@example.com', '478', 'Laila Bergnaum', '01762164746', 'student479@example.com', '479', 'Grandparent', 1, 10, 6, '2025-09-29', 'N/A', NULL, NULL, NULL, '2025-09-16 22:44:15', '2025-09-29 04:24:59'),
(97, 'Keith', 'Haag', '1974-11-04', 'Male', 'O-', 'Christian', 'Bangladeshi', '481', '01762164746', 'student482@example.com', '$2y$12$Scui5FC8J9q.Ou/ZSWaINeTRiMe1Uo9i42f0MaijBIMcRpygJ6zk6', '358 Kessler Canyon\nJerdefort, OR 34542-0267', 'Apt. 522', 'Prof. Camden Rath', 'Farmer', '01762164746', 'student482@example.com', '482', 'Mrs. Addie Lubowitz DDS', 'Businesswoman', '01762164746', 'student483@example.com', '483', 'Krystina Ferry DVM', '01762164746', 'student484@example.com', '484', 'Brother', 1, 9, 5, '2025-09-29', 'N/A', NULL, NULL, NULL, '2025-09-16 22:44:15', '2025-09-29 04:24:59'),
(98, 'Tomas', 'Schamberger', '2006-06-02', 'Female', 'B+', 'Buddhist', 'Bangladeshi', '486', '01762164746', 'student487@example.com', '$2y$12$aQ9hhvIx9p0Eckbb6um/HO06L5hShho3D/BhgRkQel0VQKLC8BLPi', '3044 Claire Track Suite 434\nLake Emorymouth, ID 68263', 'Suite 566', 'Alden Ratke', 'Engineer', '01762164746', 'student487@example.com', '487', 'Katlyn Feest II', 'Nurse', '01762164746', 'student488@example.com', '488', 'Marcia Steuber', '01762164746', 'student489@example.com', '489', 'Aunt', 1, 9, 7, '2025-09-29', 'N/A', NULL, NULL, NULL, '2025-09-16 22:44:15', '2025-09-29 04:24:59'),
(99, 'Lora', 'Huel', '1990-06-03', 'Other', 'O-', 'Islam', 'Bangladeshi', '491', '01762164746', 'student492@example.com', '$2y$12$.5H518jQurQCxPGph6k/EOs99OX3Q9AR4Omk2QR2OuV91YGdnUTO2', '7153 DuBuque Parkway\nEast Ernestine, VA 91198-5907', 'Apt. 490', 'Jonathan Labadie', 'Businessman', '01762164746', 'student492@example.com', '492', 'Blanca Smith', 'Doctor', '01762164746', 'student493@example.com', '493', 'Dr. Merle Ziemann I', '01762164746', 'student494@example.com', '494', 'Aunt', 1, 7, 2, '2025-10-01', 'N/A', NULL, NULL, NULL, '2025-09-16 22:44:15', '2025-09-30 08:41:53'),
(100, 'Hilma', 'Heller', '1979-11-03', 'Other', 'A+', 'Hindu', 'Bangladeshi', '496', '01762164746', 'student497@example.com', '$2y$12$ruunEt8676GMp0JEWyWkCeo7ZlIN1B3v51O01X5lwEeaW5d8wGWgq', '9120 Rosenbaum Highway\nAlvaborough, VT 14293', 'Apt. 045', 'Giuseppe Thompson', 'Businessman', '01762164746', 'student497@example.com', '497', 'Chelsie Tremblay', 'Doctor', '01762164746', 'student498@example.com', '498', 'Maritza Balistreri', '01762164746', 'student499@example.com', '499', 'Aunt', 1, 8, 2, '2025-10-01', 'N/A', NULL, NULL, NULL, '2025-09-16 22:44:16', '2025-09-30 08:41:54'),
(101, 'Matt', 'Batz', '1982-10-08', 'Female', 'O-', 'Buddhist', 'Bangladeshi', '501', '01762164746', 'student502@example.com', '$2y$12$TbMMb/qA6NqnkpJB0qpMPuxPSv2a61JjpLIyf1B8GWY5.Jw7vg.2m', '54450 Imogene Square\nLake Melodyport, KS 83345', 'Apt. 635', 'Schuyler Blanda', 'Doctor', '01762164746', 'student502@example.com', '502', 'Jennie Boyer', 'Housewife', '01762164746', 'student503@example.com', '503', 'Zion Hyatt', '01762164746', 'student504@example.com', '504', 'Sister', 1, 3, 3, '2025-09-30', 'N/A', NULL, NULL, NULL, '2025-09-16 22:44:16', '2025-09-29 04:28:10'),
(102, 'Rahsaan', 'Mills', '1999-11-05', 'Female', 'A+', 'Hindu', 'Bangladeshi', '506', '01762164746', 'student507@example.com', '$2y$12$05yM6m5gVjwg/JPWd2liEOpGlkrlHQfkv2UHjqc2SsPWb8lQ0e9sq', '4270 Johathan Plaza Suite 512\nSouth Sibylfurt, WI 36540', 'Suite 041', 'Seamus Schultz I', 'Doctor', '01762164746', 'student507@example.com', '507', 'Matilda Orn II', 'Nurse', '01762164746', 'student508@example.com', '508', 'Prof. Timothy Toy', '01762164746', 'student509@example.com', '509', 'Brother', 1, 11, 6, '2025-09-29', 'N/A', NULL, NULL, NULL, '2025-09-16 22:44:16', '2025-09-29 04:24:59'),
(103, 'Queenie', 'Lesch', '2011-03-10', 'Male', 'AB+', 'Other', 'Bangladeshi', '511', '01762164746', 'student512@example.com', '$2y$12$XcUMDwLXyKI8.NFFRSr0YOtRWJXKXNo3fA7JQtA45S1i.LDc3/EZ6', '810 Cathy Spur Suite 616\nAdrianatown, AL 95855', 'Apt. 543', 'Ryleigh Boehm', 'Engineer', '01762164746', 'student512@example.com', '512', 'Elouise Bosco', 'Teacher', '01762164746', 'student513@example.com', '513', 'Marquis Sauer', '01762164746', 'student514@example.com', '514', 'Uncle', 1, 10, 5, '2025-09-29', 'N/A', NULL, NULL, NULL, '2025-09-16 22:44:16', '2025-09-29 04:24:59'),
(104, 'Eldridge', 'Bergnaum', '1980-11-27', 'Female', 'A-', 'Hindu', 'Bangladeshi', '516', '01762164746', 'student517@example.com', '$2y$12$5ojOkG3pw2Y8j7WAc9zVqecTqzXEJ7yJQx7QPfeeuFf/hZ8fQL76O', '98433 Trycia Mission Apt. 258\nEttieland, TN 94336', 'Suite 334', 'Dr. Trever Carter III', 'Doctor', '01762164746', 'student517@example.com', '517', 'Mrs. Vickie Bode Jr.', 'Teacher', '01762164746', 'student518@example.com', '518', 'Freda Hoeger', '01762164746', 'student519@example.com', '519', 'Brother', 1, 10, 2, '2025-10-01', 'N/A', NULL, NULL, NULL, '2025-09-16 22:44:16', '2025-09-30 08:41:55'),
(105, 'Rowland', 'Lueilwitz', '2016-05-22', 'Male', 'A-', 'Buddhist', 'Bangladeshi', '521', '01762164746', 'student522@example.com', '$2y$12$t8Tx21wWQ59JZc4MuXNUYug9YoBWOtzgadzrHBSu0FpdyhdxEC8DO', '2936 Willms Motorway\nJerrellfurt, ND 36365', 'Apt. 914', 'Zachariah Boehm', 'Farmer', '01762164746', 'student522@example.com', '522', 'Nikki Braun', 'Nurse', '01762164746', 'student523@example.com', '523', 'Esta Gleichner', '01762164746', 'student524@example.com', '524', 'Grandparent', 1, 15, 4, '2025-09-30', 'N/A', NULL, NULL, NULL, '2025-09-16 22:44:17', '2025-09-29 04:31:29'),
(106, 'Garth', 'Carroll', '2018-08-11', 'Other', 'O+', 'Islam', 'Bangladeshi', '526', '01762164746', 'student527@example.com', '$2y$12$8IGVeMPiBHDYMbUv/OiSEOpvSRxxzNN8ratdPLg3c7Z3NgQdHI8Ia', '415 Dach Isle\nRockyberg, PA 24948', 'Suite 222', 'Marlin Grant Jr.', 'Engineer', '01762164746', 'student527@example.com', '527', 'Mrs. Annabelle Sanford', 'Businesswoman', '01762164746', 'student528@example.com', '528', 'Mr. Nicolas Durgan MD', '01762164746', 'student529@example.com', '529', 'Sister', 1, 16, 4, '2025-09-30', 'N/A', NULL, NULL, NULL, '2025-09-16 22:44:17', '2025-09-29 04:31:30'),
(107, 'Caroline', 'Grant', '2004-03-30', 'Female', 'B-', 'Buddhist', 'Bangladeshi', '531', '01762164746', 'student532@example.com', '$2y$12$bG296O328L3baX0dHTkNy.hscQOHACeIt0nO9n6sbztS2sfw9XOhK', '4228 Bernice Station Suite 280\nVanceton, HI 28543-0443', 'Apt. 886', 'Damien Hartmann', 'Businessman', '01762164746', 'student532@example.com', '532', 'Shanie Erdman II', 'Housewife', '01762164746', 'student533@example.com', '533', 'Mikel Douglas', '01762164746', 'student534@example.com', '534', 'Brother', 1, 11, 5, '2025-09-29', 'N/A', NULL, NULL, NULL, '2025-09-16 22:44:17', '2025-09-29 04:24:59'),
(108, 'Bernard', 'Russel', '2016-12-18', 'Male', 'B-', 'Buddhist', 'Bangladeshi', '536', '01762164746', 'student537@example.com', '$2y$12$.OXn41dEWWau2s1ppz5CKO2p2Ncb6P8QUWQSDC73MtHibkF28D6cm', '3572 Kylie Court Apt. 441\nMaudieside, AL 26609-2844', 'Suite 139', 'Grover Fahey', 'Doctor', '01762164746', 'student537@example.com', '537', 'Caterina Haag', 'Housewife', '01762164746', 'student538@example.com', '538', 'Ms. Kristy Schimmel', '01762164746', 'student539@example.com', '539', 'Brother', 1, 8, 8, '2025-09-30', 'N/A', NULL, NULL, NULL, '2025-09-16 22:44:17', '2025-09-29 04:39:18'),
(109, 'Dora', 'Emmerich', '1982-09-01', 'Other', 'B+', 'Other', 'Bangladeshi', '541', '01762164746', 'student542@example.com', '$2y$12$UzAu/S1KGPABL25ebYG/cu/9H53fFoW2Q0./6mJv7rvYJ6//6cP6m', '836 Beulah Springs Suite 498\nHermanfort, NJ 92487-9242', 'Suite 191', 'Prof. Forrest Rutherford', 'Engineer', '01762164746', 'student542@example.com', '542', 'Elfrieda Tremblay', 'Businesswoman', '01762164746', 'student543@example.com', '543', 'Ronaldo Turcotte', '01762164746', 'student544@example.com', '544', 'Sister', 1, 4, 3, '2025-09-30', 'N/A', NULL, NULL, NULL, '2025-09-16 22:44:17', '2025-09-29 04:28:11'),
(110, 'Corrine', 'Weber', '1972-09-08', 'Male', 'B+', 'Buddhist', 'Bangladeshi', '546', '01762164746', 'student547@example.com', '$2y$12$Xqnjvcl1Eisy5kCMxAD0A.5zOCzPpKQlaYW6k9xRep1G0DdfuEJXy', '62315 Gleason Tunnel Suite 739\nLittleport, VA 58622', 'Apt. 794', 'Mr. Brando Stracke DDS', 'Farmer', '01762164746', 'student547@example.com', '547', 'Connie Adams', 'Doctor', '01762164746', 'student548@example.com', '548', 'Haleigh Willms', '01762164746', 'student549@example.com', '549', 'Grandparent', 1, 12, 9, '2025-09-29', 'N/A', NULL, NULL, NULL, '2025-09-16 22:44:18', '2025-09-29 04:24:59'),
(111, 'Layla', 'Walker', '2000-09-05', 'Other', 'B-', 'Islam', 'Bangladeshi', '551', '01762164746', 'student552@example.com', '$2y$12$J6LWCYuBomp4yCpk8.DFfeJmPv9VuMXzEhNS.R0ScMLgjP4jbY2pG', '69554 Concepcion Viaduct\nArvidfort, DE 66216', 'Apt. 446', 'Devan O\'Keefe', 'Teacher', '01762164746', 'student552@example.com', '552', 'Destany Torp', 'Businesswoman', '01762164746', 'student553@example.com', '553', 'Lorenzo Kertzmann', '01762164746', 'student554@example.com', '554', 'Brother', 1, 13, 9, '2025-09-29', 'N/A', NULL, NULL, NULL, '2025-09-16 22:44:18', '2025-09-29 04:24:59'),
(112, 'Johann', 'Lang', '2017-08-06', 'Female', 'AB+', 'Christian', 'Bangladeshi', '556', '01762164746', 'student557@example.com', '$2y$12$cHyZesZbu1vxf8DKorZK/e2idOcP9bGUaQUvbdcjZevKvuHzZzupu', '6997 Godfrey Curve\nMillsside, MA 29941-5261', 'Suite 290', 'Skylar Graham', 'Farmer', '01762164746', 'student557@example.com', '557', 'Melyssa Wisoky', 'Nurse', '01762164746', 'student558@example.com', '558', 'Elton Hessel III', '01762164746', 'student559@example.com', '559', 'Grandparent', 1, 9, 8, '2025-09-30', 'N/A', NULL, NULL, NULL, '2025-09-16 22:44:18', '2025-09-29 04:39:19'),
(113, 'Theo', 'Collins', '2000-01-13', 'Female', 'O+', 'Buddhist', 'Bangladeshi', '561', '01762164746', 'student562@example.com', '$2y$12$BEwSVJ0K/dHN065t2z6sWe/vbvRqGfMdXIoGyoA2Ia4V6T4T6wFqG', '68088 Bernhard Grove\nPort Careyshire, VT 06628-3149', 'Apt. 945', 'Trace Gerhold Jr.', 'Engineer', '01762164746', 'student562@example.com', '562', 'Marielle Schimmel', 'Teacher', '01762164746', 'student563@example.com', '563', 'Arnaldo Lebsack', '01762164746', 'student564@example.com', '564', 'Grandparent', 1, 9, 2, '2025-10-01', 'N/A', NULL, NULL, NULL, '2025-09-16 22:44:18', '2025-09-30 08:41:57'),
(114, 'Jamel', 'Jenkins', '1990-03-09', 'Other', 'O-', 'Other', 'Bangladeshi', '566', '01762164746', 'student567@example.com', '$2y$12$VGm1vnVl.r.mQf/huHFQIedfwp7bDlwoMghKce6FrMvhRMH202kye', '5456 Kling Garden Suite 850\nPort Busterberg, DE 08446-3310', 'Apt. 619', 'Dr. Ed Denesik II', 'Farmer', '01762164746', 'student567@example.com', '567', 'Miss Carlee Herman DDS', 'Housewife', '01762164746', 'student568@example.com', '568', 'Brenna McLaughlin', '01762164746', 'student569@example.com', '569', 'Aunt', 1, 5, 3, '2025-09-30', 'N/A', NULL, NULL, NULL, '2025-09-16 22:44:18', '2025-09-29 04:28:12'),
(115, 'Adrien', 'Gaylord', '1970-07-05', 'Other', 'B+', 'Christian', 'Bangladeshi', '571', '01762164746', 'student572@example.com', '$2y$12$tVxozWMFIHif3hbKsd/y8uswja/d4I8/NfxiaflIKLDo48JYQc8jy', '4385 Nader Curve Suite 874\nLynchside, CT 05145', 'Suite 251', 'Jake Wiza', 'Teacher', '01762164746', 'student572@example.com', '572', 'Roslyn Shields', 'Doctor', '01762164746', 'student573@example.com', '573', 'Heather Graham', '01762164746', 'student574@example.com', '574', 'Sister', 1, 6, 3, '2025-09-30', 'N/A', NULL, NULL, NULL, '2025-09-16 22:44:18', '2025-09-29 04:28:13'),
(116, 'Francisca', 'Wisoky', '2021-10-05', 'Other', 'A-', 'Christian', 'Bangladeshi', '576', '01762164746', 'student577@example.com', '$2y$12$Dva/.jJADEa/RCdye1oCOeoTmtj6rYRoc6YLdyfyuDwLbwt3fTVLW', '775 Dayne Squares Suite 383\nEloisaton, PA 13807', 'Suite 787', 'Toy Friesen', 'Engineer', '01762164746', 'student577@example.com', '577', 'Celine Schneider', 'Teacher', '01762164746', 'student578@example.com', '578', 'America Orn', '01762164746', 'student579@example.com', '579', 'Grandparent', 1, 17, 4, '2025-09-30', 'N/A', NULL, NULL, NULL, '2025-09-16 22:44:19', '2025-09-29 04:31:30'),
(117, 'Meda', 'Monahan', '2011-12-23', 'Other', 'O+', 'Islam', 'Bangladeshi', '581', '01762164746', 'student582@example.com', '$2y$12$/1rZnIao3jT1qPSAuInAPuLoK2o/BGmqkfKim8s/NjbCtBW8nhLmq', '8611 Hortense Ports\nBartolettistad, CA 97273-1250', 'Apt. 210', 'Cruz Lowe', 'Farmer', '01762164746', 'student582@example.com', '582', 'Mrs. Bridgette Hintz', 'Housewife', '01762164746', 'student583@example.com', '583', 'Vincent Gutmann', '01762164746', 'student584@example.com', '584', 'Brother', 1, 7, 3, '2025-09-30', 'N/A', NULL, NULL, NULL, '2025-09-16 22:44:19', '2025-09-29 04:28:13'),
(118, 'Jada', 'Abernathy', '1992-09-10', 'Female', 'O-', 'Other', 'Bangladeshi', '586', '01762164746', 'student587@example.com', '$2y$12$qpX0oRj.dgQWFlgW1tmfTet65BvyqajcsetYdUjR60AXjKdkp3p1K', '5703 Weber Rapid\nEast Javon, WV 53672-5752', 'Apt. 712', 'Dr. Kobe Hansen MD', 'Engineer', '01762164746', 'student587@example.com', '587', 'Gudrun Connelly', 'Housewife', '01762164746', 'student588@example.com', '588', 'Miss Violet VonRueden', '01762164746', 'student589@example.com', '589', 'Grandparent', 1, 18, 4, '2025-09-30', 'N/A', NULL, NULL, NULL, '2025-09-16 22:44:19', '2025-09-29 04:31:31'),
(119, 'Viviane', 'O\'Reilly', '2025-07-21', 'Female', 'B+', 'Christian', 'Bangladeshi', '591', '01762164746', 'student592@example.com', '$2y$12$Vki5XlUXPMKlRPlyKRQGOe.OXkfX2ZhxLhXFDr8ATCg0Yh2UyQ3ky', '55123 Elvis River\nVellaville, UT 35929-1220', 'Apt. 308', 'Jonathon Bauch', 'Farmer', '01762164746', 'student592@example.com', '592', 'Kathryne Fadel', 'Businesswoman', '01762164746', 'student593@example.com', '593', 'Mr. Josiah Hackett MD', '01762164746', 'student594@example.com', '594', 'Uncle', 1, 12, 5, '2025-09-29', 'N/A', NULL, NULL, NULL, '2025-09-16 22:44:19', '2025-09-29 04:24:59'),
(120, 'Pattie', 'Abernathy', '1991-10-29', 'Male', 'O-', 'Hindu', 'Bangladeshi', '596', '01762164746', 'student597@example.com', '$2y$12$oibWWO0sbWu6D/jacpqbquiRaa5HhmpPAFQCzAmFr42G.jPKW7ORW', '54560 Gulgowski Stream\nWest Novaville, CO 33913', 'Suite 846', 'Prof. Moriah Kutch DDS', 'Teacher', '01762164746', 'student597@example.com', '597', 'Augustine Waters', 'Teacher', '01762164746', 'student598@example.com', '598', 'Benny Schultz', '01762164746', 'student599@example.com', '599', 'Brother', 1, 10, 10, '2025-09-30', 'N/A', NULL, NULL, NULL, '2025-09-16 22:44:19', '2025-09-29 04:48:28'),
(121, 'Noelia', 'Okuneva', '1975-10-09', 'Male', 'O-', 'Other', 'Bangladeshi', '601', '01762164746', 'student602@example.com', '$2y$12$UF9cmr1ShZMLDbtZpp4ltOPdHszCJ5dChzZJBugLnmjTtJh0i3X2W', '6882 Volkman Canyon\nRempelburgh, CA 29593-1869', 'Apt. 867', 'Torey O\'Conner DDS', 'Doctor', '01762164746', 'student602@example.com', '602', 'Mrs. Hulda Spencer Jr.', 'Teacher', '01762164746', 'student603@example.com', '603', 'Sanford Bechtelar Jr.', '01762164746', 'student604@example.com', '604', 'Sister', 1, 11, 2, '2025-10-01', 'N/A', NULL, NULL, NULL, '2025-09-16 22:44:20', '2025-09-30 08:41:57'),
(122, 'Ken', 'Runte', '1981-08-03', 'Other', 'A-', 'Islam', 'Bangladeshi', '606', '01762164746', 'student607@example.com', '$2y$12$sPXuESUVR0589LLyHyldI.ww6OcNh7A71Kipw48MZq37llOtYpe/m', '272 Gottlieb Manors\nNew Estefania, DE 86269', 'Suite 258', 'Kenneth Dietrich', 'Farmer', '01762164746', 'student607@example.com', '607', 'Nichole Bayer', 'Businesswoman', '01762164746', 'student608@example.com', '608', 'Jasmin Emard DDS', '01762164746', 'student609@example.com', '609', 'Aunt', 1, 8, 3, '2025-09-30', 'N/A', NULL, NULL, NULL, '2025-09-16 22:44:20', '2025-09-29 04:28:14'),
(123, 'Katrina', 'Hamill', '2009-10-03', 'Other', 'O+', 'Other', 'Bangladeshi', '611', '01762164746', 'student612@example.com', '$2y$12$9NCUisShoZoqKtqhoFxJFu07rnYMEFaWgi8WkAL5LEei5cCdfv7LO', '905 Noah Dale\nNorth Lulu, OR 83706-7608', 'Suite 681', 'Dagmar Hagenes', 'Doctor', '01762164746', 'student612@example.com', '612', 'Mrs. Shakira Dooley III', 'Housewife', '01762164746', 'student613@example.com', '613', 'Mrs. Germaine Hagenes', '01762164746', 'student614@example.com', '614', 'Sister', 1, 13, 5, '2025-09-29', 'N/A', NULL, NULL, NULL, '2025-09-16 22:44:20', '2025-09-29 04:24:59'),
(124, 'Paige', 'Brown', '2012-08-26', 'Male', 'AB-', 'Islam', 'Bangladeshi', '616', '01762164746', 'student617@example.com', '$2y$12$tuQlESx73xXH64U4d2YrlO863T7a/I5AMByTVaOcErbDcju6LDCcS', '89861 Kuhic Way Suite 485\nBrycenbury, WV 10535', 'Apt. 692', 'Evert Haley III', 'Engineer', '01762164746', 'student617@example.com', '617', 'Alexane Kassulke', 'Teacher', '01762164746', 'student618@example.com', '618', 'Kirk Weimann DDS', '01762164746', 'student619@example.com', '619', 'Brother', 1, 10, 8, '2025-09-30', 'N/A', NULL, NULL, NULL, '2025-09-16 22:44:20', '2025-09-29 04:39:20'),
(125, 'Sammy', 'Zulauf', '1991-09-06', 'Other', 'O+', 'Other', 'Bangladeshi', '621', '01762164746', 'student622@example.com', '$2y$12$c1J5aiLVm0tktN99qgTu6OjgSYNxj3y82X9u80UiutDsmLhv3k8DS', '29540 Klein Place\nWest Fernandoborough, SC 33843-8242', 'Suite 870', 'Dr. Gerald Jones MD', 'Farmer', '01762164746', 'student622@example.com', '622', 'Prof. Kianna Thompson', 'Housewife', '01762164746', 'student623@example.com', '623', 'Bruce Lueilwitz', '01762164746', 'student624@example.com', '624', 'Grandparent', 1, 6, 12, '2025-09-30', 'N/A', NULL, NULL, NULL, '2025-09-16 22:44:20', '2025-09-29 04:47:08'),
(126, 'Rodger', 'Welch', '1993-03-30', 'Female', 'B-', 'Buddhist', 'Bangladeshi', '626', '01762164746', 'student627@example.com', '$2y$12$mBSrKWO1WRceqqDC9QpD1e3iXqLq9MLTvnYz8NYpPiA5CP499Y.0a', '537 Schumm Burg Apt. 107\nSouth Pablo, OK 99187-7327', 'Apt. 304', 'Prof. Bertha Oberbrunner V', 'Engineer', '01762164746', 'student627@example.com', '627', 'Miss Mariela Mayer', 'Nurse', '01762164746', 'student628@example.com', '628', 'Burdette Rowe', '01762164746', 'student629@example.com', '629', 'Sister', 1, 10, 7, '2025-09-29', 'N/A', NULL, NULL, NULL, '2025-09-16 22:44:21', '2025-09-29 04:24:59'),
(127, 'Russell', 'Dach', '1992-12-04', 'Male', 'AB-', 'Christian', 'Bangladeshi', '631', '01762164746', 'student632@example.com', '$2y$12$.yUap0Tkp9feKiqhK/y15ulHNa1/O4ux61QCb/1x1s3Rh7Um6NU.q', '53117 D\'Amore Ridges\nArmstrongville, DE 81361-1526', 'Suite 188', 'Kennedy Klocko', 'Teacher', '01762164746', 'student632@example.com', '632', 'Hildegard Funk', 'Nurse', '01762164746', 'student633@example.com', '633', 'Ms. Cassidy Thiel', '01762164746', 'student634@example.com', '634', 'Grandparent', 1, 19, 4, '2025-09-30', 'N/A', NULL, NULL, NULL, '2025-09-16 22:44:21', '2025-09-29 04:31:32'),
(128, 'Ansley', 'Hudson', '1978-09-21', 'Female', 'A-', 'Hindu', 'Bangladeshi', '636', '01762164746', 'student637@example.com', '$2y$12$h6BdzrG4A0VxSva8blKgZek4/07xRrHxXEj6f8JK1Q5ueEo7.G4j2', '5548 Keebler Club\nElianeside, UT 56796-5824', 'Suite 544', 'Billy Denesik', 'Businessman', '01762164746', 'student637@example.com', '637', 'Erica Medhurst', 'Nurse', '01762164746', 'student638@example.com', '638', 'Francisco Runolfsdottir', '01762164746', 'student639@example.com', '639', 'Sister', 1, 12, 6, '2025-09-29', 'N/A', NULL, NULL, NULL, '2025-09-16 22:44:21', '2025-09-29 04:24:59'),
(129, 'Mark', 'Buckridge', '2010-10-26', 'Other', 'AB+', 'Buddhist', 'Bangladeshi', '641', '01762164746', 'student642@example.com', '$2y$12$t8wPbiajkJ3yMTU57FC9p.pSYka0cW819mP46MU5U.kNZBguwkz12', '290 Afton Shoals\nHaleyhaven, SD 33074-1632', 'Suite 470', 'Hester Hartmann', 'Doctor', '01762164746', 'student642@example.com', '642', 'Brooke Kshlerin', 'Doctor', '01762164746', 'student643@example.com', '643', 'Gayle Harber', '01762164746', 'student644@example.com', '644', 'Aunt', 1, 13, 6, '2025-09-29', 'N/A', NULL, NULL, NULL, '2025-09-16 22:44:21', '2025-09-29 04:24:59'),
(130, 'Velva', 'Schaden', '1983-05-07', 'Female', 'O-', 'Buddhist', 'Bangladeshi', '646', '01762164746', 'student647@example.com', '$2y$12$8H7IPDeTr.cqKFPMOrRYzOxbX1b6PmYWPyM7em8jFqjT8vDsbecUq', '4260 Fay Drives\nRodriguezmouth, AK 46767-0191', 'Apt. 160', 'Baylee Powlowski', 'Engineer', '01762164746', 'student647@example.com', '647', 'Anjali Rempel', 'Teacher', '01762164746', 'student648@example.com', '648', 'Grady Cormier I', '01762164746', 'student649@example.com', '649', 'Aunt', 1, 14, 5, '2025-09-29', 'N/A', NULL, NULL, NULL, '2025-09-16 22:44:21', '2025-09-29 04:24:59'),
(131, 'Colleen', 'Kilback', '2019-06-25', 'Male', 'B+', 'Christian', 'Bangladeshi', '651', '01762164746', 'student652@example.com', '$2y$12$.5vVrm8i/7d50B4Z6DA1NOmEu8fmxGmIW8Jvg8FXFLVzqrCtzGnnm', '7524 Marquardt Club Suite 751\nNew Mitchel, MT 95215-3840', 'Suite 229', 'Rodger Johnson', 'Businessman', '01762164746', 'student652@example.com', '652', 'Miss Aaliyah Becker PhD', 'Housewife', '01762164746', 'student653@example.com', '653', 'Jermey Johns', '01762164746', 'student654@example.com', '654', 'Aunt', 1, 10, 2, '2025-10-01', 'N/A', NULL, NULL, NULL, '2025-09-16 22:44:22', '2025-09-30 08:41:58'),
(132, 'Alta', 'Roob', '1997-12-30', 'Other', 'A-', 'Buddhist', 'Bangladeshi', '656', '01762164746', 'student657@example.com', '$2y$12$addUMAZCvP9kU5/jX6WSou/uTj5kepb/PFX./JOhCeKO9PH1F9u7W', '341 Wisozk Wall Suite 307\nSouth Uriahchester, KY 42864-6279', 'Apt. 651', 'Thad Schulist', 'Engineer', '01762164746', 'student657@example.com', '657', 'Verna Yundt', 'Businesswoman', '01762164746', 'student658@example.com', '658', 'London Hoeger DDS', '01762164746', 'student659@example.com', '659', 'Aunt', 1, 14, 9, '2025-09-29', 'N/A', NULL, NULL, NULL, '2025-09-16 22:44:22', '2025-09-29 04:24:59'),
(133, 'Agnes', 'Senger', '2016-03-15', 'Female', 'O-', 'Christian', 'Bangladeshi', '661', '01762164746', 'student662@example.com', '$2y$12$q8ZGxtl7TtY0cpfDhTkNPeyEFw7LS3o0ToQMzizG3/HJA16NANhO.', '149 Skiles Freeway\nLurlineton, ID 85689-6457', 'Suite 454', 'Davon McCullough', 'Engineer', '01762164746', 'student662@example.com', '662', 'Shanelle Willms', 'Nurse', '01762164746', 'student663@example.com', '663', 'Webster Leannon', '01762164746', 'student664@example.com', '664', 'Uncle', 1, 9, 3, '2025-09-30', 'N/A', NULL, NULL, NULL, '2025-09-16 22:44:22', '2025-09-29 04:28:16'),
(134, 'Melvina', 'Murray', '2022-12-26', 'Male', 'B-', 'Hindu', 'Bangladeshi', '666', '01762164746', 'student667@example.com', '$2y$12$4C0Filc/QUKKyvLOmXLjLuigE8et0AYuy9ABRTzaIIDrw4MsdPNdW', '6645 Romaguera Port Apt. 136\nSofiaville, KY 39258', 'Apt. 234', 'Dr. Santos Prohaska DVM', 'Engineer', '01762164746', 'student667@example.com', '667', 'Dr. Shanel Jakubowski PhD', 'Businesswoman', '01762164746', 'student668@example.com', '668', 'Jettie Ziemann DDS', '01762164746', 'student669@example.com', '669', 'Uncle', 1, 11, 7, '2025-09-29', 'N/A', NULL, NULL, NULL, '2025-09-16 22:44:22', '2025-09-29 04:24:59'),
(135, 'Sigmund', 'White', '2009-03-24', 'Female', 'O-', 'Islam', 'Bangladeshi', '671', '01762164746', 'student672@example.com', '$2y$12$3xpLoGOKemBljRCsEL5iH.AWtMamHOOihgWQeMEQsQyn7iOrsMnFW', '9127 Tremblay Trail\nNaderton, NH 55668', 'Apt. 021', 'Keshawn Homenick', 'Engineer', '01762164746', 'student672@example.com', '672', 'Earline Greenfelder', 'Doctor', '01762164746', 'student673@example.com', '673', 'Candace Osinski', '01762164746', 'student674@example.com', '674', 'Sister', 1, 15, 5, '2025-09-29', 'N/A', NULL, NULL, NULL, '2025-09-16 22:44:22', '2025-09-29 04:24:59'),
(136, 'Sam', 'Murray', '1978-04-05', 'Male', 'AB-', 'Other', 'Bangladeshi', '676', '01762164746', 'student677@example.com', '$2y$12$cmF9Z1SnLWq5b.yPj.hVy.fhqaAq7hxWZh4o2upPPz3CZ/IgJKEwu', '980 Amber Field\nPort Deliamouth, SD 87112', 'Apt. 592', 'Colt Lueilwitz', 'Businessman', '01762164746', 'student677@example.com', '677', 'Noemi Conroy', 'Nurse', '01762164746', 'student678@example.com', '678', 'Jeanie Effertz', '01762164746', 'student679@example.com', '679', 'Grandparent', 1, 20, 4, '2025-09-30', 'N/A', NULL, NULL, NULL, '2025-09-16 22:44:23', '2025-09-29 04:31:33'),
(137, 'Sigurd', 'Murphy', '1986-09-02', 'Male', 'AB+', 'Hindu', 'Bangladeshi', '681', '01762164746', 'student682@example.com', '$2y$12$KG8ZocZ5fU2ApvvfY8FpVeV5ilzI/A7zrFJ1B.WuntOKJ0tEn8gaW', '534 Carlee Rest Suite 320\nWhitemouth, MN 81094', 'Suite 821', 'Enrico Raynor', 'Businessman', '01762164746', 'student682@example.com', '682', 'Lysanne Schmitt', 'Housewife', '01762164746', 'student683@example.com', '683', 'Mr. Darrell Bruen', '01762164746', 'student684@example.com', '684', 'Grandparent', 1, 14, 6, '2025-09-29', 'N/A', NULL, NULL, NULL, '2025-09-16 22:44:23', '2025-09-29 04:24:59'),
(138, 'Dorthy', 'Bogan', '2001-08-29', 'Female', 'A-', 'Hindu', 'Bangladeshi', '686', '01762164746', 'student687@example.com', '$2y$12$JUPiojEM.rWl/gHs9Eb5L.avvg5BQpZ6xaqX/Xzha0SvenJbk0Hcm', '922 Lillian Lakes Apt. 247\nCummingsberg, TN 13454-3950', 'Apt. 872', 'Skye Ruecker', 'Farmer', '01762164746', 'student687@example.com', '687', 'Evalyn Lesch', 'Businesswoman', '01762164746', 'student688@example.com', '688', 'Harmony Goodwin', '01762164746', 'student689@example.com', '689', 'Sister', 1, 11, 8, '2025-09-30', 'N/A', NULL, NULL, NULL, '2025-09-16 22:44:23', '2025-09-29 04:39:21'),
(139, 'Isai', 'Roberts', '1979-09-14', 'Male', 'O-', 'Other', 'Bangladeshi', '691', '01762164746', 'student692@example.com', '$2y$12$YYXNBvekWG0YXAF27fVFfedQ2GKBhzTaIi69TA/Gl71WniOGkXrZW', '9184 D\'Amore Flat Suite 417\nNorth Gilesland, NM 01373-1849', 'Apt. 997', 'Alvah Luettgen', 'Businessman', '01762164746', 'student692@example.com', '692', 'Theresa Braun', 'Nurse', '01762164746', 'student693@example.com', '693', 'Leone Schuster', '01762164746', 'student694@example.com', '694', 'Aunt', 1, 8, 11, '2025-09-29', 'N/A', NULL, NULL, NULL, '2025-09-16 22:44:23', '2025-09-29 04:24:59'),
(140, 'Claire', 'Stroman', '2019-05-05', 'Other', 'A+', 'Other', 'Bangladeshi', '696', '01762164746', 'student697@example.com', '$2y$12$SYFg52jINxsGo6yMKhTFVOChw6.54j.LabrJbV/L6oKnCD9R07n26', '161 Everette Centers\nNorth Sisterfurt, AL 30591', 'Suite 788', 'Mavis Gleason V', 'Businessman', '01762164746', 'student697@example.com', '697', 'Julianne Jacobson', 'Businesswoman', '01762164746', 'student698@example.com', '698', 'Ms. Ashlee Stracke I', '01762164746', 'student699@example.com', '699', 'Aunt', 1, 12, 8, '2025-09-30', 'N/A', NULL, NULL, NULL, '2025-09-16 22:44:23', '2025-09-29 04:39:22'),
(141, 'Emil', 'Barton', '2022-01-22', 'Female', 'B-', 'Hindu', 'Bangladeshi', '701', '01762164746', 'student702@example.com', '$2y$12$lalPcf9WD075NkakA6HQWuG/8RUh.l4D1VxAlEeKv0AHfw1ZYe2mS', '98690 Buckridge Ferry\nMcClureview, AR 61078-7086', 'Suite 639', 'Elliott Howe MD', 'Farmer', '01762164746', 'student702@example.com', '702', 'Rozella Goyette', 'Teacher', '01762164746', 'student703@example.com', '703', 'Kali Herman Jr.', '01762164746', 'student704@example.com', '704', 'Sister', 1, 15, 6, '2025-09-29', 'N/A', NULL, NULL, NULL, '2025-09-16 22:44:23', '2025-09-29 04:24:59'),
(142, 'Ernestina', 'Gerhold', '2007-03-22', 'Male', 'AB-', 'Hindu', 'Bangladeshi', '706', '01762164746', 'student707@example.com', '$2y$12$XIoc.BvZusWbx1UB0gooxOdyTWBM408p5F1FPz9qwjfRirtqOctOq', '119 Austin Ville\nDameonshire, MN 98935', 'Apt. 751', 'Mr. Jairo Blick PhD', 'Businessman', '01762164746', 'student707@example.com', '707', 'Lillie Lind', 'Housewife', '01762164746', 'student708@example.com', '708', 'Idella Daugherty', '01762164746', 'student709@example.com', '709', 'Sister', 1, 21, 4, '2025-09-30', 'N/A', NULL, NULL, NULL, '2025-09-16 22:44:24', '2025-09-29 04:31:34'),
(143, 'Pat', 'Morar', '1978-12-03', 'Other', 'AB-', 'Other', 'Bangladeshi', '711', '01762164746', 'student712@example.com', '$2y$12$MJBolubtoREGmIGqAO7.weFvqzfaMpR0EVVcW3kAQlzrvV0RU2oTK', '18687 Rosemarie Curve Suite 066\nNew Sebastianton, KS 26568', 'Apt. 946', 'Roman Rogahn', 'Farmer', '01762164746', 'student712@example.com', '712', 'Shanie Gottlieb', 'Businesswoman', '01762164746', 'student713@example.com', '713', 'Alexa Lynch', '01762164746', 'student714@example.com', '714', 'Aunt', 1, 12, 7, '2025-09-29', 'N/A', NULL, NULL, NULL, '2025-09-16 22:44:24', '2025-09-29 04:24:59'),
(144, 'Everette', 'Kuvalis', '2003-03-06', 'Other', 'B-', 'Other', 'Bangladeshi', '716', '01762164746', 'student717@example.com', '$2y$12$4HKxrQOExgbPOOabubrgm.dIqZhN7fingTOcUG.Xc6gnn5jfABdE6', '55464 Reilly Rest\nWest Lulu, IL 05327', 'Suite 212', 'Kamryn Johns III', 'Farmer', '01762164746', 'student717@example.com', '717', 'Dr. Ellen Feest Jr.', 'Nurse', '01762164746', 'student718@example.com', '718', 'Leland Upton', '01762164746', 'student719@example.com', '719', 'Sister', 1, 15, 9, '2025-09-29', 'N/A', NULL, NULL, NULL, '2025-09-16 22:44:24', '2025-09-29 04:24:59'),
(145, 'Elinore', 'Mante', '1982-01-06', 'Female', 'AB+', 'Other', 'Bangladeshi', '721', '01762164746', 'student722@example.com', '$2y$12$/dEkA.T/7RCPnVVMKvh93eAnSbcIC/waWskB4N0jXRdZMtVbSPBgK', '7789 Schamberger Meadows Apt. 259\nBethanytown, ND 77425', 'Apt. 711', 'Mr. Albin Purdy', 'Teacher', '01762164746', 'student722@example.com', '722', 'Rubye Olson', 'Housewife', '01762164746', 'student723@example.com', '723', 'Serena Olson', '01762164746', 'student724@example.com', '724', 'Grandparent', 1, 7, 12, '2025-09-30', 'N/A', NULL, NULL, NULL, '2025-09-16 22:44:24', '2025-09-29 04:47:09'),
(146, 'Crystal', 'Trantow', '2003-01-05', 'Other', 'A+', 'Islam', 'Bangladeshi', '726', '01762164746', 'student727@example.com', '$2y$12$abS2k3sjdFBHogp2X2o6lOL6A8Jjkxv3p9zNZmzvdlIxFUqAv4b3C', '612 Verdie Estates\nClarissaberg, MD 95680-8655', 'Apt. 430', 'Jocelyn Hauck', 'Teacher', '01762164746', 'student727@example.com', '727', 'Prof. Wava Nienow PhD', 'Businesswoman', '01762164746', 'student728@example.com', '728', 'Brycen Dickens Sr.', '01762164746', 'student729@example.com', '729', 'Uncle', 1, 8, 12, '2025-09-30', 'N/A', NULL, NULL, NULL, '2025-09-16 22:44:24', '2025-09-29 04:47:10'),
(147, 'Serena', 'Sauer', '1980-12-27', 'Other', 'B+', 'Buddhist', 'Bangladeshi', '731', '01762164746', 'student732@example.com', '$2y$12$2PdfaUMOYE1cy83iWdBUfuXlWXF/A/fAF4HkXHuR5/IZV52eBJogO', '888 Schmidt Station\nBednartown, AK 90279', 'Suite 239', 'Roderick Casper', 'Doctor', '01762164746', 'student732@example.com', '732', 'Valerie Wiegand IV', 'Housewife', '01762164746', 'student733@example.com', '733', 'Mrs. Cecelia Howell I', '01762164746', 'student734@example.com', '734', 'Brother', 1, 12, 2, '2025-10-01', 'N/A', NULL, NULL, NULL, '2025-09-16 22:44:25', '2025-09-30 08:42:00'),
(148, 'Janelle', 'O\'Keefe', '1982-05-14', 'Male', 'B+', 'Other', 'Bangladeshi', '736', '01762164746', 'student737@example.com', '$2y$12$OVNEFBy2KRGKLthqF81A5e/AVGcacaubn7rO7M6VL0pOAsCs8wDV6', '28850 Crooks Island\nWest Antonetta, MI 23244', 'Suite 647', 'Enrique Rogahn', 'Doctor', '01762164746', 'student737@example.com', '737', 'Mrs. Breanna Ratke III', 'Housewife', '01762164746', 'student738@example.com', '738', 'Berneice Russel', '01762164746', 'student739@example.com', '739', 'Uncle', 1, 10, 3, '2025-09-30', 'N/A', NULL, NULL, NULL, '2025-09-16 22:44:25', '2025-09-29 04:28:17'),
(149, 'Joana', 'Wiza', '1980-03-07', 'Other', 'A+', 'Hindu', 'Bangladeshi', '741', '01762164746', 'student742@example.com', '$2y$12$8dfbTOQXrJLc7niZ9t3ub.Y8wn/nuN6lgUCFnyhKqshT2v3OH9oc6', '274 Gerson Skyway Apt. 639\nPort Arielle, DC 85564-6715', 'Suite 916', 'Mr. Dejuan Vandervort I', 'Businessman', '01762164746', 'student742@example.com', '742', 'Ms. Pattie Goldner Jr.', 'Housewife', '01762164746', 'student743@example.com', '743', 'John Parisian', '01762164746', 'student744@example.com', '744', 'Brother', 1, 11, 3, '2025-09-30', 'N/A', NULL, NULL, NULL, '2025-09-16 22:44:25', '2025-09-29 04:28:18'),
(150, 'Russell', 'Romaguera', '1972-09-22', 'Male', 'AB-', 'Buddhist', 'Bangladeshi', '746', '01762164746', 'student747@example.com', '$2y$12$6xhphE9n9AxvHtHKU5FijeU0VO43iK/BsDHQYEh7Wy6a/.nceoRI2', '7426 Fahey Knoll\nNew Lacey, SC 72496-9406', 'Apt. 232', 'Mr. Eliseo Morissette', 'Engineer', '01762164746', 'student747@example.com', '747', 'Yasmin Steuber', 'Businesswoman', '01762164746', 'student748@example.com', '748', 'Jarrell Schaefer', '01762164746', 'student749@example.com', '749', 'Grandparent', 1, 16, 5, '2025-09-29', 'N/A', NULL, NULL, NULL, '2025-09-16 22:44:25', '2025-09-29 04:24:59'),
(151, 'Ben', 'Stanton', '1997-08-24', 'Other', 'B-', 'Other', 'Bangladeshi', '751', '01762164746', 'student752@example.com', '$2y$12$yc0Y6agnB9UrlHyLuU57muLP.lqQwtG.8knFXdgfzZHVbaZRHX8zC', '14757 Jaskolski Coves Apt. 373\nNew Melvinport, NM 41016', 'Apt. 369', 'Erich Nikolaus', 'Farmer', '01762164746', 'student752@example.com', '752', 'Dr. Camylle Jacobson', 'Businesswoman', '01762164746', 'student753@example.com', '753', 'Stacy Pouros', '01762164746', 'student754@example.com', '754', 'Aunt', 1, 9, 12, '2025-09-30', 'N/A', NULL, NULL, NULL, '2025-09-16 22:44:25', '2025-09-29 04:47:12'),
(152, 'Ladarius', 'Ullrich', '2002-07-09', 'Female', 'A-', 'Christian', 'Bangladeshi', '756', '01762164746', 'student757@example.com', '$2y$12$D5NQUwlnNeEShSNBdZW0gO8c0AKZUgeQjgdsxfKp4ypvS4Rj8ut5m', '388 Marquardt Square\nNorth Alisa, FL 03007', 'Suite 991', 'Deron Kemmer', 'Engineer', '01762164746', 'student757@example.com', '757', 'Prof. Ardith Howell MD', 'Businesswoman', '01762164746', 'student758@example.com', '758', 'Peyton Bruen', '01762164746', 'student759@example.com', '759', 'Grandparent', 1, 22, 4, '2025-09-30', 'N/A', NULL, NULL, NULL, '2025-09-16 22:44:26', '2025-09-29 04:31:34'),
(153, 'Deja', 'Predovic', '2002-02-27', 'Female', 'AB-', 'Islam', 'Bangladeshi', '761', '01762164746', 'student762@example.com', '$2y$12$DxL.X88SQjgvyAQXBTZFee2u3LM4GjIsbWR7uXZifAc1nmaQAT4By', '3237 Gaetano Centers Suite 123\nKrajcikland, WA 30656', 'Apt. 243', 'Ayden Veum', 'Farmer', '01762164746', 'student762@example.com', '762', 'Mrs. Claire Denesik IV', 'Businesswoman', '01762164746', 'student763@example.com', '763', 'Ayden Ziemann', '01762164746', 'student764@example.com', '764', 'Grandparent', 1, 9, 11, '2025-09-29', 'N/A', NULL, NULL, NULL, '2025-09-16 22:44:26', '2025-09-29 04:24:59'),
(154, 'Kellen', 'Koch', '2020-02-29', 'Female', 'B+', 'Buddhist', 'Bangladeshi', '766', '01762164746', 'student767@example.com', '$2y$12$YfEBUMa.vlJ.fLIZPiZ7j.2w4Ldy1L5nvE84nanMSdTkaqRsh7Csy', '1109 Harvey Pine\nAshtynton, AL 68204', 'Apt. 283', 'Prof. Bart Fritsch II', 'Teacher', '01762164746', 'student767@example.com', '767', 'Mrs. Kristin Rau', 'Housewife', '01762164746', 'student768@example.com', '768', 'Mrs. Reina Johns', '01762164746', 'student769@example.com', '769', 'Sister', 1, 10, 11, '2025-09-29', 'N/A', NULL, NULL, NULL, '2025-09-16 22:44:26', '2025-09-29 04:24:59'),
(155, 'Ahmed', 'Sauer', '1988-03-05', 'Female', 'AB-', 'Christian', 'Bangladeshi', '771', '01762164746', 'student772@example.com', '$2y$12$FVxG4ouSb9aCXw1ES2pzW.tW3uemm8NfcykhPVkcNSRSh9Tcme8je', '494 Lizzie Mission Suite 150\nFlatleyshire, MD 98384-9664', 'Apt. 176', 'Neal Stracke DVM', 'Farmer', '01762164746', 'student772@example.com', '772', 'Prof. Jadyn Klocko V', 'Nurse', '01762164746', 'student773@example.com', '773', 'Elinore Wisoky', '01762164746', 'student774@example.com', '774', 'Brother', 1, 13, 2, '2025-10-01', 'N/A', NULL, NULL, NULL, '2025-09-16 22:44:26', '2025-09-30 08:42:01'),
(156, 'Briana', 'Durgan', '2006-12-03', 'Other', 'B+', 'Islam', 'Bangladeshi', '776', '01762164746', 'student777@example.com', '$2y$12$PJZtKHcDc1JhTOsEXBmk1u1fJfBVNERIHw8H3ia8zyaK1FTxNlJJq', '5670 Kameron Plaza Suite 869\nDamienland, NJ 37896', 'Apt. 604', 'Dudley Witting', 'Engineer', '01762164746', 'student777@example.com', '777', 'Robyn Dibbert', 'Businesswoman', '01762164746', 'student778@example.com', '778', 'Cydney Huel V', '01762164746', 'student779@example.com', '779', 'Brother', 1, 23, 4, '2025-09-30', 'N/A', NULL, NULL, NULL, '2025-09-16 22:44:26', '2025-09-29 04:31:35'),
(157, 'Eliza', 'Johnson', '2023-03-23', 'Male', 'O-', 'Islam', 'Bangladeshi', '781', '01762164746', 'student782@example.com', '$2y$12$AiXdnYTSOH6RcBxDlm/4MuX9covd5VH5bmSoqJPcxzdhHLDrqYvhm', '31296 Herman Radial Apt. 934\nPort Leann, SD 50516-5713', 'Apt. 553', 'Prof. Barrett Schamberger', 'Engineer', '01762164746', 'student782@example.com', '782', 'Ashly Goyette', 'Nurse', '01762164746', 'student783@example.com', '783', 'Dane Brakus', '01762164746', 'student784@example.com', '784', 'Brother', 1, 16, 9, '2025-09-29', 'N/A', NULL, NULL, NULL, '2025-09-16 22:44:26', '2025-09-29 04:24:59'),
(158, 'Kris', 'Trantow', '2004-04-21', 'Female', 'A+', 'Other', 'Bangladeshi', '786', '01762164746', 'student787@example.com', '$2y$12$vlv6EMWbqCLpHf2jG9Ffce/0nH1qmNdzkTbKubpCfk6eM.z2pqia2', '67990 Valentine Mount Apt. 783\nNorth Kane, GA 67004', 'Apt. 023', 'Cyril Huel', 'Teacher', '01762164746', 'student787@example.com', '787', 'Lenore Klocko V', 'Teacher', '01762164746', 'student788@example.com', '788', 'Leora Marvin', '01762164746', 'student789@example.com', '789', 'Sister', 1, 16, 6, '2025-09-29', 'N/A', NULL, NULL, NULL, '2025-09-16 22:44:27', '2025-09-29 04:24:59'),
(159, 'Bria', 'Fritsch', '2012-07-02', 'Other', 'AB+', 'Islam', 'Bangladeshi', '791', '01762164746', 'student792@example.com', '$2y$12$c/PEpzQmmEa2ejlKw7uuqerQMF1nJ0EYQ752AAlaWsLE.SGaZiyL2', '464 Boyle Cliff\nShayleeton, SD 36802-7965', 'Suite 769', 'Prof. Erick Bartoletti III', 'Businessman', '01762164746', 'student792@example.com', '792', 'Caterina Hayes', 'Teacher', '01762164746', 'student793@example.com', '793', 'Ms. Robyn Heller', '01762164746', 'student794@example.com', '794', 'Sister', 1, 17, 5, '2025-09-29', 'N/A', NULL, NULL, NULL, '2025-09-16 22:44:27', '2025-09-29 04:24:59'),
(160, 'Tressa', 'Gottlieb', '2003-10-16', 'Other', 'B-', 'Buddhist', 'Bangladeshi', '796', '01762164746', 'student797@example.com', '$2y$12$Qj5rsp3H4Gm4DfGkokBkFe3e5ko23cMIsjbqwa91Ne.6adtnsZHki', '82906 Bednar Key\nWest Eugeneshire, ME 40463', 'Apt. 242', 'Rodrick Olson Sr.', 'Engineer', '01762164746', 'student797@example.com', '797', 'Reba Yost', 'Businesswoman', '01762164746', 'student798@example.com', '798', 'Loyce Predovic V', '01762164746', 'student799@example.com', '799', 'Brother', 1, 18, 5, '2025-09-29', 'N/A', NULL, NULL, NULL, '2025-09-16 22:44:27', '2025-09-29 04:24:59'),
(161, 'Rylee', 'Borer', '2015-04-03', 'Other', 'AB-', 'Buddhist', 'Bangladeshi', '801', '01762164746', 'student802@example.com', '$2y$12$IrippXVwon2X35K242Spu.peep3znlfdgGW4IGRNSlINB0fdUgVga', '854 Jayde Trace\nDiegomouth, DC 48477-3943', 'Apt. 495', 'Ethel Kling IV', 'Doctor', '01762164746', 'student802@example.com', '802', 'Verda Nienow', 'Doctor', '01762164746', 'student803@example.com', '803', 'Dayna Gislason DDS', '01762164746', 'student804@example.com', '804', 'Uncle', 1, 11, 2, '2025-10-01', 'N/A', NULL, NULL, NULL, '2025-09-16 22:44:27', '2025-09-30 08:42:02'),
(162, 'Rubie', 'Schneider', '1980-04-22', 'Female', 'O-', 'Islam', 'Bangladeshi', '806', '01762164746', 'student807@example.com', '$2y$12$wQJ.L54dXuaaoB0LzCIJd./g8SJreGEyO1aTMDX/Pa23vuDQT/4EO', '60225 Oleta Curve\nNorth Jazmin, GA 16659-5625', 'Suite 179', 'Marcel Kovacek', 'Businessman', '01762164746', 'student807@example.com', '807', 'Dr. Cynthia Price III', 'Teacher', '01762164746', 'student808@example.com', '808', 'Torey Hills DDS', '01762164746', 'student809@example.com', '809', 'Grandparent', 1, 24, 4, '2025-09-30', 'N/A', NULL, NULL, NULL, '2025-09-16 22:44:27', '2025-09-29 04:31:36'),
(163, 'Daija', 'Langosh', '2025-07-21', 'Male', 'B-', 'Christian', 'Bangladeshi', '811', '01762164746', 'student812@example.com', '$2y$12$bSkj9ijTC9VDCImfRk7yWekP0TczKmFqUh.zIvwZPM02TSaUNBZve', '3410 Jaiden Crossroad Apt. 790\nNorth Hipolitoberg, ID 26813-5969', 'Apt. 648', 'Mr. Geoffrey Gusikowski', 'Teacher', '01762164746', 'student812@example.com', '812', 'Elenor Witting', 'Nurse', '01762164746', 'student813@example.com', '813', 'Kade Conn', '01762164746', 'student814@example.com', '814', 'Aunt', 1, 12, 3, '2025-09-30', 'N/A', NULL, NULL, NULL, '2025-09-16 22:44:28', '2025-09-29 04:28:19'),
(164, 'Cleora', 'Shanahan', '1989-09-08', 'Male', 'B-', 'Hindu', 'Bangladeshi', '816', '01762164746', 'student817@example.com', '$2y$12$Oj8kPm9QW99sAGI4sozpKOF7GQERfdt2gW7L.Z40lS8y462Py0/XK', '619 Haylie Causeway Suite 336\nLabadiestad, UT 16317', 'Apt. 317', 'Howard Orn', 'Engineer', '01762164746', 'student817@example.com', '817', 'Elva Reichert', 'Housewife', '01762164746', 'student818@example.com', '818', 'Minerva Mohr', '01762164746', 'student819@example.com', '819', 'Sister', 1, 13, 3, '2025-09-30', 'N/A', NULL, NULL, NULL, '2025-09-16 22:44:28', '2025-09-29 04:28:20'),
(165, 'Greta', 'Hoeger', '1984-01-18', 'Other', 'B+', 'Hindu', 'Bangladeshi', '821', '01762164746', 'student822@example.com', '$2y$12$1CHbnk.UGF3kB/8K.pazL..E6NwezHO8mA7h4acVF9JfAaKWJbQ/O', '6838 Hortense Center\nNorth Kenyatta, NY 22659-9921', 'Suite 718', 'Mr. Jo Halvorson DDS', 'Engineer', '01762164746', 'student822@example.com', '822', 'Chanel Kling IV', 'Businesswoman', '01762164746', 'student823@example.com', '823', 'Dejuan Ryan', '01762164746', 'student824@example.com', '824', 'Grandparent', 1, 25, 4, '2025-09-30', 'N/A', NULL, NULL, NULL, '2025-09-16 22:44:28', '2025-09-29 04:31:37'),
(166, 'Jerry', 'Hammes', '2019-06-29', 'Other', 'B+', 'Islam', 'Bangladeshi', '826', '01762164746', 'student827@example.com', '$2y$12$eGeHQtbwd/MTpmGA2q7bHeMk9h4oLSTgGdHh6XzKOY1hiL9GGe6vm', '2660 Bahringer Meadow Apt. 625\nLake Telly, AK 27009-3559', 'Suite 201', 'Prof. Edwardo Farrell PhD', 'Engineer', '01762164746', 'student827@example.com', '827', 'Shaylee Bosco', 'Nurse', '01762164746', 'student828@example.com', '828', 'Lonnie Cole', '01762164746', 'student829@example.com', '829', 'Brother', 1, 26, 4, '2025-09-30', 'N/A', NULL, NULL, NULL, '2025-09-16 22:44:28', '2025-09-29 04:31:38');
INSERT INTO `students` (`id`, `first_name`, `last_name`, `dob`, `gender`, `blood_group`, `religion`, `nationality`, `national_id`, `contact_number`, `email`, `password`, `address1`, `address2`, `father_name`, `father_profession`, `father_contact`, `father_email`, `father_nid`, `mother_name`, `mother_profession`, `mother_contact`, `mother_email`, `mother_nid`, `guardian_name`, `guardian_contact`, `guardian_email`, `guardian_nid`, `guardian_relationship`, `status`, `roll_number`, `class_id`, `attend_date`, `remark`, `photo`, `father_photo`, `mother_photo`, `created_at`, `updated_at`) VALUES
(167, 'Anabelle', 'Paucek', '2006-08-25', 'Female', 'B-', 'Buddhist', 'Bangladeshi', '831', '01762164746', 'student832@example.com', '$2y$12$FRAk.2gXh27pHD9pR4voG.M4q.3BfPp5NvOd254dFUQtZpKeZ.rfe', '42558 Sonny Manors Apt. 987\nLake Friedaburgh, SD 04758', 'Apt. 801', 'Mose Borer V', 'Engineer', '01762164746', 'student832@example.com', '832', 'Alfreda Feest', 'Doctor', '01762164746', 'student833@example.com', '833', 'Dr. Urban Zieme', '01762164746', 'student834@example.com', '834', 'Uncle', 1, 14, 3, '2025-09-30', 'N/A', NULL, NULL, NULL, '2025-09-16 22:44:28', '2025-09-29 04:28:20'),
(168, 'Frankie', 'Yost', '1995-07-28', 'Male', 'AB+', 'Christian', 'Bangladeshi', '836', '01762164746', 'student837@example.com', '$2y$12$fAOIWIaSn9xh.RkjMm9boeIS4OiL0kev4kUVhVRnXONt1sZY1S2Zm', '289 Giovanni Parkway\nLake Alvenaberg, HI 05872', 'Suite 723', 'Dr. Ayden O\'Kon V', 'Businessman', '01762164746', 'student837@example.com', '837', 'Megane Wunsch', 'Nurse', '01762164746', 'student838@example.com', '838', 'Dr. Myra Grady III', '01762164746', 'student839@example.com', '839', 'Uncle', 1, 17, 6, '2025-09-29', 'N/A', NULL, NULL, NULL, '2025-09-16 22:44:29', '2025-09-29 04:24:59'),
(169, 'Cecil', 'Metz', '2008-01-16', 'Female', 'AB-', 'Buddhist', 'Bangladeshi', '841', '01762164746', 'student842@example.com', '$2y$12$5RZsE5vRklVK1gWKSOxkbuDmDoMe1UAQMBYIaXpgrqlziLLI6M7G6', '9700 Brenden Curve Apt. 163\nLake Davion, CO 37691', 'Apt. 887', 'Paris Haley', 'Doctor', '01762164746', 'student842@example.com', '842', 'Mollie Heller', 'Teacher', '01762164746', 'student843@example.com', '843', 'Tierra Keeling MD', '01762164746', 'student844@example.com', '844', 'Sister', 1, 14, 2, '2025-10-01', 'N/A', NULL, NULL, NULL, '2025-09-16 22:44:29', '2025-09-30 08:42:03'),
(170, 'Rosalinda', 'Abbott', '1979-08-11', 'Male', 'AB+', 'Buddhist', 'Bangladeshi', '846', '01762164746', 'student847@example.com', '$2y$12$/dLdKPcOXd5bzfdAqjsLV.1Ead.nPOUH4LLgD1qqn1DBffWRwPATa', '2742 Amy Crossing Suite 747\nOttilieborough, TN 47651', 'Apt. 790', 'Jaleel Littel', 'Farmer', '01762164746', 'student847@example.com', '847', 'Prof. Guadalupe Rosenbaum', 'Teacher', '01762164746', 'student848@example.com', '848', 'Bernice Johnson', '01762164746', 'student849@example.com', '849', 'Sister', 1, 18, 6, '2025-09-29', 'N/A', NULL, NULL, NULL, '2025-09-16 22:44:29', '2025-09-29 04:24:59'),
(171, 'Kurt', 'Rohan', '2019-07-17', 'Male', 'O-', 'Hindu', 'Bangladeshi', '851', '01762164746', 'student852@example.com', '$2y$12$esdBdxQ4.hUrD2g2aXZfg.GLVWsUzI.dwlBd0Q0JJ2UOo/e550wf2', '9895 Padberg Greens\nVolkmanstad, LA 05471-6805', 'Apt. 333', 'Joaquin Gottlieb', 'Farmer', '01762164746', 'student852@example.com', '852', 'Zella Volkman', 'Nurse', '01762164746', 'student853@example.com', '853', 'Jameson Ebert', '01762164746', 'student854@example.com', '854', 'Brother', 1, 11, 10, '2025-09-30', 'N/A', NULL, NULL, NULL, '2025-09-16 22:44:29', '2025-09-29 04:48:29'),
(172, 'Ruben', 'Feil', '2020-01-10', 'Other', 'A+', 'Other', 'Bangladeshi', '856', '01762164746', 'student857@example.com', '$2y$12$TJr21F8HKdQCVrvyJ0zvR.4N7kcQxQ8YBC3vp0EFv/T.lgUNPdVrq', '2783 Abbey Street Apt. 316\nWest Marisol, DC 64717', 'Apt. 850', 'Ezra Collier', 'Engineer', '01762164746', 'student857@example.com', '857', 'Madelynn Grant', 'Businesswoman', '01762164746', 'student858@example.com', '858', 'Miss Cleora Cassin Sr.', '01762164746', 'student859@example.com', '859', 'Sister', 1, 13, 7, '2025-09-29', 'N/A', NULL, NULL, NULL, '2025-09-16 22:44:29', '2025-09-29 04:24:59'),
(173, 'Jillian', 'Stiedemann', '1999-03-05', 'Other', 'O-', 'Other', 'Bangladeshi', '861', '01762164746', 'student862@example.com', '$2y$12$y4D4DiqKltHcLk9476WBseWXflA5SpnRHyGGHi8dJ13us5crsAEG.', '4464 Eugenia Mountains Apt. 589\nSouth Dana, MO 21623', 'Apt. 090', 'Trent O\'Keefe', 'Businessman', '01762164746', 'student862@example.com', '862', 'Germaine Bartell', 'Nurse', '01762164746', 'student863@example.com', '863', 'Dr. Mia Heller', '01762164746', 'student864@example.com', '864', 'Brother', 1, 12, 10, '2025-09-30', 'N/A', NULL, NULL, NULL, '2025-09-16 22:44:30', '2025-09-29 04:48:30'),
(174, 'Mark', 'Rogahn', '1977-09-06', 'Other', 'A+', 'Hindu', 'Bangladeshi', '866', '01762164746', 'student867@example.com', '$2y$12$JoLf6p3NGnT/V10p3W0VO.nrOT4c4qjHq7BVJQyHPmi9X1Nte.vKO', '4112 Jacobi Fall Apt. 478\nSouth Roman, AR 36483-2917', 'Suite 746', 'Brennon Runolfsdottir', 'Teacher', '01762164746', 'student867@example.com', '867', 'Berenice Kertzmann', 'Housewife', '01762164746', 'student868@example.com', '868', 'Prof. Edgar Keebler I', '01762164746', 'student869@example.com', '869', 'Sister', 1, 11, 11, '2025-09-29', 'N/A', NULL, NULL, NULL, '2025-09-16 22:44:30', '2025-09-29 04:24:59'),
(175, 'Brandi', 'King', '1998-03-19', 'Other', 'O+', 'Hindu', 'Bangladeshi', '871', '01762164746', 'student872@example.com', '$2y$12$cB8Q9qawfGjRE/f0BCKztOzPNLWm341oSXDx8HUWYxJcsB4MJ1eNG', '59151 Schaden Crossing Apt. 001\nBartonhaven, NJ 36123', 'Apt. 162', 'Ted Schowalter', 'Businessman', '01762164746', 'student872@example.com', '872', 'Gail Purdy', 'Nurse', '01762164746', 'student873@example.com', '873', 'Lilian Sporer', '01762164746', 'student874@example.com', '874', 'Brother', 1, 13, 10, '2025-09-30', 'N/A', NULL, NULL, NULL, '2025-09-16 22:44:30', '2025-09-29 04:48:32'),
(176, 'Izaiah', 'Kunde', '2002-11-18', 'Female', 'O-', 'Christian', 'Bangladeshi', '876', '01762164746', 'student877@example.com', '$2y$12$pwDA81uLusA33xAWOfmDvufJNrPGi8hdSvBrCfdjrYHUeUJFOxa/u', '334 Beaulah Viaduct\nNorth Ebba, PA 46560-0206', 'Apt. 190', 'Chelsey Brakus', 'Teacher', '01762164746', 'student877@example.com', '877', 'Bessie Block', 'Housewife', '01762164746', 'student878@example.com', '878', 'Simone Metz MD', '01762164746', 'student879@example.com', '879', 'Sister', 1, 14, 7, '2025-09-29', 'N/A', NULL, NULL, NULL, '2025-09-16 22:44:30', '2025-09-29 04:24:59'),
(177, 'Eleazar', 'Hoppe', '1973-10-29', 'Male', 'AB-', 'Hindu', 'Bangladeshi', '881', '01762164746', 'student882@example.com', '$2y$12$1HdiHiz/tnQUf0Pc9S0wk.nsvRMREnPBJGvcqBt6jOoPFq.vJXS1y', '78671 Ferry Junctions Suite 831\nNorth Aglae, HI 65128-1650', 'Apt. 527', 'Andy O\'Reilly', 'Farmer', '01762164746', 'student882@example.com', '882', 'Maeve Russel', 'Businesswoman', '01762164746', 'student883@example.com', '883', 'Ms. Emie Cruickshank MD', '01762164746', 'student884@example.com', '884', 'Aunt', 1, 13, 8, '2025-09-30', 'N/A', NULL, NULL, NULL, '2025-09-16 22:44:30', '2025-09-29 04:39:23'),
(178, 'Fern', 'Wolff', '2022-08-26', 'Female', 'O+', 'Hindu', 'Bangladeshi', '886', '01762164746', 'student887@example.com', '$2y$12$MAzqsCt7/GmgKDBULBPcGeTooXZBEKt05fNYJv1aYU78SfZGOkC7i', '715 Alexa Shores Suite 897\nNorth Sarahbury, TX 32648-2222', 'Apt. 674', 'Leopoldo Gerhold I', 'Doctor', '01762164746', 'student887@example.com', '887', 'Elva O\'Conner', 'Businesswoman', '01762164746', 'student888@example.com', '888', 'Wilmer Williamson', '01762164746', 'student889@example.com', '889', 'Aunt', 1, 14, 10, '2025-09-30', 'N/A', NULL, NULL, NULL, '2025-09-16 22:44:31', '2025-09-29 04:48:33'),
(179, 'Valerie', 'Armstrong', '1978-08-17', 'Female', 'A+', 'Islam', 'Bangladeshi', '891', '01762164746', 'student892@example.com', '$2y$12$oZTCH1Z135P8lsx4Px8b4emrzDfvzAqalCahAMf0mTFRyutSS0Qha', '803 Gusikowski Valley Suite 376\nBrockborough, SC 69632-6732', 'Apt. 600', 'Hubert Hoeger', 'Farmer', '01762164746', 'student892@example.com', '892', 'Dr. Valentina Runte III', 'Teacher', '01762164746', 'student893@example.com', '893', 'Sonia Bartoletti', '01762164746', 'student894@example.com', '894', 'Brother', 1, 19, 5, '2025-09-29', 'N/A', NULL, NULL, NULL, '2025-09-16 22:44:31', '2025-09-29 04:24:59'),
(180, 'Lillie', 'Schneider', '1986-09-05', 'Male', 'A+', 'Christian', 'Bangladeshi', '896', '01762164746', 'student897@example.com', '$2y$12$aU2pg/nmzVYnAs6Y/yeDH.Wn022ah8jZJq1N7RqLDX8XUeTtFcfRK', '14665 Rodriguez Brook\nCassidyberg, MA 74811-7577', 'Apt. 676', 'Jules Blanda', 'Teacher', '01762164746', 'student897@example.com', '897', 'Vida Jenkins', 'Teacher', '01762164746', 'student898@example.com', '898', 'Mr. Christophe Hilpert Jr.', '01762164746', 'student899@example.com', '899', 'Sister', 1, 15, 2, '2025-10-01', 'N/A', NULL, NULL, NULL, '2025-09-16 22:44:31', '2025-09-30 08:42:04'),
(181, 'Kamron', 'Auer', '1977-09-09', 'Other', 'B-', 'Islam', 'Bangladeshi', '901', '01762164746', 'student902@example.com', '$2y$12$r3/TUnP5hca/Z/7Qs2LDM.pBarFu0fr3EJFPEkF7WymhrQNKorCvS', '1368 Hackett Ville Suite 187\nJosefinafurt, IN 38568', 'Apt. 831', 'Tatum Crona', 'Businessman', '01762164746', 'student902@example.com', '902', 'Prof. Freida Bednar Sr.', 'Teacher', '01762164746', 'student903@example.com', '903', 'Dr. Hardy Wuckert', '01762164746', 'student904@example.com', '904', 'Grandparent', 1, 14, 8, '2025-09-30', 'N/A', NULL, NULL, NULL, '2025-09-16 22:44:31', '2025-09-29 04:39:24'),
(182, 'Dovie', 'Howell', '1971-01-03', 'Female', 'B-', 'Christian', 'Bangladeshi', '906', '01762164746', 'student907@example.com', '$2y$12$IVx6fP.S.MuDzHjXe/OiD.KrYdoB2RbTVl40YuYyU5v1o/1L/G4ga', '4192 Duane Camp Apt. 555\nVictormouth, OR 64716', 'Apt. 668', 'Prof. Brian West Jr.', 'Doctor', '01762164746', 'student907@example.com', '907', 'Prof. Noemie VonRueden', 'Doctor', '01762164746', 'student908@example.com', '908', 'Damaris Prohaska', '01762164746', 'student909@example.com', '909', 'Grandparent', 1, 15, 8, '2025-09-30', 'N/A', NULL, NULL, NULL, '2025-09-16 22:44:31', '2025-09-29 04:39:26'),
(183, 'Frederique', 'Lindgren', '2015-05-03', 'Other', 'AB+', 'Islam', 'Bangladeshi', '911', '01762164746', 'student912@example.com', '$2y$12$U9aMNztcr4wXsx5k0GVlB.6Jy7MGVogpxV9CjLXRdHnwu5xLT5ceW', '1696 Barrows Springs Suite 940\nWest Oriehaven, IN 72826', 'Suite 598', 'Demetrius Lemke', 'Businessman', '01762164746', 'student912@example.com', '912', 'Miss Graciela Jones', 'Teacher', '01762164746', 'student913@example.com', '913', 'Micaela O\'Keefe IV', '01762164746', 'student914@example.com', '914', 'Sister', 1, 16, 8, '2025-09-30', 'N/A', NULL, NULL, NULL, '2025-09-16 22:44:31', '2025-09-29 04:39:26'),
(184, 'Ernest', 'Streich', '1970-07-30', 'Female', 'A-', 'Islam', 'Bangladeshi', '916', '01762164746', 'student917@example.com', '$2y$12$.ju8cnBKIaWyuEXu5YBTQetqVmNNZFsVA5NBRAnAWMmKIRxnd4XSW', '1298 Karlie Drive Suite 018\nWest Henrietteview, GA 38522-8690', 'Suite 220', 'Dr. Rodger Koch I', 'Teacher', '01762164746', 'student917@example.com', '917', 'Ora Bruen', 'Doctor', '01762164746', 'student918@example.com', '918', 'Kacie Bogan', '01762164746', 'student919@example.com', '919', 'Uncle', 1, 19, 6, '2025-09-29', 'N/A', NULL, NULL, NULL, '2025-09-16 22:44:32', '2025-09-29 04:24:59'),
(185, 'Eryn', 'Purdy', '2000-08-14', 'Other', 'B-', 'Islam', 'Bangladeshi', '921', '01762164746', 'student922@example.com', '$2y$12$cc48.62xYKxKDTfpX9PdDuaUdRntnr735zoq366Imh9dQ70l07klu', '888 Florine Alley Suite 782\nNew Alyciaport, MD 24911', 'Suite 729', 'Orin Steuber', 'Farmer', '01762164746', 'student922@example.com', '922', 'Luna Kris', 'Teacher', '01762164746', 'student923@example.com', '923', 'Zachery Connelly DDS', '01762164746', 'student924@example.com', '924', 'Brother', 1, 17, 9, '2025-09-29', 'N/A', NULL, NULL, NULL, '2025-09-16 22:44:32', '2025-09-29 04:24:59'),
(186, 'Moises', 'Terry', '2004-12-07', 'Male', 'O-', 'Islam', 'Bangladeshi', '926', '01762164746', 'student927@example.com', '$2y$12$5RclWJ.me19i043gLxeiouP8hUuxqkGP8BdVafhyMShSoNK867FAG', '8942 Ortiz Forks\nFunkton, VA 96634', 'Apt. 146', 'Mr. Tyrese Breitenberg', 'Farmer', '01762164746', 'student927@example.com', '927', 'Kenna Mohr', 'Nurse', '01762164746', 'student928@example.com', '928', 'Dr. Donato Runte', '01762164746', 'student929@example.com', '929', 'Uncle', 1, 10, 12, '2025-09-30', 'N/A', NULL, NULL, NULL, '2025-09-16 22:44:32', '2025-09-29 04:47:12'),
(187, 'Nicole', 'Streich', '1986-08-11', 'Other', 'B+', 'Other', 'Bangladeshi', '931', '01762164746', 'student932@example.com', '$2y$12$9rUfgLPaEcp8uuNy1l8DsOu0uJ53Jf7Qa.MVYO9jV2LpvnTmLyxAW', '873 Octavia Expressway Apt. 918\nNew Elbert, AZ 75936', 'Apt. 359', 'Dr. Amani Barrows DDS', 'Engineer', '01762164746', 'student932@example.com', '932', 'Dorothy Davis II', 'Housewife', '01762164746', 'student933@example.com', '933', 'Wilburn Farrell', '01762164746', 'student934@example.com', '934', 'Uncle', 1, 20, 6, '2025-09-29', 'N/A', NULL, NULL, NULL, '2025-09-16 22:44:32', '2025-09-29 04:24:59'),
(188, 'Adah', 'Kautzer', '1995-12-27', 'Other', 'AB+', 'Christian', 'Bangladeshi', '936', '01762164746', 'student937@example.com', '$2y$12$6Suyd3CAEdSE4h0TfSjnO.do9Vk1w3TpGfWxYblePHlQASulKJEKu', '681 Kenny Corner\nNew Mortimerburgh, MN 04715-4152', 'Suite 322', 'Micheal Ebert', 'Farmer', '01762164746', 'student937@example.com', '937', 'Cathy Murazik', 'Teacher', '01762164746', 'student938@example.com', '938', 'Keven Raynor DDS', '01762164746', 'student939@example.com', '939', 'Sister', 1, 15, 3, '2025-09-30', 'N/A', NULL, NULL, NULL, '2025-09-16 22:44:32', '2025-09-29 04:28:21'),
(189, 'Kennith', 'Cummings', '2001-01-17', 'Male', 'B+', 'Other', 'Bangladeshi', '941', '01762164746', 'student942@example.com', '$2y$12$gwQQhxKpjJjUzLm8F8jXuuFWpceHVxmbv8BRWu84ndlgEYWCvGF5K', '878 Legros Freeway Apt. 651\nPort Trent, MT 23516', 'Suite 801', 'Dr. Golden Maggio MD', 'Engineer', '01762164746', 'student942@example.com', '942', 'Bessie Cummerata', 'Teacher', '01762164746', 'student943@example.com', '943', 'Ms. Treva Jerde II', '01762164746', 'student944@example.com', '944', 'Sister', 1, 20, 5, '2025-09-29', 'N/A', NULL, NULL, NULL, '2025-09-16 22:44:33', '2025-09-29 04:24:59'),
(190, 'Kay', 'Farrell', '1996-08-11', 'Other', 'A+', 'Hindu', 'Bangladeshi', '946', '01762164746', 'student947@example.com', '$2y$12$quj4bdSkSr4SfEEVdGEvjOkZIoQIC7SdcnQ7har5wwvUycZ9Q96A2', '6951 Greenfelder Lodge Apt. 899\nScarlettville, CA 52200-4105', 'Apt. 082', 'Johnny Hoppe', 'Businessman', '01762164746', 'student947@example.com', '947', 'Marge Bauch MD', 'Nurse', '01762164746', 'student948@example.com', '948', 'Dr. Celestino Bednar Sr.', '01762164746', 'student949@example.com', '949', 'Aunt', 1, 16, 2, '2025-10-01', 'N/A', NULL, NULL, NULL, '2025-09-16 22:44:33', '2025-09-30 08:42:05'),
(191, 'Jayde', 'Dietrich', '2011-09-05', 'Female', 'AB-', 'Other', 'Bangladeshi', '951', '01762164746', 'student952@example.com', '$2y$12$gHY.vEtHy8ij1JI3zBJOuOC2aEQt3GMXBJuwRPm9hrP7mN7xXjt.m', '217 Verner Trail\nSouth Haleighland, SC 32424-2985', 'Apt. 252', 'Prof. Garrett Wisoky PhD', 'Farmer', '01762164746', 'student952@example.com', '952', 'Lelah Donnelly', 'Housewife', '01762164746', 'student953@example.com', '953', 'Mafalda Stanton', '01762164746', 'student954@example.com', '954', 'Grandparent', 1, 11, 12, '2025-09-30', 'N/A', NULL, NULL, NULL, '2025-09-16 22:44:33', '2025-09-29 04:47:13'),
(192, 'Palma', 'Kulas', '1994-03-14', 'Female', 'B+', 'Hindu', 'Bangladeshi', '956', '01762164746', 'student957@example.com', '$2y$12$30ZByRvms/A1HBhxqsyyjeckPMP5bu1d9XVW/O0Au0ReyvqAsXY8u', '822 Lehner Gateway Suite 266\nSchroederstad, NE 29144-9522', 'Apt. 074', 'Jessie Wolf', 'Teacher', '01762164746', 'student957@example.com', '957', 'Libby Kreiger', 'Doctor', '01762164746', 'student958@example.com', '958', 'Lavonne Schuppe', '01762164746', 'student959@example.com', '959', 'Grandparent', 1, 17, 8, '2025-09-30', 'N/A', NULL, NULL, NULL, '2025-09-16 22:44:33', '2025-09-29 04:39:28'),
(193, 'Delia', 'Hegmann', '1995-05-28', 'Other', 'O+', 'Islam', 'Bangladeshi', '961', '01762164746', 'student962@example.com', '$2y$12$63WQjR61WgyFXEC4L2fTc.LaoGH0KIS4dHVYivwh4OmOEOKtSFbcS', '804 Shyann Radial\nEviehaven, KS 85478', 'Apt. 092', 'Ruben Marks III', 'Teacher', '01762164746', 'student962@example.com', '962', 'Meghan Adams', 'Nurse', '01762164746', 'student963@example.com', '963', 'Lula Blanda', '01762164746', 'student964@example.com', '964', 'Grandparent', 1, 21, 5, '2025-09-29', 'N/A', NULL, NULL, NULL, '2025-09-16 22:44:33', '2025-09-29 04:24:59'),
(194, 'Shakira', 'Lockman', '1995-06-04', 'Female', 'O-', 'Other', 'Bangladeshi', '966', '01762164746', 'student967@example.com', '$2y$12$cBLjqPxjbSjVnPR2IMW.ueVlGlqDkTXLlWc9rWjLsdhSeAYZMKtSG', '218 Goyette Inlet Suite 699\nStoltenbergberg, TN 18207', 'Apt. 319', 'Mackenzie Botsford', 'Teacher', '01762164746', 'student967@example.com', '967', 'Prof. Martine Carroll', 'Doctor', '01762164746', 'student968@example.com', '968', 'Caterina Hegmann', '01762164746', 'student969@example.com', '969', 'Uncle', 1, 16, 3, '2025-09-30', 'N/A', NULL, NULL, NULL, '2025-09-16 22:44:33', '2025-09-29 04:28:23'),
(195, 'Shayna', 'Baumbach', '1998-07-19', 'Female', 'A+', 'Buddhist', 'Bangladeshi', '971', '01762164746', 'student972@example.com', '$2y$12$R/zv.W5HqDkRx3ZCmDdBeuaIvI4w0QlmsgsilUPKRNyarbHffLM4q', '16355 Simone Dam\nGibsonville, NH 03836-6616', 'Apt. 979', 'Keanu Glover', 'Engineer', '01762164746', 'student972@example.com', '972', 'Jammie Koepp', 'Doctor', '01762164746', 'student973@example.com', '973', 'Kacie Kirlin', '01762164746', 'student974@example.com', '974', 'Sister', 1, 18, 8, '2025-09-30', 'N/A', NULL, NULL, NULL, '2025-09-16 22:44:34', '2025-09-29 04:39:29'),
(196, 'Dahlia', 'Streich', '2015-05-08', 'Other', 'AB-', 'Hindu', 'Bangladeshi', '976', '01762164746', 'student977@example.com', '$2y$12$wLmu9MG.V3760pH3zuH8r.hZlnYRHswYZZldk0P9khqISAadVMuxS', '277 Jimmie Rapid Suite 546\nSouth Laurie, IL 81254', 'Suite 516', 'Thomas Romaguera', 'Teacher', '01762164746', 'student977@example.com', '977', 'Alana Hegmann', 'Teacher', '01762164746', 'student978@example.com', '978', 'Emmanuelle Rau', '01762164746', 'student979@example.com', '979', 'Uncle', 1, 21, 6, '2025-09-29', 'N/A', NULL, NULL, NULL, '2025-09-16 22:44:34', '2025-09-29 04:24:59'),
(197, 'Barney', 'Gulgowski', '1988-09-07', 'Male', 'A-', 'Islam', 'Bangladeshi', '981', '01762164746', 'student982@example.com', '$2y$12$BROWX43s9ghTxeM9qFY2p.In0bIdsFVhfP7FW4ctS7mvFUk06vU/6', '9058 Thora Manor\nLake Elta, WA 33788', 'Apt. 903', 'Dr. Westley Rath V', 'Doctor', '01762164746', 'student982@example.com', '982', 'Violette Koss', 'Nurse', '01762164746', 'student983@example.com', '983', 'Jameson Zboncak', '01762164746', 'student984@example.com', '984', 'Brother', 1, 22, 6, '2025-09-29', 'N/A', NULL, NULL, NULL, '2025-09-16 22:44:34', '2025-09-29 04:25:00'),
(198, 'Caterina', 'Barrows', '2003-05-17', 'Other', 'A-', 'Buddhist', 'Bangladeshi', '986', '01762164746', 'student987@example.com', '$2y$12$tA0fVALeFww8DUdkPKhubO5PkiFkOchcac7EOcSgeRqhnwW2pFZNK', '44201 Joshua Meadow Apt. 998\nEast Bennyhaven, WA 64120-5810', 'Apt. 859', 'Dawson Streich PhD', 'Teacher', '01762164746', 'student987@example.com', '987', 'Emilia Schneider MD', 'Doctor', '01762164746', 'student988@example.com', '988', 'Mekhi Davis', '01762164746', 'student989@example.com', '989', 'Sister', 1, 17, 2, '2025-10-01', 'N/A', NULL, NULL, NULL, '2025-09-16 22:44:34', '2025-09-30 08:42:06'),
(199, 'Lucio', 'Jaskolski', '2012-10-19', 'Male', 'O-', 'Hindu', 'Bangladeshi', '991', '01762164746', 'student992@example.com', '$2y$12$Pabc3cjU5E1i4ENBNEpFd.FM4Mge3SijdXxVaDOUsHddCHWQLmmEe', '3032 Walsh Plaza\nWest Lorena, OR 92789-5511', 'Suite 947', 'Dorcas O\'Kon II', 'Doctor', '01762164746', 'student992@example.com', '992', 'Mrs. Yvette Kertzmann', 'Housewife', '01762164746', 'student993@example.com', '993', 'Immanuel Pfannerstill', '01762164746', 'student994@example.com', '994', 'Brother', 1, 15, 10, '2025-09-30', 'N/A', NULL, NULL, NULL, '2025-09-16 22:44:34', '2025-09-29 04:48:34'),
(200, 'Fay', 'Auer', '1978-04-30', 'Other', 'AB+', 'Christian', 'Bangladeshi', '996', '01762164746', 'student997@example.com', '$2y$12$R8v1yUL2mpogbzV6n75BqOKLNdorX59GvrcRuq1TMdj9GzS9qbPh2', '1289 Carter Village\nIsobelhaven, MS 26611', 'Suite 928', 'Orland Roob', 'Doctor', '01762164746', 'student997@example.com', '997', 'Myrtle Windler', 'Nurse', '01762164746', 'student998@example.com', '998', 'Shaun Kovacek MD', '01762164746', 'student999@example.com', '999', 'Aunt', 1, 19, 8, '2025-09-30', 'N/A', NULL, NULL, NULL, '2025-09-16 22:44:35', '2025-09-29 04:39:30'),
(201, 'Helena', 'Wolff', '2005-03-14', 'Male', 'B-', 'Hindu', 'Bangladeshi', '1001', '01762164746', 'student1002@example.com', '$2y$12$NwLK26i80h415hf6AGIY3OrT8JTwbjTu7vUGSS9Hjq34uPd6GeoXy', '3068 Kulas Station\nAlekberg, IN 61558-4351', 'Suite 658', 'Reuben Hirthe', 'Businessman', '01762164746', 'student1002@example.com', '1002', 'Ollie Okuneva', 'Nurse', '01762164746', 'student1003@example.com', '1003', 'Polly Champlin', '01762164746', 'student1004@example.com', '1004', 'Aunt', 1, 18, 9, '2025-09-29', 'N/A', NULL, NULL, NULL, '2025-09-16 22:44:35', '2025-09-29 04:25:00'),
(202, 'Mathew', 'Strosin', '2013-06-29', 'Male', 'B-', 'Christian', 'Bangladeshi', '1006', '01762164746', 'student1007@example.com', '$2y$12$qCBHoxs4pQ6z.A7Y7JZJweZxjZITJ6hXA3deWfAx5kuxYOzBoCeGq', '871 Stokes Glen\nLake Osvaldoberg, NJ 13964-3082', 'Suite 636', 'Danial Schamberger', 'Teacher', '01762164746', 'student1007@example.com', '1007', 'Norma Friesen', 'Doctor', '01762164746', 'student1008@example.com', '1008', 'Maxwell Brakus', '01762164746', 'student1009@example.com', '1009', 'Sister', 1, 20, 8, '2025-09-30', 'N/A', NULL, NULL, NULL, '2025-09-16 22:44:35', '2025-09-29 04:39:31'),
(203, 'Raul', 'Feest', '2019-07-04', 'Female', 'O+', 'Hindu', 'Bangladeshi', '1011', '01762164746', 'student1012@example.com', '$2y$12$08jp1N0wWStBPxHnPmKlDepBbQ9hKhfxVA0qnmhi1FuapqbHzw4fu', '22021 Funk Fork Suite 293\nEast Dandre, MO 08441-9000', 'Apt. 377', 'Akeem Collins', 'Teacher', '01762164746', 'student1012@example.com', '1012', 'Linda Abernathy', 'Nurse', '01762164746', 'student1013@example.com', '1013', 'Vicky Daugherty', '01762164746', 'student1014@example.com', '1014', 'Aunt', 1, 18, 2, '2025-10-01', 'N/A', NULL, NULL, NULL, '2025-09-16 22:44:35', '2025-09-30 08:42:06'),
(204, 'Ivy', 'Schaefer', '1977-07-01', 'Other', 'B+', 'Buddhist', 'Bangladeshi', '1016', '01762164746', 'student1017@example.com', '$2y$12$HGCgFYx/L.Q8rZcQS8s7xucjOZ6VY3Qo/8U12KDMy7e.WEKHQg62.', '193 Crist Loaf\nLoyburgh, WA 69475', 'Suite 514', 'Larry Marks Jr.', 'Teacher', '01762164746', 'student1017@example.com', '1017', 'Elinore Wilderman', 'Doctor', '01762164746', 'student1018@example.com', '1018', 'Annamarie Blick', '01762164746', 'student1019@example.com', '1019', 'Grandparent', 1, 16, 10, '2025-09-30', 'N/A', NULL, NULL, NULL, '2025-09-16 22:44:35', '2025-09-29 04:48:35'),
(205, 'Rocio', 'Treutel', '1994-04-09', 'Male', 'B+', 'Hindu', 'Bangladeshi', '1021', '01762164746', 'student1022@example.com', '$2y$12$55B.8.iN4V7PK.H0r6SFxuNrY.xuwrLn9MRxvMxyV3LrRu3TtZBBO', '184 Oberbrunner Walks Suite 412\nGaylordview, IL 24991', 'Suite 740', 'Mr. Jennings Bayer', 'Teacher', '01762164746', 'student1022@example.com', '1022', 'Ms. Esmeralda Herman PhD', 'Teacher', '01762164746', 'student1023@example.com', '1023', 'Ned Powlowski', '01762164746', 'student1024@example.com', '1024', 'Uncle', 1, 23, 6, '2025-09-29', 'N/A', NULL, NULL, NULL, '2025-09-16 22:44:35', '2025-09-29 04:25:00'),
(206, 'Adell', 'Lakin', '1973-07-14', 'Other', 'AB+', 'Islam', 'Bangladeshi', '1026', '01762164746', 'student1027@example.com', '$2y$12$JXJFxj2b56WXmQrMmBLOhOU6veIz5XM4U093zOpu5HJbClzCAYYyS', '84466 Dahlia Ridges\nLake Thomasfort, WA 39327', 'Suite 362', 'Deondre Collier', 'Farmer', '01762164746', 'student1027@example.com', '1027', 'Kaylin Borer', 'Doctor', '01762164746', 'student1028@example.com', '1028', 'Ms. Neoma Gutmann', '01762164746', 'student1029@example.com', '1029', 'Sister', 1, 17, 10, '2025-09-30', 'N/A', NULL, NULL, NULL, '2025-09-16 22:44:36', '2025-09-29 04:48:36'),
(207, 'Murl', 'Schoen', '1992-10-22', 'Female', 'O+', 'Other', 'Bangladeshi', '1031', '01762164746', 'student1032@example.com', '$2y$12$prpU34JVkXtzRi8AfYZzE.RwLUIK.A5nbk2BW6WNq22wPYfxS/3WO', '340 Vergie Ways Suite 586\nNorth Saulburgh, NE 31062', 'Suite 206', 'Angelo Hermann', 'Doctor', '01762164746', 'student1032@example.com', '1032', 'Dr. Marilyne Conroy IV', 'Nurse', '01762164746', 'student1033@example.com', '1033', 'Noemy Reilly II', '01762164746', 'student1034@example.com', '1034', 'Brother', 1, 22, 5, '2025-09-29', 'N/A', NULL, NULL, NULL, '2025-09-16 22:44:36', '2025-09-29 04:25:00'),
(208, 'Kimberly', 'Greenfelder', '2011-06-26', 'Female', 'A-', 'Islam', 'Bangladeshi', '1036', '01762164746', 'student1037@example.com', '$2y$12$b0x8bYigMEzOrJ8DzHyBTuYeOhk7923K89MSQlPaRUZU8RRaFC4cy', '576 Farrell Mountains\nMertieborough, IN 78603-7486', 'Suite 245', 'Dejon Wintheiser', 'Teacher', '01762164746', 'student1037@example.com', '1037', 'Joy Rogahn I', 'Teacher', '01762164746', 'student1038@example.com', '1038', 'Johnnie Becker', '01762164746', 'student1039@example.com', '1039', 'Sister', 1, 12, 12, '2025-09-30', 'N/A', NULL, NULL, NULL, '2025-09-16 22:44:36', '2025-09-29 04:47:14'),
(209, 'Briana', 'Schiller', '2000-03-12', 'Other', 'AB-', 'Hindu', 'Bangladeshi', '1041', '01762164746', 'student1042@example.com', '$2y$12$QNPjajM0eL4Tqf32ZHDK0OHIZUY5IhlxmiTwlvI/wKhmWWgGN8id2', '516 Rutherford Path\nCleoburgh, VA 97902-3567', 'Apt. 266', 'Prof. Damon Kunde DVM', 'Doctor', '01762164746', 'student1042@example.com', '1042', 'Brionna Crona', 'Nurse', '01762164746', 'student1043@example.com', '1043', 'Dortha Hermiston', '01762164746', 'student1044@example.com', '1044', 'Uncle', 1, 18, 10, '2025-09-30', 'N/A', NULL, NULL, NULL, '2025-09-16 22:44:36', '2025-09-29 04:48:37'),
(210, 'Jessika', 'Boehm', '1993-03-06', 'Female', 'O+', 'Christian', 'Bangladeshi', '1046', '01762164746', 'student1047@example.com', '$2y$12$G3FGmI4oQPJ004hHXSZNp.CnkkFaV3X3N5sH79O1pSfRhvzkUk/g.', '22987 Mayert Lodge\nWest Chadrickshire, NV 32002', 'Apt. 419', 'Dr. Brando Sporer Sr.', 'Businessman', '01762164746', 'student1047@example.com', '1047', 'Ms. Aylin Osinski MD', 'Housewife', '01762164746', 'student1048@example.com', '1048', 'Aryanna Cartwright V', '01762164746', 'student1049@example.com', '1049', 'Uncle', 1, 19, 2, '2025-10-01', 'N/A', NULL, NULL, NULL, '2025-09-16 22:44:36', '2025-09-30 08:42:08'),
(211, 'Coralie', 'Erdman', '2017-10-02', 'Other', 'O-', 'Buddhist', 'Bangladeshi', '1051', '01762164746', 'student1052@example.com', '$2y$12$FC4kErFufmHf7KByWab.NOJjdKTgXuIoboB99v71B6RwOg97qXIM2', '906 Bailey Port Apt. 271\nSouth Cristalberg, NY 06481-8500', 'Suite 393', 'Mr. Prince Borer I', 'Doctor', '01762164746', 'student1052@example.com', '1052', 'Hassie Bayer', 'Businesswoman', '01762164746', 'student1053@example.com', '1053', 'Dr. Helmer Hilpert', '01762164746', 'student1054@example.com', '1054', 'Uncle', 1, 13, 12, '2025-09-30', 'N/A', NULL, NULL, NULL, '2025-09-16 22:44:37', '2025-09-29 04:47:15'),
(212, 'Myrtice', 'Roberts', '1998-10-21', 'Other', 'A-', 'Hindu', 'Bangladeshi', '1056', '01762164746', 'student1057@example.com', '$2y$12$ico0B1cIE0Aw4ziXg1bNVOanGkZgJ.KBe0F09T0GHySYhswmKNXF2', '826 Hyatt Stream Apt. 577\nEast Kipchester, NM 56957-9157', 'Suite 021', 'Pete West', 'Teacher', '01762164746', 'student1057@example.com', '1057', 'Bonnie Kulas', 'Teacher', '01762164746', 'student1058@example.com', '1058', 'Kaden Gaylord IV', '01762164746', 'student1059@example.com', '1059', 'Uncle', 1, 19, 10, '2025-09-30', 'N/A', NULL, NULL, NULL, '2025-09-16 22:44:37', '2025-09-29 04:48:38'),
(213, 'Alva', 'Schoen', '1992-12-01', 'Male', 'AB+', 'Christian', 'Bangladeshi', '1061', '01762164746', 'student1062@example.com', '$2y$12$KM7HSc8QPWJMH84J0wc2YeH2IUK/RcWzjckJDmf5CQqPg5/lKwDwe', '31173 Betsy Forest\nKatharinaview, MO 55477-9540', 'Apt. 021', 'Dr. Gabriel Kulas DDS', 'Engineer', '01762164746', 'student1062@example.com', '1062', 'Dr. Earlene Kulas Sr.', 'Teacher', '01762164746', 'student1063@example.com', '1063', 'Mr. Eusebio Kunze', '01762164746', 'student1064@example.com', '1064', 'Grandparent', 1, 14, 12, '2025-09-30', 'N/A', NULL, NULL, NULL, '2025-09-16 22:44:37', '2025-09-29 04:47:16'),
(214, 'Frederique', 'Abernathy', '1992-08-08', 'Female', 'AB+', 'Islam', 'Bangladeshi', '1066', '01762164746', 'student1067@example.com', '$2y$12$4Rinzz5fr./DEzL2LS5bd.O9.xt6WcuxEi.oU.eTd73rnOSdHkKrS', '151 Ruecker Path Apt. 715\nAlvaville, SD 89399-3730', 'Suite 996', 'Jovany Lakin DDS', 'Doctor', '01762164746', 'student1067@example.com', '1067', 'Roxane Von', 'Teacher', '01762164746', 'student1068@example.com', '1068', 'Vincenzo Howell', '01762164746', 'student1069@example.com', '1069', 'Aunt', 1, 20, 10, '2025-09-30', 'N/A', NULL, NULL, NULL, '2025-09-16 22:44:37', '2025-09-29 04:48:39'),
(215, 'Arely', 'Macejkovic', '1986-04-26', 'Male', 'AB+', 'Buddhist', 'Bangladeshi', '1071', '01762164746', 'student1072@example.com', '$2y$12$tmvSY/55tafixsl7vKPDuOwcFgizhRovhlnwT0opBia2rwHjVd.b.', '74945 Nova Plains Suite 217\nSteveborough, MA 29336-9828', 'Apt. 318', 'Cole Wintheiser', 'Doctor', '01762164746', 'student1072@example.com', '1072', 'Kavon Nolan', 'Teacher', '01762164746', 'student1073@example.com', '1073', 'Vidal Kuphal', '01762164746', 'student1074@example.com', '1074', 'Aunt', 1, 21, 10, '2025-09-30', 'N/A', NULL, NULL, NULL, '2025-09-16 22:44:37', '2025-09-29 04:48:40'),
(216, 'Gerry', 'Hansen', '1985-08-22', 'Other', 'B+', 'Islam', 'Bangladeshi', '1076', '01762164746', 'student1077@example.com', '$2y$12$NzW3f80skRgvDNvbL0xQC.cZtE4FNAHX.Ooly0Sd1i9.uyIt734aS', '4832 General Trail\nEast Trystanfurt, CT 52129', 'Suite 959', 'Mitchel Kub', 'Engineer', '01762164746', 'student1077@example.com', '1077', 'Mrs. Kaycee Nitzsche V', 'Teacher', '01762164746', 'student1078@example.com', '1078', 'Nicholas Boyle', '01762164746', 'student1079@example.com', '1079', 'Brother', 1, 21, 8, '2025-09-30', 'N/A', NULL, NULL, NULL, '2025-09-16 22:44:37', '2025-09-29 04:39:32'),
(217, 'Angus', 'Mante', '1985-01-24', 'Other', 'B+', 'Other', 'Bangladeshi', '1081', '01762164746', 'student1082@example.com', '$2y$12$qQXdM1sB7buAxhKG3L.6q.vzL.Ae8GlUbpAKcHa7pN8jkYrUYEIZu', '6049 Tommie Inlet\nPort Godfrey, NV 61938-7669', 'Apt. 033', 'Dr. Stephen Swaniawski Jr.', 'Teacher', '01762164746', 'student1082@example.com', '1082', 'Dahlia Harber', 'Nurse', '01762164746', 'student1083@example.com', '1083', 'Carroll Mraz', '01762164746', 'student1084@example.com', '1084', 'Sister', 1, 24, 6, '2025-09-29', 'N/A', NULL, NULL, NULL, '2025-09-16 22:44:38', '2025-09-29 04:25:00'),
(218, 'Melyssa', 'Block', '2024-08-31', 'Other', 'A+', 'Buddhist', 'Bangladeshi', '1086', '01762164746', 'student1087@example.com', '$2y$12$w22S/3Fxfn6rd.rlhh24yefcoe6GzJ0FkjyJkDmtgiJHfGaTIzUm.', '568 Collins Port\nD\'Amoremouth, VT 64410-6091', 'Suite 057', 'Nathaniel O\'Kon', 'Teacher', '01762164746', 'student1087@example.com', '1087', 'Dr. Patricia Heaney Jr.', 'Doctor', '01762164746', 'student1088@example.com', '1088', 'Dion Schneider', '01762164746', 'student1089@example.com', '1089', 'Aunt', 1, 17, 3, '2025-09-30', 'N/A', NULL, NULL, NULL, '2025-09-16 22:44:38', '2025-09-29 04:28:23'),
(219, 'Nellie', 'Glover', '1986-06-09', 'Male', 'O-', 'Christian', 'Bangladeshi', '1091', '01762164746', 'student1092@example.com', '$2y$12$8OsfwGQWNA3OOGdPEXSx5O/XJoT.FW.1mcioWmkIGE4DN2zm6Kkry', '140 Runolfsson Mall Apt. 558\nSouth Frederikton, TX 18616', 'Suite 562', 'Edward Kemmer', 'Farmer', '01762164746', 'student1092@example.com', '1092', 'Ms. Lacey Nolan', 'Teacher', '01762164746', 'student1093@example.com', '1093', 'Mossie Kemmer Sr.', '01762164746', 'student1094@example.com', '1094', 'Brother', 1, 15, 12, '2025-09-30', 'N/A', NULL, NULL, NULL, '2025-09-16 22:44:38', '2025-09-29 04:47:17'),
(220, 'Remington', 'Volkman', '1970-10-26', 'Female', 'B-', 'Buddhist', 'Bangladeshi', '1096', '01762164746', 'student1097@example.com', '$2y$12$j88ISNrbAZTo.BZyyaN.6ew6yq6huHahAepZ7V4rLE5ZWQdjkC4hO', '8094 Owen Key\nHomenickport, CT 82401', 'Apt. 930', 'Prof. Reese Goldner', 'Doctor', '01762164746', 'student1097@example.com', '1097', 'Mrs. Hulda McDermott', 'Doctor', '01762164746', 'student1098@example.com', '1098', 'Miss Fabiola Kunde', '01762164746', 'student1099@example.com', '1099', 'Uncle', 1, 18, 3, '2025-09-30', 'N/A', NULL, NULL, NULL, '2025-09-16 22:44:38', '2025-09-29 04:28:25'),
(221, 'Rafael', 'Wolff', '1980-09-24', 'Female', 'O+', 'Christian', 'Bangladeshi', '1101', '01762164746', 'student1102@example.com', '$2y$12$MxtaiEIxQdMjSIoJPfW0yOcdgx2AA93UNmX.XotnYzCVyLs18FxHm', '5339 Friesen Ford Apt. 269\nReymundoborough, DE 54900-3235', 'Suite 590', 'Ike Rowe', 'Doctor', '01762164746', 'student1102@example.com', '1102', 'Kelsie Robel', 'Housewife', '01762164746', 'student1103@example.com', '1103', 'Lambert Hauck PhD', '01762164746', 'student1104@example.com', '1104', 'Sister', 1, 19, 3, '2025-09-30', 'N/A', NULL, NULL, NULL, '2025-09-16 22:44:38', '2025-09-29 04:28:26'),
(222, 'Loma', 'Rodriguez', '2015-11-24', 'Male', 'O-', 'Christian', 'Bangladeshi', '1106', '01762164746', 'student1107@example.com', '$2y$12$yeAXpozKg1Iz6IsEPB13dORVnCweRAptiwOZUf9j6GfFLgrYVhNDm', '8522 McCullough Creek Suite 557\nNew Maribel, NH 52600', 'Apt. 546', 'Mr. Dorcas Kirlin', 'Businessman', '01762164746', 'student1107@example.com', '1107', 'Bulah Mraz PhD', 'Housewife', '01762164746', 'student1108@example.com', '1108', 'Marta Muller', '01762164746', 'student1109@example.com', '1109', 'Grandparent', 1, 12, 2, '2025-10-01', 'N/A', NULL, NULL, NULL, '2025-09-16 22:44:39', '2025-09-30 08:42:09'),
(223, 'Marques', 'Hessel', '2002-07-31', 'Male', 'A-', 'Islam', 'Bangladeshi', '1111', '01762164746', 'student1112@example.com', '$2y$12$rabGl1cCHbiTz.hl0HFJM.y4ukAPNbK/plc02PAw84bcLwvP/v8Ia', '9029 Francisco Station\nGeorgiannaton, IA 08357', 'Apt. 671', 'Reyes Keebler', 'Engineer', '01762164746', 'student1112@example.com', '1112', 'Herta Dickens DVM', 'Housewife', '01762164746', 'student1113@example.com', '1113', 'Meda Willms DDS', '01762164746', 'student1114@example.com', '1114', 'Aunt', 1, 22, 8, '2025-09-30', 'N/A', NULL, NULL, NULL, '2025-09-16 22:44:39', '2025-09-29 04:39:33'),
(224, 'Forest', 'Miller', '1990-07-11', 'Female', 'AB+', 'Buddhist', 'Bangladeshi', '1116', '01762164746', 'student1117@example.com', '$2y$12$TYU2C4ZMLEJ5ApVo/Fhax.SLBgEpUNNurD3Z8EgdfFWCxZOfUSK4C', '60836 West Parks\nHickleshire, MA 67254-0557', 'Suite 466', 'Prof. Blaze Beier', 'Doctor', '01762164746', 'student1117@example.com', '1117', 'Alvera Bruen', 'Teacher', '01762164746', 'student1118@example.com', '1118', 'Adelbert Reichert', '01762164746', 'student1119@example.com', '1119', 'Uncle', 1, 13, 2, '2025-10-01', 'N/A', NULL, NULL, NULL, '2025-09-16 22:44:39', '2025-09-30 08:42:10'),
(225, 'Martine', 'Ward', '1979-06-23', 'Male', 'O+', 'Christian', 'Bangladeshi', '1121', '01762164746', 'student1122@example.com', '$2y$12$VIRz7w0gXaSgE2SlQFUnXej6UspKSqd5q7h1II.CbK63VwFGXfm.S', '94598 Armstrong Rapid\nWest Gilberto, ME 20498-5996', 'Suite 115', 'Prof. Brennon Lynch', 'Teacher', '01762164746', 'student1122@example.com', '1122', 'Vallie Cummerata', 'Doctor', '01762164746', 'student1123@example.com', '1123', 'Boris Rutherford', '01762164746', 'student1124@example.com', '1124', 'Grandparent', 1, 15, 7, '2025-09-29', 'N/A', NULL, NULL, NULL, '2025-09-16 22:44:39', '2025-09-29 04:25:00'),
(226, 'Elfrieda', 'Jones', '2023-08-15', 'Other', 'B+', 'Hindu', 'Bangladeshi', '1126', '01762164746', 'student1127@example.com', '$2y$12$wzf2bkmc3KHhyXs2Sck9q.OT.HMcjfNkrib1Smokk.GQMqlxg6icy', '2085 Zella Junctions\nWilfredoside, PA 18277-3376', 'Apt. 256', 'Diamond Ziemann', 'Teacher', '01762164746', 'student1127@example.com', '1127', 'Lilyan McCullough Jr.', 'Nurse', '01762164746', 'student1128@example.com', '1128', 'Florida Kemmer', '01762164746', 'student1129@example.com', '1129', 'Uncle', 1, 16, 7, '2025-09-29', 'N/A', NULL, NULL, NULL, '2025-09-16 22:44:39', '2025-09-29 04:25:00'),
(227, 'Uriah', 'Waters', '2024-01-01', 'Other', 'A+', 'Other', 'Bangladeshi', '1131', '01762164746', 'student1132@example.com', '$2y$12$lGIZqZKpCOJNabcILs2.Aur.aF4RI08lzBhw4a7oU/55sIuycDCH.', '957 Oran Fort Apt. 633\nPort Francesca, LA 57275', 'Apt. 557', 'Lula Abshire', 'Doctor', '01762164746', 'student1132@example.com', '1132', 'Alycia Williamson', 'Businesswoman', '01762164746', 'student1133@example.com', '1133', 'Marty Altenwerth PhD', '01762164746', 'student1134@example.com', '1134', 'Uncle', 1, 14, 2, '2025-10-01', 'N/A', NULL, NULL, NULL, '2025-09-16 22:44:39', '2025-09-30 08:42:11'),
(228, 'Krystel', 'Bashirian', '2014-05-06', 'Other', 'B+', 'Other', 'Bangladeshi', '1136', '01762164746', 'student1137@example.com', '$2y$12$T.lnq/eXVHAUZpXq9fNBaOuSRtLUfkDQMvhVIXDLkKtquwzgYBGfK', '73312 Kunde Ford\nZanderburgh, IL 56826-2795', 'Suite 282', 'Jace Satterfield', 'Teacher', '01762164746', 'student1137@example.com', '1137', 'Carissa Terry', 'Teacher', '01762164746', 'student1138@example.com', '1138', 'Dr. Ulises Kozey', '01762164746', 'student1139@example.com', '1139', 'Brother', 1, 22, 10, '2025-09-30', 'N/A', NULL, NULL, NULL, '2025-09-16 22:44:40', '2025-09-29 04:48:41'),
(229, 'Kenyatta', 'Wisozk', '2015-09-15', 'Other', 'O+', 'Buddhist', 'Bangladeshi', '1141', '01762164746', 'student1142@example.com', '$2y$12$ZCzwDr25ttAqsP.0lhQumORg1QLVl.nmMasa4hUXuaT5fnQ2hmspK', '90339 Otha Ville Apt. 475\nLake Unaside, MT 36026', 'Apt. 333', 'Prof. Mauricio Turcotte PhD', 'Doctor', '01762164746', 'student1142@example.com', '1142', 'Delta Larson', 'Businesswoman', '01762164746', 'student1143@example.com', '1143', 'Lizzie Moen', '01762164746', 'student1144@example.com', '1144', 'Grandparent', 1, 25, 6, '2025-09-29', 'N/A', NULL, NULL, NULL, '2025-09-16 22:44:40', '2025-09-29 04:25:00'),
(230, 'Adam', 'Hahn', '1985-06-28', 'Female', 'O-', 'Islam', 'Bangladeshi', '1146', '01762164746', 'student1147@example.com', '$2y$12$HlOYK8fuaR97Q8I/d7Cklem9iThc5j14ZIIefDYCkYTEAKgHTyXyG', '314 Hintz Junctions\nJennyfertown, CT 47202-9351', 'Suite 713', 'Jaime Stark', 'Businessman', '01762164746', 'student1147@example.com', '1147', 'Jeanie Kutch', 'Housewife', '01762164746', 'student1148@example.com', '1148', 'Prof. Akeem Goldner', '01762164746', 'student1149@example.com', '1149', 'Sister', 1, 23, 8, '2025-09-30', 'N/A', NULL, NULL, NULL, '2025-09-16 22:44:40', '2025-09-29 04:39:33'),
(231, 'Laurine', 'Ullrich', '2008-02-10', 'Female', 'AB-', 'Buddhist', 'Bangladeshi', '1151', '01762164746', 'student1152@example.com', '$2y$12$qWa9Fkl/T9z0dc1SiqY.1e2EL5THHxM7SJfBhU/9B2dPPFy6cT5E2', '6291 Mertz Rest Apt. 890\nNorth Josiemouth, ID 95989', 'Apt. 067', 'Christophe Kovacek', 'Businessman', '01762164746', 'student1152@example.com', '1152', 'Miss Casandra Sanford Sr.', 'Housewife', '01762164746', 'student1153@example.com', '1153', 'Dr. Merle Carter', '01762164746', 'student1154@example.com', '1154', 'Brother', 1, 20, 3, '2025-09-30', 'N/A', NULL, NULL, NULL, '2025-09-16 22:44:40', '2025-09-29 04:28:27'),
(232, 'Hattie', 'Volkman', '2007-02-26', 'Other', 'A-', 'Christian', 'Bangladeshi', '1156', '01762164746', 'student1157@example.com', '$2y$12$Ggy3e.w5xGnQPwcU40iRkekKCmwpgtRArGq/KmXzBJYX9390wl4tO', '18874 Gibson Summit\nHoegerton, GA 73792', 'Suite 254', 'Dr. Leopold Sawayn III', 'Doctor', '01762164746', 'student1157@example.com', '1157', 'Ms. Bryana Reynolds MD', 'Businesswoman', '01762164746', 'student1158@example.com', '1158', 'Dr. Forrest Satterfield', '01762164746', 'student1159@example.com', '1159', 'Brother', 1, 17, 7, '2025-09-29', 'N/A', NULL, NULL, NULL, '2025-09-16 22:44:40', '2025-09-29 04:25:00'),
(233, 'Allie', 'Kohler', '1977-06-28', 'Female', 'A+', 'Other', 'Bangladeshi', '1161', '01762164746', 'student1162@example.com', '$2y$12$gQJF2bTpa3kkxXqtoRFtwe1qGqRSbEStwh8pBfwUzwTp1oomez2u2', '2397 Tremblay Knolls\nPort Kelvinborough, SD 61604', 'Apt. 518', 'Giles Roob III', 'Teacher', '01762164746', 'student1162@example.com', '1162', 'Matilde Monahan', 'Teacher', '01762164746', 'student1163@example.com', '1163', 'Favian Predovic', '01762164746', 'student1164@example.com', '1164', 'Aunt', 1, 16, 12, '2025-09-30', 'N/A', NULL, NULL, NULL, '2025-09-16 22:44:41', '2025-09-29 04:47:18'),
(234, 'Elwyn', 'Windler', '2017-01-28', 'Female', 'O-', 'Hindu', 'Bangladeshi', '1166', '01762164746', 'student1167@example.com', '$2y$12$u2yF6R3lCnZWt1StHzSEpucY90pQtUyuzcwzfuJJYgbYcZZPstSNe', '649 Caterina Street\nPort Deliahaven, MT 61610', 'Apt. 845', 'Jimmie Barrows', 'Teacher', '01762164746', 'student1167@example.com', '1167', 'Elsa Jacobson', 'Businesswoman', '01762164746', 'student1168@example.com', '1168', 'Nathaniel Oberbrunner', '01762164746', 'student1169@example.com', '1169', 'Uncle', 1, 27, 4, '2025-09-30', 'N/A', NULL, NULL, NULL, '2025-09-16 22:44:41', '2025-09-29 04:31:39'),
(235, 'Shawn', 'Dibbert', '1993-07-16', 'Male', 'A-', 'Christian', 'Bangladeshi', '1171', '01762164746', 'student1172@example.com', '$2y$12$Dg9.d8D7ksXLhbpXMUqQkeYseICwIwh2YuaPWD2FC9qeuXRq/XAlW', '3429 Paucek Cliff Apt. 495\nWilliemouth, OR 62446-6656', 'Apt. 518', 'Shad Muller', 'Engineer', '01762164746', 'student1172@example.com', '1172', 'Robyn Parker', 'Nurse', '01762164746', 'student1173@example.com', '1173', 'Mr. Tyrique Thiel Jr.', '01762164746', 'student1174@example.com', '1174', 'Brother', 1, 23, 5, '2025-09-29', 'N/A', NULL, NULL, NULL, '2025-09-16 22:44:41', '2025-09-29 04:25:00'),
(236, 'Alia', 'Huels', '2011-11-30', 'Other', 'AB-', 'Buddhist', 'Bangladeshi', '1176', '01762164746', 'student1177@example.com', '$2y$12$H1aUvGhf4Mxor6YRT9U6h.2JsnHSjMMNOsbWxdyQQo0dvERBW4MmG', '714 Hill Greens Suite 928\nSouth Tatyanastad, AZ 99038', 'Apt. 446', 'Lexus Marks Sr.', 'Doctor', '01762164746', 'student1177@example.com', '1177', 'Prof. Deborah Bogisich IV', 'Businesswoman', '01762164746', 'student1178@example.com', '1178', 'Sheridan Armstrong DVM', '01762164746', 'student1179@example.com', '1179', 'Brother', 1, 23, 10, '2025-09-30', 'N/A', NULL, NULL, NULL, '2025-09-16 22:44:41', '2025-09-29 04:48:44'),
(237, 'Stanley', 'Towne', '2002-02-28', 'Female', 'B-', 'Hindu', 'Bangladeshi', '1181', '01762164746', 'student1182@example.com', '$2y$12$MuogxNLixorkTqlZLRnINOBYbC/OEzCB3SpFOqrco4L.zMQuX23WO', '87455 Turner Plaza Suite 249\nMarisolbury, MS 58701-6841', 'Apt. 160', 'Ulices Walker', 'Businessman', '01762164746', 'student1182@example.com', '1182', 'Dayna Considine', 'Doctor', '01762164746', 'student1183@example.com', '1183', 'Miss Elenor Schinner V', '01762164746', 'student1184@example.com', '1184', 'Uncle', 1, 26, 6, '2025-09-29', 'N/A', NULL, NULL, NULL, '2025-09-16 22:44:41', '2025-09-29 04:25:00'),
(238, 'Jacky', 'Schiller', '1998-06-10', 'Male', 'O+', 'Hindu', 'Bangladeshi', '1186', '01762164746', 'student1187@example.com', '$2y$12$HH8R.9joTVHDn7Wt6uIB4uYpWcketzxcPHpBJhQ4hlHFhSyWrPjsa', '310 Frederick Estates\nEdenport, WY 65455-8596', 'Apt. 296', 'Lindsey Wisozk', 'Businessman', '01762164746', 'student1187@example.com', '1187', 'Eileen Schoen', 'Businesswoman', '01762164746', 'student1188@example.com', '1188', 'Mr. Alexis West MD', '01762164746', 'student1189@example.com', '1189', 'Aunt', 1, 28, 4, '2025-09-30', 'N/A', NULL, NULL, NULL, '2025-09-16 22:44:41', '2025-09-29 04:31:40'),
(239, 'Bridgette', 'Mitchell', '2001-02-07', 'Other', 'B+', 'Other', 'Bangladeshi', '1191', '01762164746', 'student1192@example.com', '$2y$12$2PMQYKMWncWgyOooQQzJdecBnoAshXEmGcAiFOLbGSG21KgsElvQG', '2855 Barry Drives Suite 772\nPort Edmund, IN 50441-1523', 'Suite 505', 'Madyson Sanford', 'Teacher', '01762164746', 'student1192@example.com', '1192', 'Dr. Kattie Heller', 'Housewife', '01762164746', 'student1193@example.com', '1193', 'Yesenia Huel I', '01762164746', 'student1194@example.com', '1194', 'Sister', 1, 29, 4, '2025-09-30', 'N/A', NULL, NULL, NULL, '2025-09-16 22:44:42', '2025-09-29 04:31:41'),
(240, 'Leo', 'Ruecker', '1972-10-18', 'Other', 'A+', 'Hindu', 'Bangladeshi', '1196', '01762164746', 'student1197@example.com', '$2y$12$53MYkGHV.tiHoC.KeSRbh.A/QcZjs.cn/lZu1sfA0IhAATCJPpeHW', '63322 Ebert Mall Suite 930\nGradyside, IL 14616-8918', 'Apt. 429', 'Elian Dach', 'Businessman', '01762164746', 'student1197@example.com', '1197', 'Dr. Carolyne Wolf', 'Doctor', '01762164746', 'student1198@example.com', '1198', 'Lupe Hauck', '01762164746', 'student1199@example.com', '1199', 'Uncle', 1, 17, 12, '2025-09-30', 'N/A', NULL, NULL, NULL, '2025-09-16 22:44:42', '2025-09-29 04:47:19'),
(241, 'Spencer', 'Beatty', '2021-07-16', 'Other', 'AB-', 'Buddhist', 'Bangladeshi', '1201', '01762164746', 'student1202@example.com', '$2y$12$4VQMqCV8wGsh2.WoBFvGsuNzW8k9/6.lcT5HFz0QHCvrGR4ujprTW', '61250 Giuseppe Port\nBogisichton, IL 04277-9342', 'Suite 063', 'Silas Collier MD', 'Teacher', '01762164746', 'student1202@example.com', '1202', 'Annabelle Grant', 'Housewife', '01762164746', 'student1203@example.com', '1203', 'Herminia Predovic', '01762164746', 'student1204@example.com', '1204', 'Aunt', 1, 21, 3, '2025-09-30', 'N/A', NULL, NULL, NULL, '2025-09-16 22:44:42', '2025-09-29 04:28:28'),
(242, 'Otho', 'Johns', '2019-06-07', 'Other', 'B+', 'Christian', 'Bangladeshi', '1206', '01762164746', 'student1207@example.com', '$2y$12$lTNbCs1xhKdrjabm2PLrFuyuanC5001mjwtPSVFC.XoyhNsJ.op8e', '237 Lang Island Suite 484\nMarjorieberg, MD 50656', 'Suite 081', 'Ervin Stroman', 'Engineer', '01762164746', 'student1207@example.com', '1207', 'Mrs. Clara Hermann I', 'Doctor', '01762164746', 'student1208@example.com', '1208', 'Dr. Raina Bashirian', '01762164746', 'student1209@example.com', '1209', 'Uncle', 1, 18, 12, '2025-09-30', 'N/A', NULL, NULL, NULL, '2025-09-16 22:44:42', '2025-09-29 04:47:20'),
(243, 'Hailey', 'Mitchell', '2018-01-20', 'Other', 'AB-', 'Hindu', 'Bangladeshi', '1211', '01762164746', 'student1212@example.com', '$2y$12$FvEgNZKorgvHhl1GwPibJ.atJTOK.srdWZWcgq8MZo53M5SBVSuN2', '571 Jordane Forks Apt. 268\nZiemehaven, OR 05177-7418', 'Suite 902', 'Dr. Jan Schowalter', 'Doctor', '01762164746', 'student1212@example.com', '1212', 'Ruthie Kling Sr.', 'Housewife', '01762164746', 'student1213@example.com', '1213', 'Linnie Braun', '01762164746', 'student1214@example.com', '1214', 'Grandparent', 1, 18, 7, '2025-09-29', 'N/A', NULL, NULL, NULL, '2025-09-16 22:44:42', '2025-09-29 04:25:00'),
(244, 'Vincenzo', 'Mayer', '2020-05-06', 'Male', 'A-', 'Christian', 'Bangladeshi', '1216', '01762164746', 'student1217@example.com', '$2y$12$uEWKqiKN67lc.lzpK44zrOrLsb0NnxKCgIKGqGf09LwHddFuN8UwK', '19707 Jerde Creek Suite 415\nDemetrismouth, DE 30755', 'Apt. 962', 'Levi Gaylord Jr.', 'Farmer', '01762164746', 'student1217@example.com', '1217', 'Prof. Effie Fahey', 'Businesswoman', '01762164746', 'student1218@example.com', '1218', 'Dr. Willard Hamill MD', '01762164746', 'student1219@example.com', '1219', 'Aunt', 1, 24, 10, '2025-09-30', 'N/A', NULL, NULL, NULL, '2025-09-16 22:44:43', '2025-09-29 04:48:46'),
(245, 'Edwina', 'Rosenbaum', '2011-01-19', 'Other', 'AB-', 'Hindu', 'Bangladeshi', '1221', '01762164746', 'student1222@example.com', '$2y$12$/ryiNS9AxQTG1losoh7GpObv54ggCmbVpsA5X6ekmsR7B5kqw.n0a', '298 Modesto Forks\nEast Patsy, DE 55684-7209', 'Apt. 157', 'Clinton Bode', 'Engineer', '01762164746', 'student1222@example.com', '1222', 'Mossie Fisher', 'Businesswoman', '01762164746', 'student1223@example.com', '1223', 'Dr. Elliott Mitchell IV', '01762164746', 'student1224@example.com', '1224', 'Grandparent', 1, 22, 3, '2025-09-30', 'N/A', NULL, NULL, NULL, '2025-09-16 22:44:43', '2025-09-29 04:28:29'),
(246, 'Gertrude', 'McLaughlin', '2000-08-13', 'Male', 'AB-', 'Hindu', 'Bangladeshi', '1226', '01762164746', 'student1227@example.com', '$2y$12$iVD/zrcMRDt7IhhTimkLUun3ZfleKsTMZ/1RzqmIvT1bNVkyR9YTm', '29427 Olaf Extensions Suite 055\nWest Billhaven, MT 91236-2172', 'Apt. 752', 'Dr. Llewellyn Bogisich PhD', 'Businessman', '01762164746', 'student1227@example.com', '1227', 'Janet Howe I', 'Doctor', '01762164746', 'student1228@example.com', '1228', 'Muriel Wilkinson V', '01762164746', 'student1229@example.com', '1229', 'Sister', 1, 25, 10, '2025-09-30', 'N/A', NULL, NULL, NULL, '2025-09-16 22:44:43', '2025-09-29 04:48:47'),
(247, 'Jeramy', 'Mueller', '2012-01-31', 'Male', 'A+', 'Other', 'Bangladeshi', '1231', '01762164746', 'student1232@example.com', '$2y$12$ng.js.J9lfvBY8dOMl3KU.dDPavDcykGnhIhTHhEGpFvbaM7Kz2a2', '99305 Kihn Corner Suite 570\nLake Marjoryhaven, CT 70596-1083', 'Suite 492', 'Virgil Powlowski PhD', 'Farmer', '01762164746', 'student1232@example.com', '1232', 'Miss Alexa Windler', 'Housewife', '01762164746', 'student1233@example.com', '1233', 'Dr. Bennie Daniel Jr.', '01762164746', 'student1234@example.com', '1234', 'Aunt', 1, 23, 3, '2025-09-30', 'N/A', NULL, NULL, NULL, '2025-09-16 22:44:43', '2025-09-29 04:28:30'),
(248, 'Melody', 'Herman', '2024-06-12', 'Male', 'AB-', 'Other', 'Bangladeshi', '1236', '01762164746', 'student1237@example.com', '$2y$12$u/tt36OzsgffoZtyrCeV1OjCdrzLMVHS1Qx5noml0ZnD5ffvu1faG', '1206 Alba Expressway\nLake Eliasfurt, GA 04971-1673', 'Suite 455', 'Elbert Legros MD', 'Teacher', '01762164746', 'student1237@example.com', '1237', 'Florence Gaylord', 'Businesswoman', '01762164746', 'student1238@example.com', '1238', 'Norris Feeney', '01762164746', 'student1239@example.com', '1239', 'Uncle', 1, 24, 5, '2025-09-29', 'N/A', NULL, NULL, NULL, '2025-09-16 22:44:43', '2025-09-29 04:25:00');
INSERT INTO `students` (`id`, `first_name`, `last_name`, `dob`, `gender`, `blood_group`, `religion`, `nationality`, `national_id`, `contact_number`, `email`, `password`, `address1`, `address2`, `father_name`, `father_profession`, `father_contact`, `father_email`, `father_nid`, `mother_name`, `mother_profession`, `mother_contact`, `mother_email`, `mother_nid`, `guardian_name`, `guardian_contact`, `guardian_email`, `guardian_nid`, `guardian_relationship`, `status`, `roll_number`, `class_id`, `attend_date`, `remark`, `photo`, `father_photo`, `mother_photo`, `created_at`, `updated_at`) VALUES
(249, 'Randall', 'Heidenreich', '2004-12-21', 'Female', 'B-', 'Hindu', 'Bangladeshi', '1241', '01762164746', 'student1242@example.com', '$2y$12$X1G3BeuNYjMIE6mbdjd.R.W8bMm4p7poaU4e0NtNlc70ubBa9aYm2', '364 Toy Shore Suite 532\nLake Montana, PA 39038', 'Apt. 801', 'Maximus Cummerata', 'Teacher', '01762164746', 'student1242@example.com', '1242', 'Miss Ettie Fadel Sr.', 'Doctor', '01762164746', 'student1243@example.com', '1243', 'Opal Torp', '01762164746', 'student1244@example.com', '1244', 'Sister', 1, 19, 9, '2025-09-29', 'N/A', NULL, NULL, NULL, '2025-09-16 22:44:43', '2025-09-29 04:25:00'),
(250, 'Will', 'McCullough', '2020-10-22', 'Other', 'B-', 'Islam', 'Bangladeshi', '1246', '01762164746', 'student1247@example.com', '$2y$12$Ov/y1a8gTQV2AO7FzydomOoDray/YKFpIQOtS7CV2cM0uk9PebeZG', '974 Ernser Locks\nRosaleeberg, OR 24192-9045', 'Apt. 122', 'Mr. Xavier Jaskolski II', 'Farmer', '01762164746', 'student1247@example.com', '1247', 'Liza Stamm', 'Businesswoman', '01762164746', 'student1248@example.com', '1248', 'Ruth Lind', '01762164746', 'student1249@example.com', '1249', 'Sister', 1, 26, 10, '2025-09-30', 'N/A', NULL, NULL, NULL, '2025-09-16 22:44:44', '2025-09-29 04:48:48'),
(251, 'Suzanne', 'Torphy', '1989-06-03', 'Other', 'B-', 'Buddhist', 'Bangladeshi', '1251', '01762164746', 'student1252@example.com', '$2y$12$IKPxI1IpVEABzgTJIWSgUezNsPQLCZ2jjftzHu11BD1ntrZCZOWQC', '279 Kayleigh Neck\nWest Michele, OH 65524-3710', 'Apt. 539', 'Mr. Nathanial Funk', 'Engineer', '01762164746', 'student1252@example.com', '1252', 'Sarai Metz', 'Nurse', '01762164746', 'student1253@example.com', '1253', 'Lewis Rolfson', '01762164746', 'student1254@example.com', '1254', 'Grandparent', 1, 27, 6, '2025-09-29', 'N/A', NULL, NULL, NULL, '2025-09-16 22:44:44', '2025-09-29 04:25:00'),
(252, 'Orpha', 'Kilback', '1992-07-07', 'Female', 'A-', 'Hindu', 'Bangladeshi', '1256', '01762164746', 'student1257@example.com', '$2y$12$qlRkmxoD7R5qgW9yekbMPuIGyOqInEANbcNM5Nbgo0kAoVe7Y9QFW', '262 Olaf Landing\nLake Rick, SC 11817', 'Suite 073', 'Kyleigh Boyer', 'Businessman', '01762164746', 'student1257@example.com', '1257', 'Kasey Gleason', 'Housewife', '01762164746', 'student1258@example.com', '1258', 'Lue Jerde', '01762164746', 'student1259@example.com', '1259', 'Brother', 1, 30, 4, '2025-09-30', 'N/A', NULL, NULL, NULL, '2025-09-16 22:44:44', '2025-09-29 04:31:41'),
(253, 'Marian', 'Kuphal', '1981-04-14', 'Male', 'B+', 'Christian', 'Bangladeshi', '1261', '01762164746', 'student1262@example.com', '$2y$12$u.UWixLfVp.883LVr8Md1esUUKCbVP4pVu4FAzXTpBpumOqfNtdnO', '7445 Dietrich Harbor\nSouth Mossieville, OR 09476-3499', 'Suite 361', 'Mr. Vicente Fahey', 'Teacher', '01762164746', 'student1262@example.com', '1262', 'Carrie Beer', 'Nurse', '01762164746', 'student1263@example.com', '1263', 'Dr. Lonny Becker', '01762164746', 'student1264@example.com', '1264', 'Grandparent', 1, 19, 7, '2025-09-29', 'N/A', NULL, NULL, NULL, '2025-09-16 22:44:44', '2025-09-29 04:25:00'),
(254, 'Camilla', 'Fadel', '1971-01-04', 'Male', 'A+', 'Buddhist', 'Bangladeshi', '1266', '01762164746', 'student1267@example.com', '$2y$12$Cfct.T5fVtYpki0dcoT6bucfUWjyRbpoydJ9SoHwYgfvd.dcdgFoS', '28996 Mac Motorway\nNew Nyasiaside, DE 11882-6507', 'Suite 565', 'Francisco Zulauf', 'Engineer', '01762164746', 'student1267@example.com', '1267', 'Jennie Russel', 'Businesswoman', '01762164746', 'student1268@example.com', '1268', 'Bryana Johnson', '01762164746', 'student1269@example.com', '1269', 'Sister', 1, 15, 2, '2025-10-01', 'N/A', NULL, NULL, NULL, '2025-09-16 22:44:44', '2025-09-30 08:42:12'),
(255, 'Joelle', 'Pfeffer', '2024-11-17', 'Female', 'AB-', 'Islam', 'Bangladeshi', '1271', '01762164746', 'student1272@example.com', '$2y$12$pzQOpc8WclThxLyN2aPQBOfJcuG0GuiDBf3riaqpepC748/MOfeqO', '772 Rubie Road\nOberbrunnerborough, MO 24825-9030', 'Suite 747', 'Grady Bruen I', 'Engineer', '01762164746', 'student1272@example.com', '1272', 'Dr. Abigail Osinski V', 'Doctor', '01762164746', 'student1273@example.com', '1273', 'Prof. Pink Schoen', '01762164746', 'student1274@example.com', '1274', 'Brother', 1, 31, 4, '2025-09-30', 'N/A', NULL, NULL, NULL, '2025-09-16 22:44:45', '2025-09-29 04:31:42'),
(256, 'Alisha', 'Vandervort', '1991-03-04', 'Other', 'A+', 'Buddhist', 'Bangladeshi', '1276', '01762164746', 'student1277@example.com', '$2y$12$SdmvlKxBZ63SNC.EyEVhl.SWvocqFEt27tsnscRu8MKd9MECWViaW', '3567 Fadel Coves\nNorth Sabrinaview, ND 57175', 'Suite 851', 'Thad Pacocha', 'Doctor', '01762164746', 'student1277@example.com', '1277', 'Ebba Marks', 'Housewife', '01762164746', 'student1278@example.com', '1278', 'Dr. Henderson O\'Keefe III', '01762164746', 'student1279@example.com', '1279', 'Sister', 1, 24, 8, '2025-09-30', 'N/A', NULL, NULL, NULL, '2025-09-16 22:44:45', '2025-09-29 04:39:35'),
(257, 'Elena', 'Parker', '1976-02-01', 'Other', 'O+', 'Christian', 'Bangladeshi', '1281', '01762164746', 'student1282@example.com', '$2y$12$yMslXW3TXcFjikNJX4PhWuvT79E5d7JE/Eyg2X03kUtCvBFd.3O1q', '9969 Hayes Garden Suite 239\nCasperport, NH 15430', 'Suite 682', 'Mr. Tommie Shields', 'Engineer', '01762164746', 'student1282@example.com', '1282', 'Veda Yost', 'Businesswoman', '01762164746', 'student1283@example.com', '1283', 'Lenna Beatty', '01762164746', 'student1284@example.com', '1284', 'Sister', 1, 12, 11, '2025-09-29', 'N/A', NULL, NULL, NULL, '2025-09-16 22:44:45', '2025-09-29 04:25:00'),
(258, 'Wendell', 'Hermiston', '1987-12-24', 'Other', 'A+', 'Islam', 'Bangladeshi', '1286', '01762164746', 'student1287@example.com', '$2y$12$9sLIjDzeI59e/lu1oIK4MOIGx09pYm1kwXSlBc34kjfv3QuRYZ9Q2', '1619 Yost Turnpike\nRicetown, GA 15070', 'Apt. 591', 'Mr. Arden Beahan', 'Engineer', '01762164746', 'student1287@example.com', '1287', 'Lou O\'Hara MD', 'Nurse', '01762164746', 'student1288@example.com', '1288', 'Dennis Stark II', '01762164746', 'student1289@example.com', '1289', 'Uncle', 1, 20, 7, '2025-09-29', 'N/A', NULL, NULL, NULL, '2025-09-16 22:44:45', '2025-09-29 04:25:00'),
(259, 'Rasheed', 'Nader', '2008-11-20', 'Female', 'A-', 'Christian', 'Bangladeshi', '1291', '01762164746', 'student1292@example.com', '$2y$12$x5zour.7ff7jafuAieNXM.2YY650Jdx.1JlcNyGp36epbI6UZfBpC', '5075 Feeney Ferry\nEast Milan, NM 83545', 'Apt. 078', 'Tracey Prohaska', 'Doctor', '01762164746', 'student1292@example.com', '1292', 'Mrs. Camille Pfeffer II', 'Doctor', '01762164746', 'student1293@example.com', '1293', 'Dahlia Hilpert', '01762164746', 'student1294@example.com', '1294', 'Aunt', 1, 19, 12, '2025-09-30', 'N/A', NULL, NULL, NULL, '2025-09-16 22:44:45', '2025-09-29 04:47:21'),
(260, 'Delmer', 'Herzog', '1974-01-21', 'Other', 'O-', 'Other', 'Bangladeshi', '1296', '01762164746', 'student1297@example.com', '$2y$12$2aun2QOfcjqPAwshefhrh.pKcEuRyw4VQOJ/cb1r2kiwJmMUecEf.', '547 Kiehn Bypass Suite 517\nMadelynnfort, DE 90723-3289', 'Apt. 943', 'Faustino McLaughlin IV', 'Businessman', '01762164746', 'student1297@example.com', '1297', 'Kenna Johnston Sr.', 'Teacher', '01762164746', 'student1298@example.com', '1298', 'Hector Emmerich', '01762164746', 'student1299@example.com', '1299', 'Sister', 1, 21, 7, '2025-09-29', 'N/A', NULL, NULL, NULL, '2025-09-16 22:44:45', '2025-09-29 04:25:00'),
(261, 'Amely', 'Treutel', '2017-12-30', 'Other', 'AB+', 'Buddhist', 'Bangladeshi', '1301', '01762164746', 'student1302@example.com', '$2y$12$frURzEpAbbYRU8/DyLNkfu7bkbAjtfHZQKKjxGmRQuLZH0bQO85J2', '37205 Spinka Divide Suite 482\nKathleenberg, NY 35408-7155', 'Suite 583', 'Holden Turner', 'Farmer', '01762164746', 'student1302@example.com', '1302', 'Eunice Heidenreich', 'Housewife', '01762164746', 'student1303@example.com', '1303', 'Gillian Bednar', '01762164746', 'student1304@example.com', '1304', 'Grandparent', 1, 28, 6, '2025-09-29', 'N/A', NULL, NULL, NULL, '2025-09-16 22:44:46', '2025-09-29 04:25:00'),
(262, 'Cornell', 'Turcotte', '1999-04-24', 'Male', 'A-', 'Other', 'Bangladeshi', '1306', '01762164746', 'student1307@example.com', '$2y$12$AgLpGP2S7O.ORUyW0uXPIO/KwIwLN0oIUMTlReZ10bAVavyz3xQje', '9765 Gonzalo Greens\nNew Albinaborough, MO 86293', 'Suite 962', 'Frederic Buckridge', 'Engineer', '01762164746', 'student1307@example.com', '1307', 'Belle Gleason', 'Housewife', '01762164746', 'student1308@example.com', '1308', 'Lucy Marvin', '01762164746', 'student1309@example.com', '1309', 'Uncle', 1, 13, 11, '2025-09-29', 'N/A', NULL, NULL, NULL, '2025-09-16 22:44:46', '2025-09-29 04:25:00'),
(263, 'Hermina', 'Walsh', '1987-05-28', 'Male', 'A-', 'Other', 'Bangladeshi', '1311', '01762164746', 'student1312@example.com', '$2y$12$VPJgfCBHRQGqyHfxwRb8ieO/B531FWDGFSFZmaeCJK0jJqWrlnwBm', '8043 Lonie Springs Apt. 888\nZackaryside, CA 83885', 'Suite 446', 'Desmond Bogan', 'Doctor', '01762164746', 'student1312@example.com', '1312', 'Leta Lindgren', 'Teacher', '01762164746', 'student1313@example.com', '1313', 'Wendy Klein I', '01762164746', 'student1314@example.com', '1314', 'Uncle', 1, 25, 8, '2025-09-30', 'N/A', NULL, NULL, NULL, '2025-09-16 22:44:46', '2025-09-29 04:39:36'),
(264, 'Cortney', 'Leffler', '1980-03-25', 'Female', 'AB+', 'Christian', 'Bangladeshi', '1316', '01762164746', 'student1317@example.com', '$2y$12$Ls3gkOb4cA2rS72iJAe3He5jcfxkFFA5FZX71/e2fvymxn7AlJx4y', '14492 Shad Divide Apt. 771\nDominiquebury, SD 26882', 'Apt. 475', 'Nickolas Kris', 'Teacher', '01762164746', 'student1317@example.com', '1317', 'Lydia Kutch', 'Housewife', '01762164746', 'student1318@example.com', '1318', 'Willis Schimmel', '01762164746', 'student1319@example.com', '1319', 'Uncle', 1, 24, 3, '2025-09-30', 'N/A', NULL, NULL, NULL, '2025-09-16 22:44:46', '2025-09-29 04:28:31'),
(265, 'Mafalda', 'Flatley', '2012-01-16', 'Male', 'B-', 'Islam', 'Bangladeshi', '1321', '01762164746', 'student1322@example.com', '$2y$12$n.HoTn2mGmotqqel9scAjO1OcbTWJ3N8JWG1hpjk0aTcDOimzu9d2', '633 Douglas Unions Suite 051\nLake Bernardoport, HI 22002-9460', 'Apt. 525', 'Ephraim Heller', 'Farmer', '01762164746', 'student1322@example.com', '1322', 'Freeda Stanton', 'Teacher', '01762164746', 'student1323@example.com', '1323', 'Mario Swaniawski', '01762164746', 'student1324@example.com', '1324', 'Grandparent', 1, 25, 5, '2025-09-29', 'N/A', NULL, NULL, NULL, '2025-09-16 22:44:46', '2025-09-29 04:25:00'),
(266, 'Anabel', 'McCullough', '2009-03-29', 'Other', 'O+', 'Christian', 'Bangladeshi', '1326', '01762164746', 'student1327@example.com', '$2y$12$PU4oCDdFvHelxRSfDDNcu.CiKJahRWKgBv4HJ3.2zWZ3xc67KzDW.', '81810 Arden Place Apt. 088\nLake Harveyborough, NV 63938-4495', 'Apt. 677', 'Dr. Wallace Rohan', 'Businessman', '01762164746', 'student1327@example.com', '1327', 'Charlotte Ratke PhD', 'Nurse', '01762164746', 'student1328@example.com', '1328', 'Prof. Melisa Hayes Jr.', '01762164746', 'student1329@example.com', '1329', 'Sister', 1, 20, 9, '2025-09-29', 'N/A', NULL, NULL, NULL, '2025-09-16 22:44:47', '2025-09-29 04:25:00'),
(267, 'Nicole', 'Reichel', '2004-03-11', 'Female', 'A-', 'Hindu', 'Bangladeshi', '1331', '01762164746', 'student1332@example.com', '$2y$12$UBEAlrWhRMB6HZBCEMtXFu6s0PV4D62D7g5qVsTQzxi.S7WgLJB8W', '451 Cruickshank Crossroad\nIsabellafurt, KY 57821-7989', 'Suite 625', 'Prof. Carlos McCullough PhD', 'Teacher', '01762164746', 'student1332@example.com', '1332', 'Tressa Cronin', 'Teacher', '01762164746', 'student1333@example.com', '1333', 'Geovanny Donnelly', '01762164746', 'student1334@example.com', '1334', 'Sister', 1, 20, 2, '2025-10-01', 'N/A', NULL, NULL, NULL, '2025-09-16 22:44:47', '2025-09-30 08:42:13'),
(268, 'Joany', 'Kunze', '1996-05-17', 'Other', 'AB+', 'Buddhist', 'Bangladeshi', '1336', '01762164746', 'student1337@example.com', '$2y$12$X7DVM2VYYIBiHAgvao4hKe2L/W/q7odi6XlaOhmL6n/.HS.WYYfwe', '532 Haskell Isle\nLake Fern, SC 85671', 'Suite 966', 'Javonte Dibbert', 'Teacher', '01762164746', 'student1337@example.com', '1337', 'Una Hudson', 'Housewife', '01762164746', 'student1338@example.com', '1338', 'Mary Heller', '01762164746', 'student1339@example.com', '1339', 'Aunt', 1, 27, 10, '2025-09-30', 'N/A', NULL, NULL, NULL, '2025-09-16 22:44:47', '2025-09-29 04:48:49'),
(269, 'Cassandra', 'Mills', '2017-10-29', 'Female', 'A+', 'Hindu', 'Bangladeshi', '1341', '01762164746', 'student1342@example.com', '$2y$12$wx3N3lJE75J3FzZicWY2t.mKMC.KYVNgePgeWFnk9mMrbuQccvF4y', '437 Shayne Forge Apt. 030\nIzaiahborough, MI 94260-7292', 'Suite 025', 'Einar Bartell V', 'Teacher', '01762164746', 'student1342@example.com', '1342', 'Cierra Stehr MD', 'Teacher', '01762164746', 'student1343@example.com', '1343', 'Dr. Sonny Gerlach', '01762164746', 'student1344@example.com', '1344', 'Uncle', 1, 21, 9, '2025-09-29', 'N/A', NULL, NULL, NULL, '2025-09-16 22:44:47', '2025-09-29 04:25:00'),
(270, 'Zackery', 'Prosacco', '1985-11-13', 'Other', 'B+', 'Islam', 'Bangladeshi', '1346', '01762164746', 'student1347@example.com', '$2y$12$tkzeyhiUuO72t9GzrEKms.V.TDVJiyStjVMLkhxddYXP0PAkLPhFm', '643 Raegan Land Suite 751\nCletaton, WV 35142-4433', 'Apt. 717', 'Gussie Herman II', 'Doctor', '01762164746', 'student1347@example.com', '1347', 'Janelle Douglas', 'Doctor', '01762164746', 'student1348@example.com', '1348', 'Dr. Deron Dooley DDS', '01762164746', 'student1349@example.com', '1349', 'Brother', 1, 32, 4, '2025-09-30', 'N/A', NULL, NULL, NULL, '2025-09-16 22:44:47', '2025-09-29 04:31:44'),
(271, 'Art', 'Pfannerstill', '2012-03-16', 'Female', 'A-', 'Hindu', 'Bangladeshi', '1351', '01762164746', 'student1352@example.com', '$2y$12$5GzaQY/bCUuMLJBsotu0xOSOMDFz3fuuentSKltzgD950OA/fyRV2', '3103 Becker Forest Suite 310\nZemlakton, FL 89287', 'Apt. 729', 'Remington Windler I', 'Farmer', '01762164746', 'student1352@example.com', '1352', 'Giovanna Gottlieb', 'Businesswoman', '01762164746', 'student1353@example.com', '1353', 'Reta Shields', '01762164746', 'student1354@example.com', '1354', 'Uncle', 1, 16, 2, '2025-10-01', 'N/A', NULL, NULL, NULL, '2025-09-16 22:44:47', '2025-09-30 08:42:14'),
(272, 'Wellington', 'Ziemann', '1984-10-10', 'Male', 'B+', 'Islam', 'Bangladeshi', '1356', '01762164746', 'student1357@example.com', '$2y$12$fIL3MCQk2ef.amErQuiEHOWATNAOh5ebHQJKvIyq01kxRa2MyJP6m', '25241 Metz Islands\nSouth Hobart, MN 99481-1748', 'Suite 028', 'Guy Dibbert', 'Businessman', '01762164746', 'student1357@example.com', '1357', 'Madelyn Greenholt', 'Businesswoman', '01762164746', 'student1358@example.com', '1358', 'Barton Hand', '01762164746', 'student1359@example.com', '1359', 'Aunt', 1, 29, 6, '2025-09-29', 'N/A', NULL, NULL, NULL, '2025-09-16 22:44:48', '2025-09-29 04:25:00'),
(273, 'Ruthe', 'Rodriguez', '1977-09-03', 'Female', 'A+', 'Other', 'Bangladeshi', '1361', '01762164746', 'student1362@example.com', '$2y$12$BxzzE694NVnpQvfH7t/wH.ljp6k33.nFiK3p/5sgsNEWsPc5C0efe', '9756 Helmer Mountains\nGerdaport, HI 78168', 'Apt. 637', 'Mr. Ole Bednar', 'Doctor', '01762164746', 'student1362@example.com', '1362', 'Ellen Swaniawski IV', 'Nurse', '01762164746', 'student1363@example.com', '1363', 'Beaulah Cormier', '01762164746', 'student1364@example.com', '1364', 'Brother', 1, 14, 11, '2025-09-29', 'N/A', NULL, NULL, NULL, '2025-09-16 22:44:48', '2025-09-29 04:25:00'),
(274, 'Amely', 'Bradtke', '1975-10-21', 'Male', 'A-', 'Buddhist', 'Bangladeshi', '1366', '01762164746', 'student1367@example.com', '$2y$12$lHlxagT1sUPof4Dpoxi7ceCE4skNNlGpzj2H1WMDisZ6nUMCQBZ0e', '3505 Barrows Port\nSouth Brayanbury, AK 11635', 'Suite 604', 'Dr. Norwood Bartell Sr.', 'Farmer', '01762164746', 'student1367@example.com', '1367', 'Heather Hickle', 'Teacher', '01762164746', 'student1368@example.com', '1368', 'Mr. Deangelo McClure IV', '01762164746', 'student1369@example.com', '1369', 'Aunt', 1, 22, 7, '2025-09-29', 'N/A', NULL, NULL, NULL, '2025-09-16 22:44:48', '2025-09-29 04:25:00'),
(275, 'Marquise', 'Paucek', '1986-09-27', 'Other', 'AB+', 'Islam', 'Bangladeshi', '1371', '01762164746', 'student1372@example.com', '$2y$12$oIm45v0GCQZtIrdWA.RqGedftPEhRo/sD1KGGodoDGty6VhykjhlG', '424 Jenkins Turnpike\nLangberg, OR 59346', 'Apt. 926', 'Mario Haley', 'Teacher', '01762164746', 'student1372@example.com', '1372', 'Delphine Goldner IV', 'Housewife', '01762164746', 'student1373@example.com', '1373', 'Madge Beahan', '01762164746', 'student1374@example.com', '1374', 'Brother', 1, 33, 4, '2025-09-30', 'N/A', NULL, NULL, NULL, '2025-09-16 22:44:48', '2025-09-29 04:31:45'),
(276, 'Melvin', 'Muller', '2000-10-12', 'Female', 'B+', 'Other', 'Bangladeshi', '1376', '01762164746', 'student1377@example.com', '$2y$12$ZGwUB0nD3YhxsYPEtPvgn.5LBamGXXZAoSgDPVgKLXyAaIyaUgjgS', '6920 Mittie Vista\nLake Amber, OK 25501-6156', 'Suite 194', 'Irving Klein', 'Doctor', '01762164746', 'student1377@example.com', '1377', 'Miss Gia Padberg', 'Teacher', '01762164746', 'student1378@example.com', '1378', 'Mr. Filiberto Ullrich', '01762164746', 'student1379@example.com', '1379', 'Uncle', 1, 17, 2, '2025-10-01', 'N/A', NULL, NULL, NULL, '2025-09-16 22:44:48', '2025-09-30 08:42:15'),
(277, 'Ashlynn', 'Carroll', '2005-12-04', 'Other', 'B+', 'Islam', 'Bangladeshi', '1381', '01762164746', 'student1382@example.com', '$2y$12$gfG2CpX3.Uo6f8i4pwksreESKRxL88NiYpmhujD7GQMLWvEc0UBGm', '342 Emil Locks\nBorertown, NH 22998-7015', 'Apt. 551', 'Tate Volkman', 'Businessman', '01762164746', 'student1382@example.com', '1382', 'Mrs. Maci Runte II', 'Businesswoman', '01762164746', 'student1383@example.com', '1383', 'Elian Hegmann', '01762164746', 'student1384@example.com', '1384', 'Aunt', 1, 26, 8, '2025-09-30', 'N/A', NULL, NULL, NULL, '2025-09-16 22:44:49', '2025-09-29 04:39:37'),
(278, 'Malcolm', 'Rau', '1980-03-16', 'Female', 'AB+', 'Buddhist', 'Bangladeshi', '1386', '01762164746', 'student1387@example.com', '$2y$12$3m7hm8G2dP70M7axMFVOcO0lgwJJgAXJqWgfCtas9lPOk4chcLxOq', '84106 Reilly Hollow Apt. 634\nFrancescoland, VA 58152-9252', 'Apt. 293', 'Isaias Orn', 'Engineer', '01762164746', 'student1387@example.com', '1387', 'Madilyn Terry', 'Housewife', '01762164746', 'student1388@example.com', '1388', 'Alanna Glover', '01762164746', 'student1389@example.com', '1389', 'Brother', 1, 20, 12, '2025-09-30', 'N/A', NULL, NULL, NULL, '2025-09-16 22:44:49', '2025-09-29 04:47:22'),
(279, 'Gay', 'Schmidt', '2004-08-19', 'Male', 'AB+', 'Islam', 'Bangladeshi', '1391', '01762164746', 'student1392@example.com', '$2y$12$OEYcWkCM07UBLZPj/Nvg8uZowDhmphybqe4ZWY8jKiV6mHQTJ9IAW', '50256 Aletha Road\nBotsfordside, VA 35975-1440', 'Apt. 208', 'Alf Kemmer Sr.', 'Doctor', '01762164746', 'student1392@example.com', '1392', 'Ms. Jackie Keebler PhD', 'Doctor', '01762164746', 'student1393@example.com', '1393', 'Jammie Johns', '01762164746', 'student1394@example.com', '1394', 'Uncle', 1, 23, 7, '2025-09-29', 'N/A', NULL, NULL, NULL, '2025-09-16 22:44:49', '2025-09-29 04:25:00'),
(280, 'Destiny', 'Heathcote', '2022-11-11', 'Male', 'AB-', 'Christian', 'Bangladeshi', '1396', '01762164746', 'student1397@example.com', '$2y$12$sJpIwPLJa1iOCqA2IHrXiun2ZcEB/2oHMD2qxA9k4NbWDWDsMf396', '99839 Hirthe Alley Suite 026\nSouth Conrad, NV 06192', 'Apt. 731', 'Martin O\'Conner', 'Engineer', '01762164746', 'student1397@example.com', '1397', 'Mrs. Rosalind Larson Jr.', 'Businesswoman', '01762164746', 'student1398@example.com', '1398', 'Dr. Peyton Collier', '01762164746', 'student1399@example.com', '1399', 'Aunt', 1, 24, 7, '2025-09-29', 'N/A', NULL, NULL, NULL, '2025-09-16 22:44:49', '2025-09-29 04:25:00'),
(281, 'Macie', 'Hettinger', '1987-03-23', 'Other', 'O-', 'Christian', 'Bangladeshi', '1401', '01762164746', 'student1402@example.com', '$2y$12$PFailWrMa9j0I3B0XmwhLObo6bxqUp1INsvJQlZ3bFl1yYNnTB7ny', '71386 Dariana Fork Suite 408\nDurgantown, ID 73411-4682', 'Suite 586', 'Prof. Candido Moore', 'Engineer', '01762164746', 'student1402@example.com', '1402', 'Dr. Kendra Shields', 'Housewife', '01762164746', 'student1403@example.com', '1403', 'Shana Reichel DDS', '01762164746', 'student1404@example.com', '1404', 'Brother', 1, 22, 9, '2025-09-29', 'N/A', NULL, NULL, NULL, '2025-09-16 22:44:49', '2025-09-29 04:25:00'),
(282, 'Omer', 'Effertz', '1971-09-26', 'Male', 'AB+', 'Buddhist', 'Bangladeshi', '1406', '01762164746', 'student1407@example.com', '$2y$12$VvaMPxvamttBL3mR1yZwFeI/CfFSpxPucxwMjox8ULCMQykoLAQgK', '80789 Krajcik Branch\nLake Rosettashire, NC 35842-8754', 'Apt. 963', 'Dalton Becker', 'Businessman', '01762164746', 'student1407@example.com', '1407', 'Marion Marvin', 'Nurse', '01762164746', 'student1408@example.com', '1408', 'Kelly Bergnaum', '01762164746', 'student1409@example.com', '1409', 'Grandparent', 1, 18, 2, '2025-10-01', 'N/A', NULL, NULL, NULL, '2025-09-16 22:44:50', '2025-09-30 08:42:15'),
(283, 'Zakary', 'Dickens', '1981-10-14', 'Male', 'AB+', 'Islam', 'Bangladeshi', '1411', '01762164746', 'student1412@example.com', '$2y$12$MH.QSAGfvaqiQAieY55PMeT6GVo7N7U272SU6xcSMQr4ZVd3MjzZ.', '3026 White Burgs Apt. 920\nNorth Keenanville, NJ 40935-7397', 'Apt. 687', 'Jasen Grimes DVM', 'Engineer', '01762164746', 'student1412@example.com', '1412', 'Betsy Tillman IV', 'Businesswoman', '01762164746', 'student1413@example.com', '1413', 'Angelo Jacobi', '01762164746', 'student1414@example.com', '1414', 'Sister', 1, 21, 2, '2025-10-01', 'N/A', NULL, NULL, NULL, '2025-09-16 22:44:50', '2025-09-30 08:42:16'),
(284, 'Mae', 'Boehm', '2021-11-25', 'Male', 'B+', 'Buddhist', 'Bangladeshi', '1416', '01762164746', 'student1417@example.com', '$2y$12$S5AI.ynAHUqmuQJDDtJtquzpEO4ZfiOTnSYnrN2BgIIVBOfs85wiC', '1814 Oscar Knoll\nPort Myahbury, WI 27957-8771', 'Suite 771', 'Johnnie Thompson', 'Doctor', '01762164746', 'student1417@example.com', '1417', 'Rachel Thompson', 'Housewife', '01762164746', 'student1418@example.com', '1418', 'Mr. Jermain Orn', '01762164746', 'student1419@example.com', '1419', 'Uncle', 1, 28, 10, '2025-09-30', 'N/A', NULL, NULL, NULL, '2025-09-16 22:44:50', '2025-09-29 04:48:50'),
(285, 'Noemi', 'Keeling', '1990-06-04', 'Female', 'O-', 'Other', 'Bangladeshi', '1421', '01762164746', 'student1422@example.com', '$2y$12$9jRjY45sCnGlIq1uvI98l.rK9K.rxyWjkQ2OgrMVIseKLddgGrvem', '1801 Robel Prairie\nHellermouth, VA 90656-4788', 'Suite 635', 'Ryann Swaniawski IV', 'Businessman', '01762164746', 'student1422@example.com', '1422', 'Susie Bartoletti', 'Teacher', '01762164746', 'student1423@example.com', '1423', 'Ms. Pearline Welch IV', '01762164746', 'student1424@example.com', '1424', 'Aunt', 1, 15, 11, '2025-09-29', 'N/A', NULL, NULL, NULL, '2025-09-16 22:44:50', '2025-09-29 04:25:00'),
(286, 'Valentin', 'Moen', '1970-11-28', 'Other', 'O-', 'Islam', 'Bangladeshi', '1426', '01762164746', 'student1427@example.com', '$2y$12$l2rUhsr4NOIFU.PKBirJLev09kNU3S3/Ca6/uUULNStjd6Yf4FQUq', '4105 Dare Harbor Apt. 114\nHerminiamouth, LA 21403', 'Apt. 082', 'Chadd Treutel', 'Businessman', '01762164746', 'student1427@example.com', '1427', 'Beaulah Simonis', 'Doctor', '01762164746', 'student1428@example.com', '1428', 'Nathanial Schoen Sr.', '01762164746', 'student1429@example.com', '1429', 'Uncle', 1, 30, 6, '2025-09-29', 'N/A', NULL, NULL, NULL, '2025-09-16 22:44:50', '2025-09-29 04:25:00'),
(287, 'Brody', 'Dickinson', '1994-11-29', 'Other', 'B+', 'Hindu', 'Bangladeshi', '1431', '01762164746', 'student1432@example.com', '$2y$12$S2j7IZWb6CUdWzIloEu28e06kIxgjAacetsMkJ6RVBKGE/kqGAyFK', '1692 Graciela Drives Suite 884\nBrakusburgh, DC 44854-4932', 'Suite 542', 'Manley Volkman', 'Teacher', '01762164746', 'student1432@example.com', '1432', 'Polly Tremblay', 'Businesswoman', '01762164746', 'student1433@example.com', '1433', 'Ariel Hyatt', '01762164746', 'student1434@example.com', '1434', 'Aunt', 1, 16, 11, '2025-09-29', 'N/A', NULL, NULL, NULL, '2025-09-16 22:44:50', '2025-09-29 04:25:00'),
(288, 'Tiffany', 'Bednar', '1995-06-23', 'Female', 'A-', 'Islam', 'Bangladeshi', '1436', '01762164746', 'student1437@example.com', '$2y$12$CDiKwZkYmfsuzIG5H9gr7u5KeW/aybHsjQmKEhuS/Sis1tW/HJMnq', '536 Littel Row\nMelbashire, NV 77804', 'Apt. 859', 'Jason Reichel', 'Engineer', '01762164746', 'student1437@example.com', '1437', 'Mrs. Aurelie Jenkins Sr.', 'Nurse', '01762164746', 'student1438@example.com', '1438', 'Pamela Nikolaus', '01762164746', 'student1439@example.com', '1439', 'Grandparent', 1, 34, 4, '2025-09-30', 'N/A', NULL, NULL, NULL, '2025-09-16 22:44:51', '2025-09-29 04:31:45'),
(289, 'Suzanne', 'Leannon', '1986-06-07', 'Male', 'A-', 'Hindu', 'Bangladeshi', '1441', '01762164746', 'student1442@example.com', '$2y$12$yIQvfT6sY3mPE..xnHbjGO1wZXDH8J/AzzRFpLjniEEJ1RFUY/Umi', '6866 McLaughlin Way\nNew Rodrigoside, CA 09968-3360', 'Apt. 609', 'Mr. Clyde Hermann', 'Doctor', '01762164746', 'student1442@example.com', '1442', 'Miss Ova Dickinson Jr.', 'Nurse', '01762164746', 'student1443@example.com', '1443', 'Ms. Marie Wehner', '01762164746', 'student1444@example.com', '1444', 'Aunt', 1, 25, 7, '2025-09-29', 'N/A', NULL, NULL, NULL, '2025-09-16 22:44:51', '2025-09-29 04:25:00'),
(290, 'Kory', 'Flatley', '2008-09-30', 'Male', 'O-', 'Other', 'Bangladeshi', '1446', '01762164746', 'student1447@example.com', '$2y$12$kwcAAPeujKY8xVkHnPFcceBlXXFuWgjUDsSAD.azQFEwefNM5vioW', '21164 Bergnaum Shores\nZackerybury, TN 73337', 'Apt. 095', 'Albert Rowe', 'Farmer', '01762164746', 'student1447@example.com', '1447', 'Burdette McLaughlin', 'Doctor', '01762164746', 'student1448@example.com', '1448', 'Veronica Aufderhar', '01762164746', 'student1449@example.com', '1449', 'Brother', 1, 26, 7, '2025-09-29', 'N/A', NULL, NULL, NULL, '2025-09-16 22:44:51', '2025-09-29 04:25:00'),
(291, 'Tabitha', 'Pfannerstill', '1997-03-26', 'Other', 'O+', 'Other', 'Bangladeshi', '1451', '01762164746', 'student1452@example.com', '$2y$12$OD788Kr/kjbR1FSp6zn7beKkRbbp2TWEnXTIxZFGQTz7RZ7M0EFQS', '40617 Considine Mount\nSouth Britney, WA 47888', 'Apt. 083', 'Brooks Boyle', 'Engineer', '01762164746', 'student1452@example.com', '1452', 'Florida Rowe', 'Doctor', '01762164746', 'student1453@example.com', '1453', 'Mrs. Hortense Wyman', '01762164746', 'student1454@example.com', '1454', 'Aunt', 1, 29, 10, '2025-09-30', 'N/A', NULL, NULL, NULL, '2025-09-16 22:44:51', '2025-09-29 04:48:51'),
(292, 'Florine', 'Goyette', '1980-09-04', 'Female', 'O-', 'Other', 'Bangladeshi', '1456', '01762164746', 'student1457@example.com', '$2y$12$j7TRFGLLmCzqh6/FuhJe/enBYHqir4bHwSxvLs/liCHlrFfsK.iLC', '5420 Zboncak Flats\nLake Toy, AZ 90070-2756', 'Apt. 010', 'Esteban Kutch', 'Businessman', '01762164746', 'student1457@example.com', '1457', 'Ms. Albertha Cremin', 'Housewife', '01762164746', 'student1458@example.com', '1458', 'Herta Durgan', '01762164746', 'student1459@example.com', '1459', 'Aunt', 1, 19, 2, '2025-10-01', 'N/A', NULL, NULL, NULL, '2025-09-16 22:44:51', '2025-09-30 08:42:18'),
(293, 'Allene', 'Graham', '1985-06-04', 'Male', 'B+', 'Islam', 'Bangladeshi', '1461', '01762164746', 'student1462@example.com', '$2y$12$avtE3.z6fKwFy/sj9qvSzuTNqsvboDLqbQCre9fD6XY/xGnLHn1Ly', '618 Lilliana Mountains Suite 942\nWest Lorenfurt, PA 56435-9568', 'Apt. 090', 'Kelley Armstrong', 'Teacher', '01762164746', 'student1462@example.com', '1462', 'Litzy Schimmel', 'Businesswoman', '01762164746', 'student1463@example.com', '1463', 'Roslyn Monahan I', '01762164746', 'student1464@example.com', '1464', 'Uncle', 1, 17, 11, '2025-09-29', 'N/A', NULL, NULL, NULL, '2025-09-16 22:44:52', '2025-09-29 04:25:00'),
(294, 'Johnathon', 'Pacocha', '1974-05-23', 'Female', 'A+', 'Buddhist', 'Bangladeshi', '1466', '01762164746', 'student1467@example.com', '$2y$12$dpntim14UzUfIzsFuqPNOupXaqtuFLYNtOy36LJLwQGiG8rEKnW76', '114 Juana Club\nKassulkefurt, SD 99887-4096', 'Apt. 785', 'Coy Spencer', 'Businessman', '01762164746', 'student1467@example.com', '1467', 'Ivy Turcotte', 'Housewife', '01762164746', 'student1468@example.com', '1468', 'Mr. Art Eichmann DDS', '01762164746', 'student1469@example.com', '1469', 'Brother', 1, 25, 3, '2025-09-30', 'N/A', NULL, NULL, NULL, '2025-09-16 22:44:52', '2025-09-29 04:28:32'),
(295, 'Monte', 'Klocko', '2012-04-04', 'Other', 'O+', 'Other', 'Bangladeshi', '1471', '01762164746', 'student1472@example.com', '$2y$12$GTaV9CwVuM5i7PLsVs4Ip..vxzkyWxkbr8ikNtWCbQfaq2GxghBcK', '92780 Thea Track\nNew Ryleyton, WY 51816', 'Suite 891', 'Chadd Predovic', 'Teacher', '01762164746', 'student1472@example.com', '1472', 'Stacey Hoeger', 'Doctor', '01762164746', 'student1473@example.com', '1473', 'Meghan Grimes Sr.', '01762164746', 'student1474@example.com', '1474', 'Aunt', 1, 26, 5, '2025-09-29', 'N/A', NULL, NULL, NULL, '2025-09-16 22:44:52', '2025-09-29 04:25:00'),
(296, 'Lora', 'Hand', '2002-05-27', 'Male', 'A+', 'Other', 'Bangladeshi', '1476', '01762164746', 'student1477@example.com', '$2y$12$lSAh.2sWiD6kAzCbIcdHEOhf79gQyd6ItSQkPOY5t/PlJVogATIk.', '14509 Jaron Glens\nSouth Ezekiel, CA 76731', 'Apt. 668', 'Adolfo Miller', 'Teacher', '01762164746', 'student1477@example.com', '1477', 'Amira O\'Keefe', 'Teacher', '01762164746', 'student1478@example.com', '1478', 'Dominique Kihn V', '01762164746', 'student1479@example.com', '1479', 'Aunt', 1, 35, 4, '2025-09-30', 'N/A', NULL, NULL, NULL, '2025-09-16 22:44:52', '2025-09-29 04:31:47'),
(297, 'Jessy', 'Ward', '1983-02-06', 'Male', 'O-', 'Buddhist', 'Bangladeshi', '1481', '01762164746', 'student1482@example.com', '$2y$12$A89CtOeygv5tBRG8I47xfunyF1yjM3XxUb12BObHA.wK5mE62w52G', '1900 Robel Pines\nChandlerstad, PA 78943', 'Apt. 273', 'Jack Ondricka', 'Engineer', '01762164746', 'student1482@example.com', '1482', 'Miss Jaclyn Kshlerin', 'Doctor', '01762164746', 'student1483@example.com', '1483', 'Judson Bartoletti', '01762164746', 'student1484@example.com', '1484', 'Uncle', 1, 30, 10, '2025-09-30', 'N/A', NULL, NULL, NULL, '2025-09-16 22:44:52', '2025-09-29 04:48:52'),
(298, 'Sarai', 'Kirlin', '1972-06-22', 'Other', 'O-', 'Other', 'Bangladeshi', '1486', '01762164746', 'student1487@example.com', '$2y$12$uE33atkggHQMN/dBqOcKAevzxZ2BGeIkRlz5qLigOdu8fzjpXYKDS', '35933 Jordane Ford Suite 965\nPfefferburgh, AZ 72751', 'Apt. 920', 'Dr. Mason Witting', 'Engineer', '01762164746', 'student1487@example.com', '1487', 'Willie Botsford', 'Nurse', '01762164746', 'student1488@example.com', '1488', 'Raphaelle Grimes', '01762164746', 'student1489@example.com', '1489', 'Aunt', 1, 31, 10, '2025-09-30', 'N/A', NULL, NULL, NULL, '2025-09-16 22:44:53', '2025-09-29 04:48:53'),
(299, 'Shayna', 'Connelly', '1977-06-12', 'Female', 'O-', 'Buddhist', 'Bangladeshi', '1491', '01762164746', 'student1492@example.com', '$2y$12$BirJfp7y7n31y9samucID.5pQV6EnQOudqFvNvdO59lHI2QgOwxYG', '2141 Kub Passage\nClarissachester, MT 68148', 'Apt. 493', 'Jeramie Feest', 'Engineer', '01762164746', 'student1492@example.com', '1492', 'Christa Pouros', 'Doctor', '01762164746', 'student1493@example.com', '1493', 'Vergie O\'Hara DDS', '01762164746', 'student1494@example.com', '1494', 'Sister', 1, 21, 12, '2025-09-30', 'N/A', NULL, NULL, NULL, '2025-09-16 22:44:53', '2025-09-29 04:47:23'),
(300, 'Talia', 'Spencer', '1985-03-10', 'Female', 'O-', 'Buddhist', 'Bangladeshi', '1496', '01762164746', 'student1497@example.com', '$2y$12$Mty4G3cuvV2Z7PK305K23.ISNiC5v3QqEhScgXLU3UGhmvK/.Pvwm', '722 Murazik Forge Suite 331\nDachland, IN 80118-7421', 'Apt. 265', 'Malcolm Pfeffer', 'Teacher', '01762164746', 'student1497@example.com', '1497', 'Miss Vernice Farrell', 'Businesswoman', '01762164746', 'student1498@example.com', '1498', 'Miss Kelsi Kemmer DDS', '01762164746', 'student1499@example.com', '1499', 'Grandparent', 1, 27, 5, '2025-09-29', 'N/A', NULL, NULL, NULL, '2025-09-16 22:44:53', '2025-09-29 04:25:00'),
(301, 'Shamim', 'Hossain', '2001-12-31', 'Male', 'A+', 'Islam', 'Bangladeshi', '123456732', '123456232', 'info23@shamim.com', '$2y$12$6Gyrv0pAKKFY9pNI4YmPBONLxFs79TCqQAh3k4i8ZRCyIcvH2E3zS', 'Dhaka', 'Sirajganj', 'Jamsher Ali', 'Farmer', '1234567232', 'father23@gmail.com', '123456789', 'Let-Shofiya Begum', 'Housewife', '123456789', 'mother23@gmail.com', '12345623', 'Jamsher Ali', '123456723', 'guardian@gmail.com', '123456742', 'Father', 1, 1, 1, NULL, NULL, 'std-Shamim-1759145288.png', 'std-Shamim-Jamsher Ali-1759145288.png', 'std-Shamim-Let-Shofiya Begum-1759145288.png', '2025-09-29 11:28:08', '2025-09-29 11:28:08');

-- --------------------------------------------------------

--
-- Table structure for table `student_subjects`
--

CREATE TABLE `student_subjects` (
  `id` bigint(20) UNSIGNED NOT NULL,
  `student_id` bigint(20) UNSIGNED NOT NULL,
  `subject_id` bigint(20) UNSIGNED NOT NULL,
  `created_at` timestamp NULL DEFAULT NULL,
  `updated_at` timestamp NULL DEFAULT NULL
) ENGINE=InnoDB DEFAULT CHARSET=utf8mb4 COLLATE=utf8mb4_unicode_ci;

--
-- Dumping data for table `student_subjects`
--

INSERT INTO `student_subjects` (`id`, `student_id`, `subject_id`, `created_at`, `updated_at`) VALUES
(1, 1, 1, '2025-09-16 22:51:01', '2025-09-16 22:51:01'),
(2, 1, 3, '2025-09-16 22:51:02', '2025-09-16 22:51:02'),
(3, 1, 5, '2025-09-16 22:51:03', '2025-09-16 22:51:03'),
(4, 1, 2, '2025-09-16 22:51:04', '2025-09-16 22:51:04'),
(5, 1, 4, '2025-09-16 22:51:06', '2025-09-16 22:51:06'),
(6, 5, 1, '2025-09-16 22:51:10', '2025-09-16 22:51:10'),
(7, 5, 3, '2025-09-16 22:51:12', '2025-09-16 22:51:12'),
(8, 5, 5, '2025-09-16 22:51:13', '2025-09-16 22:51:13'),
(9, 5, 2, '2025-09-16 22:51:14', '2025-09-16 22:51:14'),
(10, 5, 4, '2025-09-16 22:51:15', '2025-09-16 22:51:15'),
(11, 11, 1, '2025-09-16 22:51:19', '2025-09-16 22:51:19'),
(12, 11, 3, '2025-09-16 22:51:19', '2025-09-16 22:51:19'),
(13, 11, 5, '2025-09-16 22:51:20', '2025-09-16 22:51:20'),
(14, 11, 2, '2025-09-16 22:51:22', '2025-09-16 22:51:22'),
(15, 11, 4, '2025-09-16 22:51:24', '2025-09-16 22:51:24'),
(16, 4, 31, '2025-09-17 05:27:14', '2025-09-17 05:27:14'),
(17, 4, 33, '2025-09-17 05:27:16', '2025-09-17 05:27:16'),
(18, 4, 32, '2025-09-17 05:27:17', '2025-09-17 05:27:17'),
(19, 4, 34, '2025-09-17 05:27:18', '2025-09-17 05:27:18'),
(20, 4, 35, '2025-09-17 05:27:20', '2025-09-17 05:27:20'),
(21, 4, 37, '2025-09-17 05:27:21', '2025-09-17 05:27:21'),
(22, 4, 36, '2025-09-17 05:27:22', '2025-09-17 05:27:22'),
(23, 4, 38, '2025-09-17 05:27:25', '2025-09-17 05:27:25'),
(24, 18, 31, '2025-09-17 05:27:32', '2025-09-17 05:27:32'),
(25, 18, 33, '2025-09-17 05:27:33', '2025-09-17 05:27:33'),
(26, 18, 32, '2025-09-17 05:27:35', '2025-09-17 05:27:35'),
(27, 32, 31, '2025-09-17 05:27:39', '2025-09-17 05:27:39'),
(28, 32, 33, '2025-09-17 05:27:40', '2025-09-17 05:27:40'),
(29, 1, 6, '2025-09-17 05:44:40', '2025-09-17 05:44:40'),
(30, 1, 8, '2025-09-17 05:44:42', '2025-09-17 05:44:42'),
(31, 1, 10, '2025-09-17 05:44:44', '2025-09-17 05:44:44'),
(32, 1, 9, '2025-09-17 05:44:46', '2025-09-17 05:44:46'),
(33, 2, 56, '2025-09-17 05:45:45', '2025-09-17 05:45:45'),
(34, 2, 58, '2025-09-17 05:45:46', '2025-09-17 05:45:46'),
(35, 2, 60, '2025-09-17 05:45:47', '2025-09-17 05:45:47'),
(36, 2, 62, '2025-09-17 05:45:49', '2025-09-17 05:45:49'),
(37, 2, 59, '2025-09-17 05:45:50', '2025-09-17 05:45:50'),
(38, 2, 57, '2025-09-17 05:49:46', '2025-09-17 05:49:46'),
(39, 210, 5, '2025-09-19 06:06:06', '2025-09-19 06:06:06'),
(40, 210, 3, '2025-09-19 06:06:07', '2025-09-19 06:06:07'),
(41, 210, 1, '2025-09-19 06:06:08', '2025-09-19 06:06:08'),
(42, 210, 2, '2025-09-19 06:06:09', '2025-09-19 06:06:09'),
(43, 210, 4, '2025-09-19 06:06:10', '2025-09-19 06:06:10'),
(44, 283, 5, '2025-09-19 06:06:22', '2025-09-19 06:06:22'),
(45, 283, 3, '2025-09-19 06:06:24', '2025-09-19 06:06:24'),
(46, 283, 1, '2025-09-19 06:06:24', '2025-09-19 06:06:24'),
(47, 283, 2, '2025-09-19 06:06:26', '2025-09-19 06:06:26'),
(48, 283, 4, '2025-09-19 06:06:27', '2025-09-19 06:06:27'),
(49, 267, 5, '2025-09-19 06:06:32', '2025-09-19 06:06:32'),
(50, 267, 3, '2025-09-19 06:06:33', '2025-09-19 06:06:33'),
(51, 267, 1, '2025-09-19 06:06:34', '2025-09-19 06:06:34'),
(52, 267, 2, '2025-09-19 06:06:35', '2025-09-19 06:06:35'),
(53, 267, 4, '2025-09-19 06:06:36', '2025-09-19 06:06:36'),
(54, 61, 11, '2025-09-28 13:08:00', '2025-09-28 13:08:00'),
(55, 61, 13, '2025-09-28 13:08:01', '2025-09-28 13:08:01'),
(56, 61, 15, '2025-09-28 13:08:01', '2025-09-28 13:08:01'),
(57, 61, 12, '2025-09-28 13:08:03', '2025-09-28 13:08:03'),
(58, 61, 14, '2025-09-28 13:08:04', '2025-09-28 13:08:04'),
(59, 61, 16, '2025-09-28 13:08:05', '2025-09-28 13:08:05'),
(60, 90, 11, '2025-09-28 13:08:08', '2025-09-28 13:08:08'),
(61, 90, 13, '2025-09-28 13:08:09', '2025-09-28 13:08:09'),
(62, 90, 15, '2025-09-28 13:08:10', '2025-09-28 13:08:10'),
(63, 90, 12, '2025-09-28 13:08:11', '2025-09-28 13:08:11'),
(64, 90, 14, '2025-09-28 13:08:12', '2025-09-28 13:08:12'),
(65, 90, 16, '2025-09-28 13:08:13', '2025-09-28 13:08:13'),
(66, 101, 11, '2025-09-28 13:08:19', '2025-09-28 13:08:19'),
(67, 101, 13, '2025-09-28 13:08:20', '2025-09-28 13:08:20'),
(68, 101, 15, '2025-09-28 13:08:20', '2025-09-28 13:08:20'),
(69, 101, 12, '2025-09-28 13:08:22', '2025-09-28 13:08:22'),
(70, 101, 14, '2025-09-28 13:08:22', '2025-09-28 13:08:22'),
(71, 101, 16, '2025-09-28 13:08:23', '2025-09-28 13:08:23'),
(72, 109, 12, '2025-09-28 13:08:26', '2025-09-28 13:08:26'),
(73, 109, 14, '2025-09-28 13:08:27', '2025-09-28 13:08:27'),
(74, 109, 15, '2025-09-28 13:08:29', '2025-09-28 13:08:29'),
(75, 109, 16, '2025-09-28 13:08:30', '2025-09-28 13:08:30'),
(76, 109, 13, '2025-09-28 13:08:31', '2025-09-28 13:08:31'),
(77, 109, 11, '2025-09-28 13:08:32', '2025-09-28 13:08:32'),
(78, 6, 1, '2025-09-29 10:45:22', '2025-09-29 10:45:22'),
(79, 6, 3, '2025-09-29 10:45:23', '2025-09-29 10:45:23'),
(80, 6, 5, '2025-09-29 10:45:24', '2025-09-29 10:45:24'),
(81, 6, 2, '2025-09-29 10:45:25', '2025-09-29 10:45:25'),
(82, 6, 4, '2025-09-29 10:45:25', '2025-09-29 10:45:25'),
(83, 203, 3, '2025-09-29 10:48:05', '2025-09-29 10:48:05'),
(84, 203, 1, '2025-09-29 10:48:07', '2025-09-29 10:48:07'),
(85, 203, 5, '2025-09-29 10:48:08', '2025-09-29 10:48:08'),
(86, 203, 4, '2025-09-29 10:48:09', '2025-09-29 10:48:09'),
(87, 203, 2, '2025-09-29 10:48:10', '2025-09-29 10:48:10'),
(88, 198, 1, '2025-09-29 10:48:15', '2025-09-29 10:48:15'),
(89, 198, 3, '2025-09-29 10:48:16', '2025-09-29 10:48:16'),
(90, 198, 5, '2025-09-29 10:48:17', '2025-09-29 10:48:17'),
(91, 198, 4, '2025-09-29 10:48:18', '2025-09-29 10:48:18'),
(92, 198, 2, '2025-09-29 10:48:20', '2025-09-29 10:48:20'),
(93, 190, 1, '2025-09-29 10:48:27', '2025-09-29 10:48:27'),
(94, 190, 3, '2025-09-29 10:48:28', '2025-09-29 10:48:28'),
(95, 190, 5, '2025-09-29 10:48:29', '2025-09-29 10:48:29'),
(96, 190, 4, '2025-09-29 10:48:30', '2025-09-29 10:48:30'),
(97, 190, 2, '2025-09-29 10:48:32', '2025-09-29 10:48:32'),
(98, 180, 1, '2025-09-29 10:48:36', '2025-09-29 10:48:36'),
(99, 180, 3, '2025-09-29 10:48:37', '2025-09-29 10:48:37'),
(100, 180, 5, '2025-09-29 10:48:38', '2025-09-29 10:48:38'),
(101, 180, 2, '2025-09-29 10:48:39', '2025-09-29 10:48:39'),
(102, 180, 4, '2025-09-29 10:48:40', '2025-09-29 10:48:40'),
(103, 169, 1, '2025-09-29 10:48:43', '2025-09-29 10:48:43'),
(104, 169, 3, '2025-09-29 10:48:44', '2025-09-29 10:48:44'),
(105, 169, 5, '2025-09-29 10:48:46', '2025-09-29 10:48:46'),
(106, 169, 2, '2025-09-29 10:48:47', '2025-09-29 10:48:47'),
(107, 169, 4, '2025-09-29 10:48:48', '2025-09-29 10:48:48'),
(108, 155, 1, '2025-09-29 10:48:53', '2025-09-29 10:48:53'),
(109, 155, 3, '2025-09-29 10:48:54', '2025-09-29 10:48:54'),
(110, 155, 5, '2025-09-29 10:48:56', '2025-09-29 10:48:56'),
(111, 155, 4, '2025-09-29 10:48:58', '2025-09-29 10:48:58'),
(112, 155, 2, '2025-09-29 10:48:58', '2025-09-29 10:48:58'),
(113, 147, 1, '2025-09-29 10:49:04', '2025-09-29 10:49:04'),
(114, 147, 3, '2025-09-29 10:49:05', '2025-09-29 10:49:05'),
(115, 147, 5, '2025-09-29 10:49:07', '2025-09-29 10:49:07'),
(116, 147, 4, '2025-09-29 10:49:08', '2025-09-29 10:49:08'),
(117, 147, 2, '2025-09-29 10:49:09', '2025-09-29 10:49:09'),
(118, 121, 1, '2025-09-29 10:49:14', '2025-09-29 10:49:14'),
(119, 121, 3, '2025-09-29 10:49:15', '2025-09-29 10:49:15'),
(120, 121, 5, '2025-09-29 10:49:16', '2025-09-29 10:49:16'),
(121, 121, 2, '2025-09-29 10:49:17', '2025-09-29 10:49:17'),
(122, 121, 4, '2025-09-29 10:49:17', '2025-09-29 10:49:17'),
(123, 104, 1, '2025-09-29 10:49:20', '2025-09-29 10:49:20'),
(124, 104, 3, '2025-09-29 10:49:21', '2025-09-29 10:49:21'),
(125, 104, 5, '2025-09-29 10:49:22', '2025-09-29 10:49:22'),
(126, 104, 4, '2025-09-29 10:49:23', '2025-09-29 10:49:23'),
(127, 104, 2, '2025-09-29 10:49:24', '2025-09-29 10:49:24'),
(128, 93, 1, '2025-09-29 10:49:28', '2025-09-29 10:49:28'),
(129, 93, 3, '2025-09-29 10:49:29', '2025-09-29 10:49:29'),
(130, 93, 5, '2025-09-29 10:49:29', '2025-09-29 10:49:29'),
(131, 93, 2, '2025-09-29 10:49:31', '2025-09-29 10:49:31'),
(132, 93, 4, '2025-09-29 10:49:32', '2025-09-29 10:49:32'),
(133, 80, 1, '2025-09-29 10:49:35', '2025-09-29 10:49:35'),
(134, 80, 3, '2025-09-29 10:49:36', '2025-09-29 10:49:36'),
(135, 80, 5, '2025-09-29 10:49:37', '2025-09-29 10:49:37'),
(136, 80, 2, '2025-09-29 10:49:39', '2025-09-29 10:49:39'),
(137, 80, 4, '2025-09-29 10:49:40', '2025-09-29 10:49:40'),
(138, 48, 1, '2025-09-29 10:49:43', '2025-09-29 10:49:43'),
(139, 48, 3, '2025-09-29 10:49:44', '2025-09-29 10:49:44'),
(140, 48, 5, '2025-09-29 10:49:45', '2025-09-29 10:49:45'),
(141, 48, 2, '2025-09-29 10:49:46', '2025-09-29 10:49:46'),
(142, 48, 4, '2025-09-29 10:49:47', '2025-09-29 10:49:47'),
(143, 20, 1, '2025-09-29 10:49:50', '2025-09-29 10:49:50'),
(144, 20, 3, '2025-09-29 10:49:51', '2025-09-29 10:49:51'),
(145, 20, 5, '2025-09-29 10:49:52', '2025-09-29 10:49:52'),
(146, 20, 2, '2025-09-29 10:49:55', '2025-09-29 10:49:55'),
(147, 20, 4, '2025-09-29 10:49:56', '2025-09-29 10:49:56'),
(148, 19, 1, '2025-09-29 10:49:59', '2025-09-29 10:49:59'),
(149, 19, 3, '2025-09-29 10:50:00', '2025-09-29 10:50:00'),
(150, 19, 5, '2025-09-29 10:50:00', '2025-09-29 10:50:00'),
(151, 19, 4, '2025-09-29 10:50:02', '2025-09-29 10:50:02'),
(152, 19, 2, '2025-09-29 10:50:03', '2025-09-29 10:50:03'),
(153, 14, 1, '2025-09-29 10:50:08', '2025-09-29 10:50:08'),
(154, 14, 3, '2025-09-29 10:50:09', '2025-09-29 10:50:09'),
(155, 14, 5, '2025-09-29 10:50:10', '2025-09-29 10:50:10'),
(156, 14, 4, '2025-09-29 10:50:11', '2025-09-29 10:50:11'),
(157, 14, 2, '2025-09-29 10:50:12', '2025-09-29 10:50:12'),
(158, 301, 1, '2025-09-29 11:28:26', '2025-09-29 11:28:26'),
(159, 301, 3, '2025-09-29 11:28:27', '2025-09-29 11:28:27'),
(160, 301, 5, '2025-09-29 11:28:29', '2025-09-29 11:28:29'),
(161, 301, 2, '2025-09-29 11:28:30', '2025-09-29 11:28:30'),
(162, 301, 4, '2025-09-29 11:28:31', '2025-09-29 11:28:31');

-- --------------------------------------------------------

--
-- Table structure for table `subjects`
--

CREATE TABLE `subjects` (
  `id` bigint(20) UNSIGNED NOT NULL,
  `name` varchar(255) NOT NULL,
  `class_id` bigint(20) UNSIGNED NOT NULL,
  `created_at` timestamp NULL DEFAULT NULL,
  `updated_at` timestamp NULL DEFAULT NULL
) ENGINE=InnoDB DEFAULT CHARSET=utf8mb4 COLLATE=utf8mb4_unicode_ci;

--
-- Dumping data for table `subjects`
--

INSERT INTO `subjects` (`id`, `name`, `class_id`, `created_at`, `updated_at`) VALUES
(1, 'Bangla', 1, '2025-09-16 22:43:49', '2025-09-16 22:43:49'),
(2, 'English', 1, '2025-09-16 22:43:49', '2025-09-16 22:43:49'),
(3, 'Mathematics', 1, '2025-09-16 22:43:49', '2025-09-16 22:43:49'),
(4, 'General Knowledge', 1, '2025-09-16 22:43:49', '2025-09-16 22:43:49'),
(5, 'Religion', 1, '2025-09-16 22:43:49', '2025-09-16 22:43:49'),
(6, 'Bangla', 2, '2025-09-16 22:43:49', '2025-09-16 22:43:49'),
(7, 'English', 2, '2025-09-16 22:43:49', '2025-09-16 22:43:49'),
(8, 'Mathematics', 2, '2025-09-16 22:43:49', '2025-09-16 22:43:49'),
(9, 'General Knowledge', 2, '2025-09-16 22:43:49', '2025-09-16 22:43:49'),
(10, 'Religion', 2, '2025-09-16 22:43:49', '2025-09-16 22:43:49'),
(11, 'Bangla', 3, '2025-09-16 22:43:49', '2025-09-16 22:43:49'),
(12, 'English', 3, '2025-09-16 22:43:49', '2025-09-16 22:43:49'),
(13, 'Mathematics', 3, '2025-09-16 22:43:49', '2025-09-16 22:43:49'),
(14, 'Elementary Science', 3, '2025-09-16 22:43:49', '2025-09-16 22:43:49'),
(15, 'General Knowledge', 3, '2025-09-16 22:43:49', '2025-09-16 22:43:49'),
(16, 'Religion', 3, '2025-09-16 22:43:49', '2025-09-16 22:43:49'),
(17, 'Bangla', 4, '2025-09-16 22:43:49', '2025-09-16 22:43:49'),
(18, 'English', 4, '2025-09-16 22:43:49', '2025-09-16 22:43:49'),
(19, 'Mathematics', 4, '2025-09-16 22:43:49', '2025-09-16 22:43:49'),
(20, 'Elementary Science', 4, '2025-09-16 22:43:49', '2025-09-16 22:43:49'),
(21, 'General Knowledge', 4, '2025-09-16 22:43:49', '2025-09-16 22:43:49'),
(22, 'Religion', 4, '2025-09-16 22:43:49', '2025-09-16 22:43:49'),
(23, 'Bangla', 5, '2025-09-16 22:43:49', '2025-09-16 22:43:49'),
(24, 'English', 5, '2025-09-16 22:43:49', '2025-09-16 22:43:49'),
(25, 'Mathematics', 5, '2025-09-16 22:43:49', '2025-09-16 22:43:49'),
(26, 'Bangladesh and Global Studies', 5, '2025-09-16 22:43:49', '2025-09-16 22:43:49'),
(27, 'Science', 5, '2025-09-16 22:43:49', '2025-09-16 22:43:49'),
(28, 'Religion', 5, '2025-09-16 22:43:49', '2025-09-16 22:43:49'),
(29, 'Arts and Crafts', 5, '2025-09-16 22:43:49', '2025-09-16 22:43:49'),
(30, 'Physical Education', 5, '2025-09-16 22:43:49', '2025-09-16 22:43:49'),
(31, 'Bangla', 6, '2025-09-16 22:43:49', '2025-09-16 22:43:49'),
(32, 'English', 6, '2025-09-16 22:43:49', '2025-09-16 22:43:49'),
(33, 'Mathematics', 6, '2025-09-16 22:43:49', '2025-09-16 22:43:49'),
(34, 'Science', 6, '2025-09-16 22:43:49', '2025-09-16 22:43:49'),
(35, 'Bangladesh and Global Studies', 6, '2025-09-16 22:43:49', '2025-09-16 22:43:49'),
(36, 'Religion', 6, '2025-09-16 22:43:49', '2025-09-16 22:43:49'),
(37, 'Arts and Crafts', 6, '2025-09-16 22:43:49', '2025-09-16 22:43:49'),
(38, 'Physical Education', 6, '2025-09-16 22:43:49', '2025-09-16 22:43:49'),
(39, 'Bangla', 7, '2025-09-16 22:43:49', '2025-09-16 22:43:49'),
(40, 'English', 7, '2025-09-16 22:43:49', '2025-09-16 22:43:49'),
(41, 'Mathematics', 7, '2025-09-16 22:43:49', '2025-09-16 22:43:49'),
(42, 'Science', 7, '2025-09-16 22:43:49', '2025-09-16 22:43:49'),
(43, 'Bangladesh and Global Studies', 7, '2025-09-16 22:43:49', '2025-09-16 22:43:49'),
(44, 'Religion', 7, '2025-09-16 22:43:49', '2025-09-16 22:43:49'),
(45, 'Arts and Crafts', 7, '2025-09-16 22:43:49', '2025-09-16 22:43:49'),
(46, 'Physical Education', 7, '2025-09-16 22:43:49', '2025-09-16 22:43:49'),
(47, 'Bangla', 8, '2025-09-16 22:43:49', '2025-09-16 22:43:49'),
(48, 'English', 8, '2025-09-16 22:43:49', '2025-09-16 22:43:49'),
(49, 'Mathematics', 8, '2025-09-16 22:43:49', '2025-09-16 22:43:49'),
(50, 'Science', 8, '2025-09-16 22:43:49', '2025-09-16 22:43:49'),
(51, 'Bangladesh and Global Studies', 8, '2025-09-16 22:43:49', '2025-09-16 22:43:49'),
(52, 'Religion', 8, '2025-09-16 22:43:49', '2025-09-16 22:43:49'),
(53, 'Arts and Crafts', 8, '2025-09-16 22:43:49', '2025-09-16 22:43:49'),
(54, 'Physical Education', 8, '2025-09-16 22:43:49', '2025-09-16 22:43:49'),
(55, 'ICT', 8, '2025-09-16 22:43:49', '2025-09-16 22:43:49'),
(56, 'Bangla', 9, '2025-09-16 22:43:49', '2025-09-16 22:43:49'),
(57, 'English', 9, '2025-09-16 22:43:49', '2025-09-16 22:43:49'),
(58, 'Mathematics', 9, '2025-09-16 22:43:49', '2025-09-16 22:43:49'),
(59, 'Bangladesh and Global Studies', 9, '2025-09-16 22:43:49', '2025-09-16 22:43:49'),
(60, 'Religion', 9, '2025-09-16 22:43:49', '2025-09-16 22:43:49'),
(61, 'ICT', 9, '2025-09-16 22:43:49', '2025-09-16 22:43:49'),
(62, 'Physical Education', 9, '2025-09-16 22:43:49', '2025-09-16 22:43:49'),
(63, 'Physics', 9, '2025-09-16 22:43:49', '2025-09-16 22:43:49'),
(64, 'Chemistry', 9, '2025-09-16 22:43:49', '2025-09-16 22:43:49'),
(65, 'Biology', 9, '2025-09-16 22:43:49', '2025-09-16 22:43:49'),
(66, 'Higher Mathematics', 9, '2025-09-16 22:43:49', '2025-09-16 22:43:49'),
(67, 'Accounting', 9, '2025-09-16 22:43:49', '2025-09-16 22:43:49'),
(68, 'Business Entrepreneurship', 9, '2025-09-16 22:43:50', '2025-09-16 22:43:50'),
(69, 'Finance & Banking', 9, '2025-09-16 22:43:50', '2025-09-16 22:43:50'),
(70, 'History of Bangladesh & World Civilization', 9, '2025-09-16 22:43:50', '2025-09-16 22:43:50'),
(71, 'Civics & Citizenship', 9, '2025-09-16 22:43:50', '2025-09-16 22:43:50'),
(72, 'Geography & Environment', 9, '2025-09-16 22:43:50', '2025-09-16 22:43:50'),
(73, 'Economics', 9, '2025-09-16 22:43:50', '2025-09-16 22:43:50'),
(74, 'Bangla', 10, '2025-09-16 22:43:50', '2025-09-16 22:43:50'),
(75, 'English', 10, '2025-09-16 22:43:50', '2025-09-16 22:43:50'),
(76, 'Mathematics', 10, '2025-09-16 22:43:50', '2025-09-16 22:43:50'),
(77, 'Bangladesh and Global Studies', 10, '2025-09-16 22:43:50', '2025-09-16 22:43:50'),
(78, 'Religion', 10, '2025-09-16 22:43:50', '2025-09-16 22:43:50'),
(79, 'ICT', 10, '2025-09-16 22:43:50', '2025-09-16 22:43:50'),
(80, 'Physical Education', 10, '2025-09-16 22:43:50', '2025-09-16 22:43:50'),
(81, 'Physics', 10, '2025-09-16 22:43:50', '2025-09-16 22:43:50'),
(82, 'Chemistry', 10, '2025-09-16 22:43:50', '2025-09-16 22:43:50'),
(83, 'Biology', 10, '2025-09-16 22:43:50', '2025-09-16 22:43:50'),
(84, 'Higher Mathematics', 10, '2025-09-16 22:43:50', '2025-09-16 22:43:50'),
(85, 'Accounting', 10, '2025-09-16 22:43:50', '2025-09-16 22:43:50'),
(86, 'Business Entrepreneurship', 10, '2025-09-16 22:43:50', '2025-09-16 22:43:50'),
(87, 'Finance & Banking', 10, '2025-09-16 22:43:50', '2025-09-16 22:43:50'),
(88, 'History of Bangladesh & World Civilization', 10, '2025-09-16 22:43:50', '2025-09-16 22:43:50'),
(89, 'Civics & Citizenship', 10, '2025-09-16 22:43:50', '2025-09-16 22:43:50'),
(90, 'Geography & Environment', 10, '2025-09-16 22:43:50', '2025-09-16 22:43:50'),
(91, 'Economics', 10, '2025-09-16 22:43:50', '2025-09-16 22:43:50'),
(92, 'Bangla', 11, '2025-09-16 22:43:50', '2025-09-16 22:43:50'),
(93, 'English', 11, '2025-09-16 22:43:50', '2025-09-16 22:43:50'),
(94, 'ICT', 11, '2025-09-16 22:43:50', '2025-09-16 22:43:50'),
(95, 'Physical Education', 11, '2025-09-16 22:43:50', '2025-09-16 22:43:50'),
(96, 'Physics', 11, '2025-09-16 22:43:50', '2025-09-16 22:43:50'),
(97, 'Chemistry', 11, '2025-09-16 22:43:50', '2025-09-16 22:43:50'),
(98, 'Biology', 11, '2025-09-16 22:43:50', '2025-09-16 22:43:50'),
(99, 'Higher Mathematics', 11, '2025-09-16 22:43:50', '2025-09-16 22:43:50'),
(100, 'Accounting', 11, '2025-09-16 22:43:50', '2025-09-16 22:43:50'),
(101, 'Business Organization & Management', 11, '2025-09-16 22:43:50', '2025-09-16 22:43:50'),
(102, 'Finance, Banking & Insurance', 11, '2025-09-16 22:43:50', '2025-09-16 22:43:50'),
(103, 'Production Management & Marketing', 11, '2025-09-16 22:43:50', '2025-09-16 22:43:50'),
(104, 'Logic', 11, '2025-09-16 22:43:50', '2025-09-16 22:43:50'),
(105, 'History', 11, '2025-09-16 22:43:50', '2025-09-16 22:43:50'),
(106, 'Civics', 11, '2025-09-16 22:43:50', '2025-09-16 22:43:50'),
(107, 'Economics', 11, '2025-09-16 22:43:50', '2025-09-16 22:43:50'),
(108, 'Islamic Studies', 11, '2025-09-16 22:43:50', '2025-09-16 22:43:50'),
(109, 'Sociology', 11, '2025-09-16 22:43:50', '2025-09-16 22:43:50'),
(110, 'Social Work', 11, '2025-09-16 22:43:50', '2025-09-16 22:43:50'),
(111, 'Geography', 11, '2025-09-16 22:43:50', '2025-09-16 22:43:50'),
(112, 'Bangla', 12, '2025-09-16 22:43:50', '2025-09-16 22:43:50'),
(113, 'English', 12, '2025-09-16 22:43:50', '2025-09-16 22:43:50'),
(114, 'ICT', 12, '2025-09-16 22:43:50', '2025-09-16 22:43:50'),
(115, 'Physical Education', 12, '2025-09-16 22:43:50', '2025-09-16 22:43:50'),
(116, 'Physics', 12, '2025-09-16 22:43:50', '2025-09-16 22:43:50'),
(117, 'Chemistry', 12, '2025-09-16 22:43:50', '2025-09-16 22:43:50'),
(118, 'Biology', 12, '2025-09-16 22:43:50', '2025-09-16 22:43:50'),
(119, 'Higher Mathematics', 12, '2025-09-16 22:43:50', '2025-09-16 22:43:50'),
(120, 'Accounting', 12, '2025-09-16 22:43:50', '2025-09-16 22:43:50'),
(121, 'Business Organization & Management', 12, '2025-09-16 22:43:50', '2025-09-16 22:43:50'),
(122, 'Finance, Banking & Insurance', 12, '2025-09-16 22:43:50', '2025-09-16 22:43:50'),
(123, 'Production Management & Marketing', 12, '2025-09-16 22:43:50', '2025-09-16 22:43:50'),
(124, 'Logic', 12, '2025-09-16 22:43:50', '2025-09-16 22:43:50'),
(125, 'History', 12, '2025-09-16 22:43:50', '2025-09-16 22:43:50'),
(126, 'Civics', 12, '2025-09-16 22:43:50', '2025-09-16 22:43:50'),
(127, 'Economics', 12, '2025-09-16 22:43:50', '2025-09-16 22:43:50'),
(128, 'Islamic Studies', 12, '2025-09-16 22:43:50', '2025-09-16 22:43:50'),
(129, 'Sociology', 12, '2025-09-16 22:43:50', '2025-09-16 22:43:50'),
(130, 'Social Work', 12, '2025-09-16 22:43:50', '2025-09-16 22:43:50'),
(131, 'Geography', 12, '2025-09-16 22:43:50', '2025-09-16 22:43:50');

-- --------------------------------------------------------

--
-- Table structure for table `teachers`
--

CREATE TABLE `teachers` (
  `id` bigint(20) UNSIGNED NOT NULL,
  `first_name` varchar(255) NOT NULL,
  `last_name` varchar(255) NOT NULL,
  `dob` date DEFAULT NULL,
  `gender` varchar(255) DEFAULT NULL,
  `blood_group` varchar(255) DEFAULT NULL,
  `national_id` varchar(255) NOT NULL,
  `contact_number` varchar(255) DEFAULT NULL,
  `email` varchar(255) NOT NULL,
  `password` varchar(255) DEFAULT NULL,
  `designation` varchar(255) DEFAULT NULL,
  `address` text DEFAULT NULL,
  `father_name` varchar(255) DEFAULT NULL,
  `father_contact` varchar(255) DEFAULT NULL,
  `mother_name` varchar(255) DEFAULT NULL,
  `mother_contact` varchar(255) DEFAULT NULL,
  `guardian_name` varchar(255) DEFAULT NULL,
  `guardian_contact` varchar(255) DEFAULT NULL,
  `guardian_relationship` varchar(255) DEFAULT NULL,
  `photo` varchar(255) DEFAULT NULL,
  `father_photo` varchar(255) DEFAULT NULL,
  `mother_photo` varchar(255) DEFAULT NULL,
  `status` int(11) NOT NULL DEFAULT 1,
  `remark` varchar(255) DEFAULT NULL,
  `created_at` timestamp NULL DEFAULT NULL,
  `updated_at` timestamp NULL DEFAULT NULL
) ENGINE=InnoDB DEFAULT CHARSET=utf8mb4 COLLATE=utf8mb4_unicode_ci;

--
-- Dumping data for table `teachers`
--

INSERT INTO `teachers` (`id`, `first_name`, `last_name`, `dob`, `gender`, `blood_group`, `national_id`, `contact_number`, `email`, `password`, `designation`, `address`, `father_name`, `father_contact`, `mother_name`, `mother_contact`, `guardian_name`, `guardian_contact`, `guardian_relationship`, `photo`, `father_photo`, `mother_photo`, `status`, `remark`, `created_at`, `updated_at`) VALUES
(1, 'Marty', 'Hahn', '1975-08-22', 'Male', 'A-', '0', '747-489-7773', 'teacher1@example.com', '$2y$12$02PmSpYBlGo75E3ULI5l/e7m6KMx6F3LTArcQ189ShzCxMAVG3ISC', 'Head of Department', '359 Jacobson Centers Apt. 466\r\nPort Rosellamouth, FL 71719-0675', 'Prof. Kip Kuhlman', '+1-629-786-0441', 'Wilma Steuber MD', '312.570.7096', 'Mr. Carlo Harber DVM', '601-229-4012', 'Aunt', 'tch-Marty-1758524180.png', NULL, NULL, 1, 'N/A', '2025-09-16 22:43:21', '2025-09-22 06:56:20'),
(2, 'Amelia', 'Gottlieb', '1981-11-25', 'Male', 'O+', '2', '+15679380496', 'teacher2@example.com', '$2y$12$JbFK7pjYo..CfVgWfoR1nOH7DsVxxZt3QZrbgaw.yHQjLW.vpU4Ga', 'Head of Department', '6588 Harvey Avenue\r\nKemmerhaven, AZ 69044', 'Prof. Shayne Sawayn', '+1.934.375.4250', 'Twila Schultz', '+19046326106', 'Ibrahim Bahringer', '(443) 896-4348', 'Aunt', 'tch-Amelia-1758524165.jpg', NULL, NULL, 1, 'N/A', '2025-09-16 22:43:21', '2025-09-22 06:56:05'),
(3, 'Abigail', 'Rice', '1974-01-31', 'Female', 'B+', '4', '+1.754.841.0610', 'teacher3@example.com', '$2y$12$es2ijEk97.TIqO/.tUjttue8VA0RqlVL7OkGUcZWleOWm/ZHpG5Q2', 'Senior Teacher', '5355 Bruen Hill Suite 876\nNew Earnest, CA 55897', 'Mr. Cordell Dibbert I', '1-541-561-1547', 'Mrs. Nedra Walter I', '605-341-6496', 'Prof. Selena Jaskolski IV', '(737) 914-5505', 'Grandparent', NULL, NULL, NULL, 1, 'N/A', '2025-09-16 22:43:21', '2025-09-16 22:43:21'),
(4, 'Bryon', 'Ebert', '1986-11-22', 'Male', 'B-', '6', '920-550-4844', 'teacher4@example.com', '$2y$12$qHFD0ogkLqxwtPoY7MT01ufFFjOVx/5PqFPMmOUlS9IZdi59DehXG', 'Head of Department', '69062 Vincent Lodge\nLake Althea, FL 77270', 'Prof. Ed VonRueden I', '1-754-785-2118', 'Kaela Paucek', '+1-515-669-7638', 'Malvina Ryan', '+19259159704', 'Brother', NULL, NULL, NULL, 1, 'N/A', '2025-09-16 22:43:21', '2025-09-16 22:43:21'),
(5, 'Alfredo', 'Daniel', '1987-09-19', 'Other', 'O+', '8', '(916) 381-6526', 'teacher5@example.com', '$2y$12$yybEqPMp1Ue3cVMFH4QCtudmWj/SokRAx6dv4U2/2WSvg6T9fBlOC', 'Assistant Professor', '2244 Sauer Heights\nKyliefurt, MA 94514-8154', 'Ulises Baumbach', '(612) 219-0837', 'Bethel D\'Amore', '+1.339.700.3291', 'Dr. Rickey Jakubowski', '+1 (442) 322-9656', 'Uncle', NULL, NULL, NULL, 1, 'N/A', '2025-09-16 22:43:21', '2025-09-16 22:43:21'),
(6, 'Katheryn', 'Jakubowski', '1978-11-18', 'Other', 'A+', '10', '1-781-615-1431', 'teacher6@example.com', '$2y$12$zsKUVnmaCnBpE9TNrLkDPOoravXIjFbq04jQqV0ZEYTOdI8mqem02', 'Senior Teacher', '73157 Legros River Apt. 041\nOdaview, OR 77346', 'Delmer Lesch', '1-480-446-1666', 'Mrs. Lilly Sipes', '732.391.8885', 'Noah Leannon', '337.847.7240', 'Uncle', NULL, NULL, NULL, 1, 'N/A', '2025-09-16 22:43:22', '2025-09-16 22:43:22'),
(7, 'Delmer', 'Mohr', '1989-11-10', 'Male', 'A+', '12', '+1-865-968-5169', 'teacher7@example.com', '$2y$12$uv7LmX9kISHGvNWjpO2DV.hxuuMsK6Xe5mK9HypDoKo5HbZFuRS7e', 'Lecturer', '380 Schinner Island Suite 569\nNew Isabella, NY 73732-4500', 'Jovani Goldner', '+1.762.416.6933', 'Katelyn Borer III', '769-308-4064', 'Mrs. Vesta Gleason', '(901) 698-2592', 'Sister', NULL, NULL, NULL, 1, 'N/A', '2025-09-16 22:43:22', '2025-09-16 22:43:22'),
(8, 'Ethyl', 'Collier', '1986-11-26', 'Male', 'AB+', '14', '+1.715.521.0327', 'teacher8@example.com', '$2y$12$22SCx.qSuFVN/urkzTP2tunyY9rlvI2Uu./AMxUikBvng0bNAqpeq', 'Senior Teacher', '15091 Schumm Wall\nYesenialand, TX 36157', 'Monserrat Huel', '+1-754-713-6897', 'Stephania Leannon', '+1.747.445.4180', 'Jesse Bahringer I', '269-901-9732', 'Aunt', NULL, NULL, NULL, 1, 'N/A', '2025-09-16 22:43:22', '2025-09-16 22:43:22'),
(9, 'Ivy', 'Mills', '1984-06-14', 'Female', 'AB+', '16', '(680) 859-2074', 'teacher9@example.com', '$2y$12$BjONKo4PHu8ECumxrWVzUOgl8Ds5XAer0AcsRkQDbn0Epx9mnsUNe', 'Lecturer', '69408 Ivah Tunnel\nPort Josuemouth, AR 80342-6833', 'Marlon Weissnat', '+1.360.726.3408', 'Sarai Hackett MD', '845-774-4050', 'Merl Walker', '(754) 563-1307', 'Brother', NULL, NULL, NULL, 1, 'N/A', '2025-09-16 22:43:22', '2025-09-16 22:43:22'),
(10, 'Toni', 'Jacobson', '1976-11-25', 'Other', 'O-', '18', '+15593932782', 'teacher10@example.com', '$2y$12$1idxUZgflMvlPHL2dOBJPuvIo6Nl0Up3crPUxSn.9cTAOdiTk9FFS', 'Assistant Professor', '751 Eugene Fort Apt. 960\nRussbury, ND 90005', 'Kian Zboncak', '606-393-2698', 'Candida Walsh', '+1 (504) 493-2034', 'Warren Tillman', '+1-678-743-0523', 'Aunt', NULL, NULL, NULL, 1, 'N/A', '2025-09-16 22:43:22', '2025-09-16 22:43:22'),
(11, 'Alexandrea', 'Brakus', '1974-08-07', 'Other', 'AB+', '20', '(612) 346-7507', 'teacher11@example.com', '$2y$12$bzhBfOZxk2LEDy5b6knN0.Flngt6wLrWfQJyCuJNdRC41KrKnfKaa', 'Head of Department', '107 Kadin Meadow Suite 449\nHillsberg, SD 09326', 'Joaquin Hegmann Jr.', '283-489-3579', 'Jennifer Paucek', '276.281.7126', 'Dr. Citlalli Halvorson', '+1 (305) 870-9700', 'Brother', NULL, NULL, NULL, 1, 'N/A', '2025-09-16 22:43:23', '2025-09-16 22:43:23'),
(12, 'Lisa', 'Windler', '1989-12-21', 'Male', 'A-', '22', '(662) 868-4355', 'teacher12@example.com', '$2y$12$zYcsCC8d94VbM1/2KCyH..V3px/W9HreGHyL9hrB0/6Vz0g88.pWe', 'Lecturer', '897 Carter Stream Apt. 948\nAndersonburgh, NY 59501-5873', 'Prof. Arturo Kessler', '760-468-7399', 'Prof. Abbigail Hackett', '732.825.6725', 'Retta Daniel V', '(559) 833-4632', 'Sister', NULL, NULL, NULL, 1, 'N/A', '2025-09-16 22:43:23', '2025-09-16 22:43:23'),
(13, 'Liliane', 'Kris', '1985-06-04', 'Female', 'B+', '24', '+1 (765) 593-0247', 'teacher13@example.com', '$2y$12$gtT3WGpqRGLIdCeBy8FBmeemnyfC4mLt8dbQmkWcVvZ1NotbUjKvi', 'Head of Department', '261 Mraz Course Suite 182\nSouth Creolaville, MA 28527-9342', 'Moses Kling', '224-949-2286', 'Dr. Susanna Kemmer PhD', '(424) 971-7227', 'Cristal Reinger', '+1-614-864-3114', 'Brother', NULL, NULL, NULL, 1, 'N/A', '2025-09-16 22:43:23', '2025-09-16 22:43:23'),
(14, 'Steve', 'Considine', '1982-04-03', 'Other', 'AB-', '26', '225.217.7027', 'teacher14@example.com', '$2y$12$SE82xV8R1FXjW8Ktxe5hYe0yPbrcB6xWLo2/EgAbmwMKRhMOaNt9e', 'Head of Department', '278 Purdy Forest\nGeovannyport, ID 86824', 'Donald Bailey', '858-975-6488', 'Kathryn Ankunding', '+18603620870', 'Reece Kuhn', '1-682-663-3211', 'Brother', NULL, NULL, NULL, 1, 'N/A', '2025-09-16 22:43:23', '2025-09-16 22:43:23'),
(15, 'Roosevelt', 'Gaylord', '1974-03-11', 'Other', 'A+', '28', '774-281-2092', 'teacher15@example.com', '$2y$12$8iQP3eOERsTMaslJtC3IQ.c21Qtl6QzqfBML.UirjpS07Fr6u6Tu6', 'Lecturer', '32633 Wiza Orchard\nNorth Odiestad, AZ 79672-8978', 'Cyrus Herman III', '+14424583613', 'Nova Bernier', '+1.484.965.8184', 'Sarina Schultz III', '223-941-2426', 'Uncle', NULL, NULL, NULL, 1, 'N/A', '2025-09-16 22:43:23', '2025-09-16 22:43:23');

-- --------------------------------------------------------

--
-- Table structure for table `users`
--

CREATE TABLE `users` (
  `id` bigint(20) UNSIGNED NOT NULL,
  `name` varchar(255) NOT NULL,
  `email` varchar(255) NOT NULL,
  `email_verified_at` timestamp NULL DEFAULT NULL,
  `password` varchar(255) NOT NULL,
  `remember_token` varchar(100) DEFAULT NULL,
  `created_at` timestamp NULL DEFAULT NULL,
  `updated_at` timestamp NULL DEFAULT NULL
) ENGINE=InnoDB DEFAULT CHARSET=utf8mb4 COLLATE=utf8mb4_unicode_ci;

--
-- Indexes for dumped tables
--

--
-- Indexes for table `attendances`
--
ALTER TABLE `attendances`
  ADD PRIMARY KEY (`id`),
  ADD UNIQUE KEY `attendances_student_id_attendance_date_unique` (`student_id`,`attendance_date`),
  ADD KEY `attendances_class_id_foreign` (`class_id`);

--
-- Indexes for table `exams`
--
ALTER TABLE `exams`
  ADD PRIMARY KEY (`id`),
  ADD KEY `exams_class_id_foreign` (`class_id`),
  ADD KEY `exams_subject_id_foreign` (`subject_id`);

--
-- Indexes for table `exam_names`
--
ALTER TABLE `exam_names`
  ADD PRIMARY KEY (`id`);

--
-- Indexes for table `failed_jobs`
--
ALTER TABLE `failed_jobs`
  ADD PRIMARY KEY (`id`),
  ADD UNIQUE KEY `failed_jobs_uuid_unique` (`uuid`);

--
-- Indexes for table `fee_categories`
--
ALTER TABLE `fee_categories`
  ADD PRIMARY KEY (`id`);

--
-- Indexes for table `fee_payments`
--
ALTER TABLE `fee_payments`
  ADD PRIMARY KEY (`id`),
  ADD KEY `fee_payments_student_id_foreign` (`student_id`),
  ADD KEY `fee_payments_fee_structure_id_foreign` (`fee_structure_id`);

--
-- Indexes for table `fee_structures`
--
ALTER TABLE `fee_structures`
  ADD PRIMARY KEY (`id`),
  ADD UNIQUE KEY `fee_structures_class_id_fee_cat_id_unique` (`class_id`,`fee_cat_id`),
  ADD KEY `fee_structures_fee_cat_id_foreign` (`fee_cat_id`);

--
-- Indexes for table `marks`
--
ALTER TABLE `marks`
  ADD PRIMARY KEY (`id`),
  ADD KEY `marks_student_id_foreign` (`student_id`),
  ADD KEY `marks_subject_id_foreign` (`subject_id`),
  ADD KEY `marks_exam_id_foreign` (`exam_id`);

--
-- Indexes for table `migrations`
--
ALTER TABLE `migrations`
  ADD PRIMARY KEY (`id`);

--
-- Indexes for table `password_resets`
--
ALTER TABLE `password_resets`
  ADD KEY `password_resets_email_index` (`email`);

--
-- Indexes for table `password_reset_tokens`
--
ALTER TABLE `password_reset_tokens`
  ADD PRIMARY KEY (`email`);

--
-- Indexes for table `personal_access_tokens`
--
ALTER TABLE `personal_access_tokens`
  ADD PRIMARY KEY (`id`),
  ADD UNIQUE KEY `personal_access_tokens_token_unique` (`token`),
  ADD KEY `personal_access_tokens_tokenable_type_tokenable_id_index` (`tokenable_type`,`tokenable_id`);

--
-- Indexes for table `rooms`
--
ALTER TABLE `rooms`
  ADD PRIMARY KEY (`id`),
  ADD KEY `rooms_class_teacher_id_foreign` (`class_teacher_id`);

--
-- Indexes for table `students`
--
ALTER TABLE `students`
  ADD PRIMARY KEY (`id`),
  ADD UNIQUE KEY `students_email_unique` (`email`),
  ADD KEY `students_class_id_foreign` (`class_id`);

--
-- Indexes for table `student_subjects`
--
ALTER TABLE `student_subjects`
  ADD PRIMARY KEY (`id`),
  ADD UNIQUE KEY `student_subjects_student_id_subject_id_unique` (`student_id`,`subject_id`),
  ADD KEY `student_subjects_subject_id_foreign` (`subject_id`);

--
-- Indexes for table `subjects`
--
ALTER TABLE `subjects`
  ADD PRIMARY KEY (`id`),
  ADD KEY `subjects_class_id_foreign` (`class_id`);

--
-- Indexes for table `teachers`
--
ALTER TABLE `teachers`
  ADD PRIMARY KEY (`id`),
  ADD UNIQUE KEY `teachers_national_id_unique` (`national_id`),
  ADD UNIQUE KEY `teachers_email_unique` (`email`);

--
-- Indexes for table `users`
--
ALTER TABLE `users`
  ADD PRIMARY KEY (`id`),
  ADD UNIQUE KEY `users_email_unique` (`email`);

--
-- AUTO_INCREMENT for dumped tables
--

--
-- AUTO_INCREMENT for table `attendances`
--
ALTER TABLE `attendances`
  MODIFY `id` bigint(20) UNSIGNED NOT NULL AUTO_INCREMENT, AUTO_INCREMENT=608;

--
-- AUTO_INCREMENT for table `exams`
--
ALTER TABLE `exams`
  MODIFY `id` bigint(20) UNSIGNED NOT NULL AUTO_INCREMENT, AUTO_INCREMENT=12;

--
-- AUTO_INCREMENT for table `exam_names`
--
ALTER TABLE `exam_names`
  MODIFY `id` bigint(20) UNSIGNED NOT NULL AUTO_INCREMENT;

--
-- AUTO_INCREMENT for table `failed_jobs`
--
ALTER TABLE `failed_jobs`
  MODIFY `id` bigint(20) UNSIGNED NOT NULL AUTO_INCREMENT;

--
-- AUTO_INCREMENT for table `fee_categories`
--
ALTER TABLE `fee_categories`
  MODIFY `id` bigint(20) UNSIGNED NOT NULL AUTO_INCREMENT, AUTO_INCREMENT=11;

--
-- AUTO_INCREMENT for table `fee_payments`
--
ALTER TABLE `fee_payments`
  MODIFY `id` bigint(20) UNSIGNED NOT NULL AUTO_INCREMENT, AUTO_INCREMENT=17;

--
-- AUTO_INCREMENT for table `fee_structures`
--
ALTER TABLE `fee_structures`
  MODIFY `id` bigint(20) UNSIGNED NOT NULL AUTO_INCREMENT, AUTO_INCREMENT=22;

--
-- AUTO_INCREMENT for table `marks`
--
ALTER TABLE `marks`
  MODIFY `id` bigint(20) UNSIGNED NOT NULL AUTO_INCREMENT, AUTO_INCREMENT=164;

--
-- AUTO_INCREMENT for table `migrations`
--
ALTER TABLE `migrations`
  MODIFY `id` int(10) UNSIGNED NOT NULL AUTO_INCREMENT, AUTO_INCREMENT=56;

--
-- AUTO_INCREMENT for table `personal_access_tokens`
--
ALTER TABLE `personal_access_tokens`
  MODIFY `id` bigint(20) UNSIGNED NOT NULL AUTO_INCREMENT;

--
-- AUTO_INCREMENT for table `rooms`
--
ALTER TABLE `rooms`
  MODIFY `id` bigint(20) UNSIGNED NOT NULL AUTO_INCREMENT, AUTO_INCREMENT=16;

--
-- AUTO_INCREMENT for table `students`
--
ALTER TABLE `students`
  MODIFY `id` bigint(20) UNSIGNED NOT NULL AUTO_INCREMENT, AUTO_INCREMENT=302;

--
-- AUTO_INCREMENT for table `student_subjects`
--
ALTER TABLE `student_subjects`
  MODIFY `id` bigint(20) UNSIGNED NOT NULL AUTO_INCREMENT, AUTO_INCREMENT=163;

--
-- AUTO_INCREMENT for table `subjects`
--
ALTER TABLE `subjects`
  MODIFY `id` bigint(20) UNSIGNED NOT NULL AUTO_INCREMENT, AUTO_INCREMENT=132;

--
-- AUTO_INCREMENT for table `teachers`
--
ALTER TABLE `teachers`
  MODIFY `id` bigint(20) UNSIGNED NOT NULL AUTO_INCREMENT, AUTO_INCREMENT=16;

--
-- AUTO_INCREMENT for table `users`
--
ALTER TABLE `users`
  MODIFY `id` bigint(20) UNSIGNED NOT NULL AUTO_INCREMENT;

--
-- Constraints for dumped tables
--

--
-- Constraints for table `attendances`
--
ALTER TABLE `attendances`
  ADD CONSTRAINT `attendances_class_id_foreign` FOREIGN KEY (`class_id`) REFERENCES `rooms` (`id`),
  ADD CONSTRAINT `attendances_student_id_foreign` FOREIGN KEY (`student_id`) REFERENCES `students` (`id`);

--
-- Constraints for table `exams`
--
ALTER TABLE `exams`
  ADD CONSTRAINT `exams_class_id_foreign` FOREIGN KEY (`class_id`) REFERENCES `rooms` (`id`),
  ADD CONSTRAINT `exams_subject_id_foreign` FOREIGN KEY (`subject_id`) REFERENCES `subjects` (`id`);

--
-- Constraints for table `fee_payments`
--
ALTER TABLE `fee_payments`
  ADD CONSTRAINT `fee_payments_fee_structure_id_foreign` FOREIGN KEY (`fee_structure_id`) REFERENCES `fee_structures` (`id`),
  ADD CONSTRAINT `fee_payments_student_id_foreign` FOREIGN KEY (`student_id`) REFERENCES `students` (`id`);

--
-- Constraints for table `fee_structures`
--
ALTER TABLE `fee_structures`
  ADD CONSTRAINT `fee_structures_class_id_foreign` FOREIGN KEY (`class_id`) REFERENCES `rooms` (`id`),
  ADD CONSTRAINT `fee_structures_fee_cat_id_foreign` FOREIGN KEY (`fee_cat_id`) REFERENCES `fee_categories` (`id`);

--
-- Constraints for table `marks`
--
ALTER TABLE `marks`
  ADD CONSTRAINT `marks_exam_id_foreign` FOREIGN KEY (`exam_id`) REFERENCES `exams` (`id`),
  ADD CONSTRAINT `marks_student_id_foreign` FOREIGN KEY (`student_id`) REFERENCES `students` (`id`),
  ADD CONSTRAINT `marks_subject_id_foreign` FOREIGN KEY (`subject_id`) REFERENCES `subjects` (`id`);

--
-- Constraints for table `rooms`
--
ALTER TABLE `rooms`
  ADD CONSTRAINT `rooms_class_teacher_id_foreign` FOREIGN KEY (`class_teacher_id`) REFERENCES `teachers` (`id`);

--
-- Constraints for table `students`
--
ALTER TABLE `students`
  ADD CONSTRAINT `students_class_id_foreign` FOREIGN KEY (`class_id`) REFERENCES `rooms` (`id`);

--
-- Constraints for table `student_subjects`
--
ALTER TABLE `student_subjects`
  ADD CONSTRAINT `student_subjects_student_id_foreign` FOREIGN KEY (`student_id`) REFERENCES `students` (`id`),
  ADD CONSTRAINT `student_subjects_subject_id_foreign` FOREIGN KEY (`subject_id`) REFERENCES `subjects` (`id`);

--
-- Constraints for table `subjects`
--
ALTER TABLE `subjects`
  ADD CONSTRAINT `subjects_class_id_foreign` FOREIGN KEY (`class_id`) REFERENCES `rooms` (`id`);
COMMIT;

/*!40101 SET CHARACTER_SET_CLIENT=@OLD_CHARACTER_SET_CLIENT */;
/*!40101 SET CHARACTER_SET_RESULTS=@OLD_CHARACTER_SET_RESULTS */;
/*!40101 SET COLLATION_CONNECTION=@OLD_COLLATION_CONNECTION */;
